subject,context_k,condition,target,n_repeats,pearson,spearman,mae,mean_pairs_per_repeat
sub-ccepAgeUMCU01,3,global,early,20,0.14382313143147923,0.2177675694852363,1.5117109410018923,8512.3
sub-ccepAgeUMCU01,3,global,late,20,0.11220206366435306,0.22331747036874217,1.0598087134380016,8512.3
sub-ccepAgeUMCU01,3,node,early,20,0.1446411091077566,0.21913207476594881,1.5516776527842617,8512.3
sub-ccepAgeUMCU01,3,node,late,20,0.14010685424760516,0.3343959500258157,1.093001602090014,8512.3
sub-ccepAgeUMCU01,3,population,early,20,0.14382312967550082,0.21776753571885782,1.5471443754382295,8512.3
sub-ccepAgeUMCU01,3,population,late,20,0.11220206349194788,0.22331745080496948,1.018798922522764,8512.3
sub-ccepAgeUMCU01,3,relation,early,20,0.14073454985506653,0.2316700628674842,1.4974131157553987,8512.3
sub-ccepAgeUMCU01,3,relation,late,20,0.14325818124231146,0.3563657862339288,0.9815852518033743,8512.3
sub-ccepAgeUMCU01,3,relation_perm,early,20,0.1374345434431418,0.21679670074293442,1.5770797447079459,8512.3
sub-ccepAgeUMCU01,3,relation_perm,late,20,0.1387481298447105,0.3324579948235537,1.0466612915246087,8512.3
sub-ccepAgeUMCU01,5,global,early,20,0.1426645943375945,0.21882430785525217,1.518048328816834,8312.9
sub-ccepAgeUMCU01,5,global,late,20,0.10966682898738896,0.2217631695010976,1.0459096673405086,8312.9
sub-ccepAgeUMCU01,5,node,early,20,0.14647730597651662,0.23288497443203693,1.541200368717813,8312.9
sub-ccepAgeUMCU01,5,node,late,20,0.13842641458901753,0.34094888403430545,1.0476825252120896,8312.9
sub-ccepAgeUMCU01,5,population,early,20,0.14266459185860167,0.21882427714884461,1.562823885482457,8312.9
sub-ccepAgeUMCU01,5,population,late,20,0.10966682899352213,0.22176315233164856,1.0225967468657382,8312.9
sub-ccepAgeUMCU01,5,relation,early,20,0.14232073612828203,0.2424197765972947,1.469999411833879,8312.9
sub-ccepAgeUMCU01,5,relation,late,20,0.1368038814491576,0.36629610678787405,0.9603681709829897,8312.9
sub-ccepAgeUMCU01,5,relation_perm,early,20,0.13839508928163566,0.21812282239394767,1.595636357090562,8312.9
sub-ccepAgeUMCU01,5,relation_perm,late,20,0.13902206790085908,0.33431067123443897,1.0088611706756359,8312.9
sub-ccepAgeUMCU01,10,global,early,20,0.17147849557101572,0.21577287523457728,1.4491173460959779,7818.1
sub-ccepAgeUMCU01,10,global,late,20,0.12145669146996325,0.22231129010129558,1.024476782817556,7818.1
sub-ccepAgeUMCU01,10,node,early,20,0.17911799834868514,0.2312987653689706,1.4378235777027673,7818.1
sub-ccepAgeUMCU01,10,node,late,20,0.15935216838819757,0.36134267909113676,0.9850549135154703,7818.1
sub-ccepAgeUMCU01,10,population,early,20,0.17147849425598455,0.2157728534953105,1.509119778934446,7818.1
sub-ccepAgeUMCU01,10,population,late,20,0.12145669173425647,0.22231127170547732,1.0038222640047976,7818.1
sub-ccepAgeUMCU01,10,relation,early,20,0.1821118470415311,0.24032899932400764,1.3842666479855126,7818.1
sub-ccepAgeUMCU01,10,relation,late,20,0.153769092218993,0.3879996014763297,0.9094623718059257,7818.1
sub-ccepAgeUMCU01,10,relation_perm,early,20,0.17639888749399313,0.21431708367231234,1.5213177044624104,7818.1
sub-ccepAgeUMCU01,10,relation_perm,late,20,0.15533936351450667,0.36376492600708266,0.9593764383701364,7818.1
sub-ccepAgeUMCU02,3,global,early,20,0.4104722187510924,0.41047498915994557,0.7015801776196223,5394.85
sub-ccepAgeUMCU02,3,global,late,20,0.2625951201538117,0.2784471311393557,0.6444826426327036,5394.85
sub-ccepAgeUMCU02,3,node,early,20,0.3652720167528198,0.332862466275336,0.8068496917205857,5394.85
sub-ccepAgeUMCU02,3,node,late,20,0.21977615476297055,0.21834967795414842,0.721333981693958,5394.85
sub-ccepAgeUMCU02,3,population,early,20,0.4104722186861579,0.41047493089266524,0.6949454668848192,5394.85
sub-ccepAgeUMCU02,3,population,late,20,0.2625951152006393,0.27844714570699924,0.6435968662665346,5394.85
sub-ccepAgeUMCU02,3,relation,early,20,0.4157570466109046,0.37263024032524605,0.7212140170358029,5394.85
sub-ccepAgeUMCU02,3,relation,late,20,0.26382435084833544,0.2578219152247402,0.6581564144816697,5394.85
sub-ccepAgeUMCU02,3,relation_perm,early,20,0.39069925855416576,0.3413948276526568,0.77404322636026,5394.85
sub-ccepAgeUMCU02,3,relation_perm,late,20,0.24166581808534,0.23100503086789406,0.6880642666818424,5394.85
sub-ccepAgeUMCU02,5,global,early,20,0.40871846668537487,0.41147506041029447,0.6963686891051956,5228.75
sub-ccepAgeUMCU02,5,global,late,20,0.26691096404442216,0.2805022817546092,0.6289962347906368,5228.75
sub-ccepAgeUMCU02,5,node,early,20,0.40488231113835066,0.36591023182005833,0.7383653434886115,5228.75
sub-ccepAgeUMCU02,5,node,late,20,0.24803126485010915,0.23425545356463573,0.6706131376312932,5228.75
sub-ccepAgeUMCU02,5,population,early,20,0.4087184669877345,0.4114750023480992,0.694497913932125,5228.75
sub-ccepAgeUMCU02,5,population,late,20,0.26691096104454726,0.28050229491317724,0.6399101778571392,5228.75
sub-ccepAgeUMCU02,5,relation,early,20,0.4452312823066424,0.4073682755995562,0.6841755196499923,5228.75
sub-ccepAgeUMCU02,5,relation,late,20,0.31230083895986577,0.3021005635229276,0.6162155439046226,5228.75
sub-ccepAgeUMCU02,5,relation_perm,early,20,0.4128518001815055,0.36350451312330473,0.7488948262088417,5228.75
sub-ccepAgeUMCU02,5,relation_perm,late,20,0.2799753434729556,0.2536826642846949,0.6541840482829456,5228.75
sub-ccepAgeUMCU02,10,global,early,20,0.4082832806220572,0.4103440749028061,0.6873197680167552,4813.35
sub-ccepAgeUMCU02,10,global,late,20,0.2614071858691092,0.27677724487142513,0.62668572398603,4813.35
sub-ccepAgeUMCU02,10,node,early,20,0.4214701463121523,0.40447711315169227,0.6965968993844441,4813.35
sub-ccepAgeUMCU02,10,node,late,20,0.2607371402286264,0.2502423868796043,0.6361856192641232,4813.35
sub-ccepAgeUMCU02,10,population,early,20,0.40828328131633806,0.4103440006154865,0.6967859726687694,4813.35
sub-ccepAgeUMCU02,10,population,late,20,0.2614071833011885,0.2767772627333402,0.6481813081030212,4813.35
sub-ccepAgeUMCU02,10,relation,early,20,0.46627173041251047,0.44202027635327035,0.6645566622456311,4813.35
sub-ccepAgeUMCU02,10,relation,late,20,0.327788057284277,0.32693681343648906,0.6036538210807246,4813.35
sub-ccepAgeUMCU02,10,relation_perm,early,20,0.43452651925492825,0.4013580785419152,0.7292676507783449,4813.35
sub-ccepAgeUMCU02,10,relation_perm,late,20,0.3108867965872796,0.29233092440564634,0.6288738548248309,4813.35
sub-ccepAgeUMCU03,3,global,early,20,0.03711695193953893,0.3331740922677598,174.61750453423184,4080.75
sub-ccepAgeUMCU03,3,global,late,20,0.03678736124646943,0.21102468285454817,202.67687271056656,4080.75
sub-ccepAgeUMCU03,3,node,early,20,0.04116579600115203,0.3141909766143619,174.7273858375258,4080.75
sub-ccepAgeUMCU03,3,node,late,20,0.03386003811506008,0.21036958704247585,202.7605997487732,4080.75
sub-ccepAgeUMCU03,3,population,early,20,0.03711695074286951,0.3331740785945792,174.59258682638327,4080.75
sub-ccepAgeUMCU03,3,population,late,20,0.03678736094004688,0.21102478033739552,202.66665648640665,4080.75
sub-ccepAgeUMCU03,3,relation,early,20,0.04131102667269717,0.3388926903002297,174.66884301677143,4080.75
sub-ccepAgeUMCU03,3,relation,late,20,0.030925035640615595,0.24443722574382165,202.7149093755676,4080.75
sub-ccepAgeUMCU03,3,relation_perm,early,20,0.04129526005071811,0.3174398954995787,174.78386925258445,4080.75
sub-ccepAgeUMCU03,3,relation_perm,late,20,0.03079758932834331,0.22802836831368062,202.76257343084814,4080.75
sub-ccepAgeUMCU03,5,global,early,20,0.03965466455239908,0.33034763127192407,182.4070370151698,3942.75
sub-ccepAgeUMCU03,5,global,late,20,0.03904904879061962,0.20554016898175398,211.0496387036284,3942.75
sub-ccepAgeUMCU03,5,node,early,20,0.04413588204730358,0.3394847491701547,182.44201314942651,3942.75
sub-ccepAgeUMCU03,5,node,late,20,0.04014289873880579,0.2215892982763917,211.07840961797086,3942.75
sub-ccepAgeUMCU03,5,population,early,20,0.03965466377846603,0.33034761889196684,182.38277301667412,3942.75
sub-ccepAgeUMCU03,5,population,late,20,0.03904905144670752,0.20554028642187303,211.05375065307376,3942.75
sub-ccepAgeUMCU03,5,relation,early,20,0.041636907516087236,0.35896068555701516,182.39646325423777,3942.75
sub-ccepAgeUMCU03,5,relation,late,20,0.039365542776319914,0.25313877254592176,211.0667367884254,3942.75
sub-ccepAgeUMCU03,5,relation_perm,early,20,0.04394851807798526,0.32008128060138474,182.5261367159738,3942.75
sub-ccepAgeUMCU03,5,relation_perm,late,20,0.045867095418444366,0.23467752343420112,211.10453155963233,3942.75
sub-ccepAgeUMCU03,10,global,early,20,0.03658862707533049,0.3212982964690384,181.39594490347113,3597.5
sub-ccepAgeUMCU03,10,global,late,20,0.03847820848611268,0.20643352287883282,210.45350090489592,3597.5
sub-ccepAgeUMCU03,10,node,early,20,0.04252788174578227,0.3514255953842734,181.39974250170647,3597.5
sub-ccepAgeUMCU03,10,node,late,20,0.03800150053145313,0.2368836359468681,210.4516503633828,3597.5
sub-ccepAgeUMCU03,10,population,early,20,0.03658862611421883,0.32129828020882945,181.39014113911838,3597.5
sub-ccepAgeUMCU03,10,population,late,20,0.03847820841944764,0.20643369790312374,210.46217585550804,3597.5
sub-ccepAgeUMCU03,10,relation,early,20,0.04759154931948198,0.36643131625318703,181.37628233745585,3597.5
sub-ccepAgeUMCU03,10,relation,late,20,0.037852553107294476,0.2809274646184501,210.45861938087955,3597.5
sub-ccepAgeUMCU03,10,relation_perm,early,20,0.04527872799914237,0.33515353981322404,181.48710238766657,3597.5
sub-ccepAgeUMCU03,10,relation_perm,late,20,0.04034895933399579,0.26000484372812327,210.48655696215664,3597.5
sub-ccepAgeUMCU04,3,global,early,20,0.3512363674020575,0.20646063815289883,0.5787278976607373,10736.95
sub-ccepAgeUMCU04,3,global,late,20,0.24263311107401403,0.14479957285784,0.5321578259265778,10736.95
sub-ccepAgeUMCU04,3,node,early,20,0.31663939504507577,0.17402883116517817,0.6523380831122527,10736.95
sub-ccepAgeUMCU04,3,node,late,20,0.2362618648000586,0.15049489356696158,0.5894634431812954,10736.95
sub-ccepAgeUMCU04,3,population,early,20,0.3512363674520921,0.20646064520848598,0.586081075839544,10736.95
sub-ccepAgeUMCU04,3,population,late,20,0.24263311387454894,0.14479949964148847,0.528407102388057,10736.95
sub-ccepAgeUMCU04,3,relation,early,20,0.29041808350427883,0.16632106499575824,0.6224398929533106,10736.95
sub-ccepAgeUMCU04,3,relation,late,20,0.19781206560504436,0.13917093254653362,0.5360839613679608,10736.95
sub-ccepAgeUMCU04,3,relation_perm,early,20,0.2834418330074799,0.155144079375826,0.6814810482649714,10736.95
sub-ccepAgeUMCU04,3,relation_perm,late,20,0.18598268414652697,0.1325538801392083,0.5790664425970203,10736.95
sub-ccepAgeUMCU04,5,global,early,20,0.3464419818374517,0.2043932023703678,0.5744057803409691,10513.55
sub-ccepAgeUMCU04,5,global,late,20,0.2402702796770984,0.14349739939811323,0.5307541263436004,10513.55
sub-ccepAgeUMCU04,5,node,early,20,0.32730072408505567,0.1784606792481861,0.620857429054008,10513.55
sub-ccepAgeUMCU04,5,node,late,20,0.24840656200561,0.16083250643791297,0.5715806668160461,10513.55
sub-ccepAgeUMCU04,5,population,early,20,0.3464419815522384,0.20439322914344732,0.5855498339630338,10513.55
sub-ccepAgeUMCU04,5,population,late,20,0.24027028101381367,0.143497353043445,0.5272161419215695,10513.55
sub-ccepAgeUMCU04,5,relation,early,20,0.2946903807731336,0.16874490619977678,0.5996687101298348,10513.55
sub-ccepAgeUMCU04,5,relation,late,20,0.2143048487319633,0.15048479209776325,0.5174070416483325,10513.55
sub-ccepAgeUMCU04,5,relation_perm,early,20,0.28919671835391536,0.16075697876754502,0.6567588867663008,10513.55
sub-ccepAgeUMCU04,5,relation_perm,late,20,0.20637098153645508,0.1447743925850788,0.5530530087759971,10513.55
sub-ccepAgeUMCU04,10,global,early,20,0.35184662029450103,0.20680135982029277,0.567642039450007,9953.55
sub-ccepAgeUMCU04,10,global,late,20,0.24092942460522812,0.14261051275340283,0.5187967770109881,9953.55
sub-ccepAgeUMCU04,10,node,early,20,0.3435762272990194,0.18680232421996043,0.5863363350143197,9953.55
sub-ccepAgeUMCU04,10,node,late,20,0.2621692769589304,0.17632921023595086,0.5303410880260251,9953.55
sub-ccepAgeUMCU04,10,population,early,20,0.35184661995964817,0.2068013803978755,0.5823644679301669,9953.55
sub-ccepAgeUMCU04,10,population,late,20,0.24092942588841382,0.14261047208381342,0.527036347205534,9953.55
sub-ccepAgeUMCU04,10,relation,early,20,0.3129283223028478,0.17802206223454142,0.5704340015063099,9953.55
sub-ccepAgeUMCU04,10,relation,late,20,0.23576260147722308,0.1665250283232425,0.49573454846718723,9953.55
sub-ccepAgeUMCU04,10,relation_perm,early,20,0.30844707777225167,0.16085482285658143,0.6583418383103533,9953.55
sub-ccepAgeUMCU04,10,relation_perm,late,20,0.2273674603810601,0.15266903096443388,0.5445557574640778,9953.55
sub-ccepAgeUMCU05,3,global,early,20,0.022530242378223993,0.31534276138331,21.883636893678773,6193.3
sub-ccepAgeUMCU05,3,global,late,20,0.00431642534924674,0.28621203587051186,21.749076961084253,6193.3
sub-ccepAgeUMCU05,3,node,early,20,0.02102256106070615,0.2557254795984727,21.968195064192727,6193.3
sub-ccepAgeUMCU05,3,node,late,20,0.002068311412078981,0.2612780440363228,21.8271639379465,6193.3
sub-ccepAgeUMCU05,3,population,early,20,0.022530249296839812,0.31534274941089785,21.882584749601907,6193.3
sub-ccepAgeUMCU05,3,population,late,20,0.004316425947744307,0.2862118583728769,21.742329397960752,6193.3
sub-ccepAgeUMCU05,3,relation,early,20,0.01690645439815709,0.2641182082109871,21.948198454705153,6193.3
sub-ccepAgeUMCU05,3,relation,late,20,0.0011016001088209365,0.27208887453875635,21.78778828758781,6193.3
sub-ccepAgeUMCU05,3,relation_perm,early,20,0.016925742866983833,0.2509496339848328,21.9998285884707,6193.3
sub-ccepAgeUMCU05,3,relation_perm,late,20,0.0020181713394940718,0.2588637573929064,21.815778295968823,6193.3
sub-ccepAgeUMCU05,5,global,early,20,0.08268350169072827,0.3139392531746804,19.227236775132674,6013.2
sub-ccepAgeUMCU05,5,global,late,20,0.061692964846112065,0.2866460837506441,19.1007647909582,6013.2
sub-ccepAgeUMCU05,5,node,early,20,0.07686978928088342,0.2701150578040544,19.272699366008794,6013.2
sub-ccepAgeUMCU05,5,node,late,20,0.062391144806987,0.2804882808141328,19.132712056915196,6013.2
sub-ccepAgeUMCU05,5,population,early,20,0.08268350702861287,0.31393929109207735,19.225466812132833,6013.2
sub-ccepAgeUMCU05,5,population,late,20,0.06169296544135935,0.2866459163606843,19.095671978914528,6013.2
sub-ccepAgeUMCU05,5,relation,early,20,0.07224386783976179,0.2857452791675025,19.27482185602731,6013.2
sub-ccepAgeUMCU05,5,relation,late,20,0.05963758279597216,0.2954914513779545,19.106549021251404,6013.2
sub-ccepAgeUMCU05,5,relation_perm,early,20,0.07474159429224304,0.2562456639822934,19.33672168500161,6013.2
sub-ccepAgeUMCU05,5,relation_perm,late,20,0.058998491426486034,0.27463181959146055,19.13327849583091,6013.2
sub-ccepAgeUMCU05,10,global,early,20,0.06505101440165308,0.3108554388440745,21.904102613594386,5564.4
sub-ccepAgeUMCU05,10,global,late,20,0.04351378863897113,0.28587131926426423,21.78106760654135,5564.4
sub-ccepAgeUMCU05,10,node,early,20,0.06679650146041875,0.29017989417856094,21.91763267794928,5564.4
sub-ccepAgeUMCU05,10,node,late,20,0.04292733556449109,0.3207732235733155,21.78861565021357,5564.4
sub-ccepAgeUMCU05,10,population,early,20,0.06505102096697017,0.31085547860592183,21.921012562909716,5564.4
sub-ccepAgeUMCU05,10,population,late,20,0.04351378899671409,0.2858711597864483,21.779153892524395,5564.4
sub-ccepAgeUMCU05,10,relation,early,20,0.0602302422676565,0.30018322534136405,21.91655093567345,5564.4
sub-ccepAgeUMCU05,10,relation,late,20,0.03595470220779024,0.33336157075807343,21.770176842746007,5564.4
sub-ccepAgeUMCU05,10,relation_perm,early,20,0.05996378568960799,0.2680703951921385,21.99524743715439,5564.4
sub-ccepAgeUMCU05,10,relation_perm,late,20,0.03793263097962442,0.30883434562217504,21.79605686386284,5564.4
sub-ccepAgeUMCU06,3,global,early,20,0.4604431293067937,0.4535365540291824,1.2854734418555878,2940.2
sub-ccepAgeUMCU06,3,global,late,20,0.3112940737792921,0.40385948251943765,1.3172047716873965,2940.2
sub-ccepAgeUMCU06,3,node,early,20,0.40579778410335593,0.4525391846374617,1.446830315963799,2940.2
sub-ccepAgeUMCU06,3,node,late,20,0.31819650754997986,0.41343590834737576,1.5156977736181516,2940.2
sub-ccepAgeUMCU06,3,population,early,20,0.46044313289240313,0.4535365540291824,1.2642242671526769,2940.2
sub-ccepAgeUMCU06,3,population,late,20,0.311294073704781,0.40385948019740825,1.2566525162726503,2940.2
sub-ccepAgeUMCU06,3,relation,early,20,0.41857991813117784,0.4653855273801962,1.3343216187927047,2940.2
sub-ccepAgeUMCU06,3,relation,late,20,0.31540220471540437,0.43043449341818557,1.3148623148402359,2940.2
sub-ccepAgeUMCU06,3,relation_perm,early,20,0.40512782378819684,0.43901045967867314,1.437794278724706,2940.2
sub-ccepAgeUMCU06,3,relation_perm,late,20,0.2980558454031224,0.38506822740102503,1.4024378111843256,2940.2
sub-ccepAgeUMCU06,5,global,early,20,0.4614459094768545,0.45381727405991734,1.2505874785222182,2820.0
sub-ccepAgeUMCU06,5,global,late,20,0.3148161311512542,0.4050936862428678,1.2823411650807721,2820.0
sub-ccepAgeUMCU06,5,node,early,20,0.44258700760409997,0.4574491832612001,1.2872320563320812,2820.0
sub-ccepAgeUMCU06,5,node,late,20,0.3499880774188789,0.4567398736495588,1.2835515517461773,2820.0
sub-ccepAgeUMCU06,5,population,early,20,0.46144591247958305,0.45381727405991734,1.257707014440053,2820.0
sub-ccepAgeUMCU06,5,population,late,20,0.31481613082671267,0.4050936849459914,1.2664486073577892,2820.0
sub-ccepAgeUMCU06,5,relation,early,20,0.44790792776545063,0.4761255657698273,1.2189955758664843,2820.0
sub-ccepAgeUMCU06,5,relation,late,20,0.35694030357229667,0.4686758374618362,1.1871437283227233,2820.0
sub-ccepAgeUMCU06,5,relation_perm,early,20,0.4390323360788577,0.4493986125596171,1.337108674080584,2820.0
sub-ccepAgeUMCU06,5,relation_perm,late,20,0.3479602250550565,0.43528537190881655,1.276286472448923,2820.0
sub-ccepAgeUMCU06,10,global,early,20,0.4617236169544242,0.45531639468767937,1.241900573374682,2519.55
sub-ccepAgeUMCU06,10,global,late,20,0.31192007991067583,0.4056981163920816,1.2871583185929676,2519.55
sub-ccepAgeUMCU06,10,node,early,20,0.45120704065899575,0.49896505983196376,1.2575220523418178,2519.55
sub-ccepAgeUMCU06,10,node,late,20,0.3553179612231313,0.4853168539274293,1.2752861902177812,2519.55
sub-ccepAgeUMCU06,10,population,early,20,0.4617236195843863,0.45531639468767937,1.2566014145929496,2519.55
sub-ccepAgeUMCU06,10,population,late,20,0.3119200787768578,0.4056981145160853,1.2637080598718056,2519.55
sub-ccepAgeUMCU06,10,relation,early,20,0.46408159344816624,0.5111750567454703,1.1864247034329904,2519.55
sub-ccepAgeUMCU06,10,relation,late,20,0.3742489914332201,0.5023963670484578,1.1751742826100855,2519.55
sub-ccepAgeUMCU06,10,relation_perm,early,20,0.44968980745367365,0.4760443161124299,1.3195118913453565,2519.55
sub-ccepAgeUMCU06,10,relation_perm,late,20,0.36843333557596863,0.472031380291382,1.24667653486282,2519.55
sub-ccepAgeUMCU07,3,global,early,20,0.31851525767635014,0.19992964883452774,1.6107114189421978,9724.1
sub-ccepAgeUMCU07,3,global,late,20,0.30196269524880104,0.2418329345116262,0.838981259454958,9724.1
sub-ccepAgeUMCU07,3,node,early,20,0.28807179929661125,0.19520985318126244,1.7396046181117142,9724.1
sub-ccepAgeUMCU07,3,node,late,20,0.2793062479053293,0.24398355789833434,0.924127263650035,9724.1
sub-ccepAgeUMCU07,3,population,early,20,0.3185152581305943,0.19992962349454843,1.6153783415286465,9724.1
sub-ccepAgeUMCU07,3,population,late,20,0.30196269838017065,0.24183292387660527,0.7926158900159728,9724.1
sub-ccepAgeUMCU07,3,relation,early,20,0.3358275733635978,0.21646290527481518,1.6395491278978216,9724.1
sub-ccepAgeUMCU07,3,relation,late,20,0.2820275502166448,0.2784881425968285,0.8209303606477742,9724.1
sub-ccepAgeUMCU07,3,relation_perm,early,20,0.32549787521718326,0.20572866313272375,1.6984361052896269,9724.1
sub-ccepAgeUMCU07,3,relation_perm,late,20,0.25769632288584715,0.24608971433906301,0.8674998777997527,9724.1
sub-ccepAgeUMCU07,5,global,early,20,0.31869634690827714,0.19754854279033268,1.5528742409037617,9509.5
sub-ccepAgeUMCU07,5,global,late,20,0.30330397180983937,0.2389760890994132,0.7945414470591919,9509.5
sub-ccepAgeUMCU07,5,node,early,20,0.3024133009019566,0.22077441210752896,1.624424461917108,9509.5
sub-ccepAgeUMCU07,5,node,late,20,0.30397577822040367,0.2787427160399396,0.8505282895848423,9509.5
sub-ccepAgeUMCU07,5,population,early,20,0.31869634691742244,0.19754851238830765,1.6162008075336036,9509.5
sub-ccepAgeUMCU07,5,population,late,20,0.3033039762634504,0.23897607404717564,0.7962148667821969,9509.5
sub-ccepAgeUMCU07,5,relation,early,20,0.34597357953700386,0.24258710759638288,1.5455837890922508,9509.5
sub-ccepAgeUMCU07,5,relation,late,20,0.3086051448673362,0.30088993106762524,0.7826724296429445,9509.5
sub-ccepAgeUMCU07,5,relation_perm,early,20,0.33677239213146454,0.22180503531967893,1.6246194635167943,9509.5
sub-ccepAgeUMCU07,5,relation_perm,late,20,0.2847794283573011,0.26351960592593865,0.8164070190322533,9509.5
sub-ccepAgeUMCU07,10,global,early,20,0.3202008204824979,0.2001450612204227,1.5132403364061018,8967.05
sub-ccepAgeUMCU07,10,global,late,20,0.30785235542520034,0.24469675463002666,0.7752737846365608,8967.05
sub-ccepAgeUMCU07,10,node,early,20,0.32799946430926186,0.2332653884822799,1.5032145696516954,8967.05
sub-ccepAgeUMCU07,10,node,late,20,0.3253740417606188,0.2984926148371452,0.7817988692406435,8967.05
sub-ccepAgeUMCU07,10,population,early,20,0.320200820369236,0.20014502954822713,1.6164386175862766,8967.05
sub-ccepAgeUMCU07,10,population,late,20,0.30785235958408175,0.24469674919197248,0.7881084444307095,8967.05
sub-ccepAgeUMCU07,10,relation,early,20,0.3744157781518056,0.24617075027231955,1.4542929286190147,8967.05
sub-ccepAgeUMCU07,10,relation,late,20,0.33135803419334897,0.3366367624303003,0.7337469813951519,8967.05
sub-ccepAgeUMCU07,10,relation_perm,early,20,0.36695796184742846,0.22209426656494596,1.524078641725701,8967.05
sub-ccepAgeUMCU07,10,relation_perm,late,20,0.30557347907161886,0.2810719567417209,0.7735278529095599,8967.05
sub-ccepAgeUMCU08,3,global,early,20,0.04246238436237886,0.14808440966963363,30.29869939126032,3765.2
sub-ccepAgeUMCU08,3,global,late,20,0.020909383500391714,0.17944045846372758,30.237665766701117,3765.2
sub-ccepAgeUMCU08,3,node,early,20,0.03888143642721974,0.20091678428212587,30.358935399007827,3765.2
sub-ccepAgeUMCU08,3,node,late,20,0.02962790256193291,0.2629556163471443,30.30009143045114,3765.2
sub-ccepAgeUMCU08,3,population,early,20,0.04246238398400823,0.1480843256095385,30.28001175507414,3765.2
sub-ccepAgeUMCU08,3,population,late,20,0.020909377010817583,0.17944046556305773,30.23127308026085,3765.2
sub-ccepAgeUMCU08,3,relation,early,20,0.0361971070369878,0.19975319980321904,30.319197435935592,3765.2
sub-ccepAgeUMCU08,3,relation,late,20,0.02421846646780172,0.26845016967148505,30.242737833343732,3765.2
sub-ccepAgeUMCU08,3,relation_perm,early,20,0.03745877369420282,0.17962369014162693,30.402209349818925,3765.2
sub-ccepAgeUMCU08,3,relation_perm,late,20,0.02701712759438104,0.24803815924928913,30.283952945597065,3765.2
sub-ccepAgeUMCU08,5,global,early,20,0.04005357108599146,0.1456226442382776,33.10162584093569,3625.4
sub-ccepAgeUMCU08,5,global,late,20,0.014848142140119869,0.17775002048240707,33.060775548357206,3625.4
sub-ccepAgeUMCU08,5,node,early,20,0.04347814810392392,0.21249921828710017,33.130457715490905,3625.4
sub-ccepAgeUMCU08,5,node,late,20,0.020866915502320855,0.28545408644560666,33.07780006881916,3625.4
sub-ccepAgeUMCU08,5,population,early,20,0.040053569947498584,0.1456225414256892,33.11648220372676,3625.4
sub-ccepAgeUMCU08,5,population,late,20,0.014848134432044127,0.17775004899114663,33.063554026868175,3625.4
sub-ccepAgeUMCU08,5,relation,early,20,0.03755511503445012,0.21183314201665776,33.10052996916466,3625.4
sub-ccepAgeUMCU08,5,relation,late,20,0.01814501983534505,0.29572971584908925,33.02631635442914,3625.4
sub-ccepAgeUMCU08,5,relation_perm,early,20,0.039018634648475006,0.18712242523034606,33.214651744803284,3625.4
sub-ccepAgeUMCU08,5,relation_perm,late,20,0.021764429582880277,0.27379157098902984,33.06397675481751,3625.4
sub-ccepAgeUMCU08,10,global,early,20,0.04152304001701571,0.1479523428169942,36.500455609241946,3277.9
sub-ccepAgeUMCU08,10,global,late,20,0.014648189474822113,0.1814316208949897,36.453284019884556,3277.9
sub-ccepAgeUMCU08,10,node,early,20,0.047277868486357975,0.22535051131764577,36.48766944266549,3277.9
sub-ccepAgeUMCU08,10,node,late,20,0.02274930501991697,0.325543611731213,36.42790827103135,3277.9
sub-ccepAgeUMCU08,10,population,early,20,0.04152304094416449,0.14795227731831792,36.51576662590679,3277.9
sub-ccepAgeUMCU08,10,population,late,20,0.014648183070870947,0.18143163623390796,36.45862747702105,3277.9
sub-ccepAgeUMCU08,10,relation,early,20,0.03713358047434336,0.2238044002332565,36.44762493306346,3277.9
sub-ccepAgeUMCU08,10,relation,late,20,0.016887592752631006,0.32163349925727813,36.39881910549573,3277.9
sub-ccepAgeUMCU08,10,relation_perm,early,20,0.038934468568301246,0.18876429763647068,36.605311949525856,3277.9
sub-ccepAgeUMCU08,10,relation_perm,late,20,0.021213645494316445,0.29321849380111314,36.44229000455129,3277.9
sub-ccepAgeUMCU09,3,global,early,20,0.3670494200294156,0.32178664510094007,0.9321469125833465,5866.4
sub-ccepAgeUMCU09,3,global,late,20,0.26628931523891536,0.2841421828145553,0.8982415628324569,5866.4
sub-ccepAgeUMCU09,3,node,early,20,0.3400978374804816,0.28859363965567075,0.9675410709320987,5866.4
sub-ccepAgeUMCU09,3,node,late,20,0.26199133157090443,0.26478479257694304,0.9764979623660508,5866.4
sub-ccepAgeUMCU09,3,population,early,20,0.3670494208474994,0.32178666376524345,1.1766137090112854,5866.4
sub-ccepAgeUMCU09,3,population,late,20,0.26628931353185104,0.2841422479410217,0.8363722719836885,5866.4
sub-ccepAgeUMCU09,3,relation,early,20,0.37499035030891353,0.3167347746905149,0.97838152053316,5866.4
sub-ccepAgeUMCU09,3,relation,late,20,0.26195869123019,0.2676477452352589,0.8791284550263374,5866.4
sub-ccepAgeUMCU09,3,relation_perm,early,20,0.37032893220794183,0.30580349754443026,1.045295879884668,5866.4
sub-ccepAgeUMCU09,3,relation_perm,late,20,0.25434633961801195,0.25762372394640515,0.9290570769758766,5866.4
sub-ccepAgeUMCU09,5,global,early,20,0.37208859314363474,0.32082716800840044,0.9022131650922469,5671.1
sub-ccepAgeUMCU09,5,global,late,20,0.27246019785539655,0.27877489413339634,0.8535888030928239,5671.1
sub-ccepAgeUMCU09,5,node,early,20,0.3669243105194918,0.29515715830967215,0.9032288554481035,5671.1
sub-ccepAgeUMCU09,5,node,late,20,0.28092237947874604,0.27958300250444157,0.8927387148433578,5671.1
sub-ccepAgeUMCU09,5,population,early,20,0.3720885940358415,0.320827183177167,1.1752539039647978,5671.1
sub-ccepAgeUMCU09,5,population,late,20,0.27246019654785913,0.2787749263435407,0.834722638463611,5671.1
sub-ccepAgeUMCU09,5,relation,early,20,0.39605872197721304,0.3216065031388803,0.8975084736136589,5671.1
sub-ccepAgeUMCU09,5,relation,late,20,0.28259699743734246,0.28129863486599804,0.8077382681672892,5671.1
sub-ccepAgeUMCU09,5,relation_perm,early,20,0.3893943534903729,0.3054525340876074,0.9948493154233583,5671.1
sub-ccepAgeUMCU09,5,relation_perm,late,20,0.27305641770963696,0.2552764959250272,0.8748091106464697,5671.1
sub-ccepAgeUMCU09,10,global,early,20,0.36747746984256496,0.32377394678585714,0.9034807433320783,5183.2
sub-ccepAgeUMCU09,10,global,late,20,0.26969641908252484,0.2840615139462173,0.8490584621973006,5183.2
sub-ccepAgeUMCU09,10,node,early,20,0.3746388502569546,0.3117284382500284,0.8665309551704523,5183.2
sub-ccepAgeUMCU09,10,node,late,20,0.2908706743206349,0.3025742176203238,0.8532554850965066,5183.2
sub-ccepAgeUMCU09,10,population,early,20,0.3674774714660142,0.3237739618963937,1.1788465443767053,5183.2
sub-ccepAgeUMCU09,10,population,late,20,0.2696964183935717,0.28406153780960913,0.8349365175657036,5183.2
sub-ccepAgeUMCU09,10,relation,early,20,0.4041400019839207,0.3366437240965923,0.8687423942450276,5183.2
sub-ccepAgeUMCU09,10,relation,late,20,0.28906845176868323,0.2982431802866136,0.8042857552326736,5183.2
sub-ccepAgeUMCU09,10,relation_perm,early,20,0.39832317340499385,0.31699991400013483,0.9662063515520989,5183.2
sub-ccepAgeUMCU09,10,relation_perm,late,20,0.28468987771385634,0.27921269454766273,0.8377887648756219,5183.2
sub-ccepAgeUMCU10,3,global,early,20,0.04978063283281689,0.24321388553409845,10.823529739657378,5751.65
sub-ccepAgeUMCU10,3,global,late,20,0.09626124019230789,0.1733335338736304,10.806917508302092,5751.65
sub-ccepAgeUMCU10,3,node,early,20,0.05116554063592101,0.20222184940125945,10.854719267258208,5751.65
sub-ccepAgeUMCU10,3,node,late,20,0.08779917991003036,0.22234476644833565,10.835061953515853,5751.65
sub-ccepAgeUMCU10,3,population,early,20,0.049780631929828026,0.24321380493789727,11.026038445392658,5751.65
sub-ccepAgeUMCU10,3,population,late,20,0.09626123504341794,0.17333352422363188,10.888007481114851,5751.65
sub-ccepAgeUMCU10,3,relation,early,20,0.06862454386288606,0.21822816777824525,10.827609910725329,5751.65
sub-ccepAgeUMCU10,3,relation,late,20,0.11355995380143569,0.23782416596382178,10.672215361807437,5751.65
sub-ccepAgeUMCU10,3,relation_perm,early,20,0.06470272398231616,0.2012219157202555,10.91419666026496,5751.65
sub-ccepAgeUMCU10,3,relation_perm,late,20,0.11194616086973638,0.21900062734790965,10.749678407253082,5751.65
sub-ccepAgeUMCU10,5,global,early,20,0.05036745865903548,0.2468836397335931,11.121909213906651,5579.35
sub-ccepAgeUMCU10,5,global,late,20,0.09787829002667797,0.1767196924561611,11.111377210142743,5579.35
sub-ccepAgeUMCU10,5,node,early,20,0.051230731384527106,0.20464586791784858,11.128721240733535,5579.35
sub-ccepAgeUMCU10,5,node,late,20,0.0888956736859444,0.2267766280913937,11.110844012263964,5579.35
sub-ccepAgeUMCU10,5,population,early,20,0.050367458171228785,0.24688357607274164,11.333301763205464,5579.35
sub-ccepAgeUMCU10,5,population,late,20,0.09787828550838172,0.17671968814231337,11.201721181741991,5579.35
sub-ccepAgeUMCU10,5,relation,early,20,0.07360387010333933,0.22209303510540263,11.10115353576121,5579.35
sub-ccepAgeUMCU10,5,relation,late,20,0.12453856825497844,0.24839410271848578,10.949270866787366,5579.35
sub-ccepAgeUMCU10,5,relation_perm,early,20,0.06803845572175989,0.19621425320841807,11.222057526118402,5579.35
sub-ccepAgeUMCU10,5,relation_perm,late,20,0.12296711191248873,0.22556355749828136,11.038945003799398,5579.35
sub-ccepAgeUMCU10,10,global,early,20,0.06737941304470749,0.24491286534046983,11.389956318340639,5151.8
sub-ccepAgeUMCU10,10,global,late,20,0.11048058061678409,0.17540222626773003,11.375117591640802,5151.8
sub-ccepAgeUMCU10,10,node,early,20,0.07085705165295328,0.2168417089361127,11.364663366611115,5151.8
sub-ccepAgeUMCU10,10,node,late,20,0.1075172782427154,0.23916329770816708,11.347013722243382,5151.8
sub-ccepAgeUMCU10,10,population,early,20,0.06737941362309056,0.24491280867056245,11.59830842085055,5151.8
sub-ccepAgeUMCU10,10,population,late,20,0.11048057703957934,0.17540221768522488,11.466889337671837,5151.8
sub-ccepAgeUMCU10,10,relation,early,20,0.09290429083344023,0.2289172243089964,11.317003527557327,5151.8
sub-ccepAgeUMCU10,10,relation,late,20,0.141389713462659,0.2612921085090094,11.182729062555689,5151.8
sub-ccepAgeUMCU10,10,relation_perm,early,20,0.08640524997389633,0.1926475166856654,11.464312300960172,5151.8
sub-ccepAgeUMCU10,10,relation_perm,late,20,0.14029465001836014,0.22440953405972372,11.301875397993646,5151.8
sub-ccepAgeUMCU11,3,global,early,20,0.32885142442560056,0.36607661565457084,0.5464856558178474,3253.6
sub-ccepAgeUMCU11,3,global,late,20,0.289865231265955,0.336063798972338,0.6499439612514031,3253.6
sub-ccepAgeUMCU11,3,node,early,20,0.2737629108426539,0.2543635890233556,0.6361781381308065,3253.6
sub-ccepAgeUMCU11,3,node,late,20,0.2427730134551524,0.254797248099348,0.7435888307107191,3253.6
sub-ccepAgeUMCU11,3,population,early,20,0.32885142188900585,0.3660769108809436,0.5426874068392538,3253.6
sub-ccepAgeUMCU11,3,population,late,20,0.28986522857506136,0.3360637131778636,0.6389895166281175,3253.6
sub-ccepAgeUMCU11,3,relation,early,20,0.2984962759886845,0.28748445545352963,0.6239878929936639,3253.6
sub-ccepAgeUMCU11,3,relation,late,20,0.2813244141617389,0.3040717688520516,0.7174010892688648,3253.6
sub-ccepAgeUMCU11,3,relation_perm,early,20,0.28153187394218043,0.2640868756509631,0.6488804594290755,3253.6
sub-ccepAgeUMCU11,3,relation_perm,late,20,0.258034506898888,0.27024510101777993,0.7423337051241742,3253.6
sub-ccepAgeUMCU11,5,global,early,20,0.3282237164301115,0.36818412907789505,0.5479134590146668,3119.15
sub-ccepAgeUMCU11,5,global,late,20,0.2894757925689918,0.33633135215544097,0.6529631972803389,3119.15
sub-ccepAgeUMCU11,5,node,early,20,0.30746032839417003,0.29142172443096964,0.5943629784204127,3119.15
sub-ccepAgeUMCU11,5,node,late,20,0.27260431839483196,0.28824875535881683,0.7042623868217066,3119.15
sub-ccepAgeUMCU11,5,population,early,20,0.32822371337685413,0.36818437750750255,0.5461460221856245,3119.15
sub-ccepAgeUMCU11,5,population,late,20,0.2894757907041924,0.3363311703879847,0.6439142573081555,3119.15
sub-ccepAgeUMCU11,5,relation,early,20,0.31452515457031444,0.31433323875169916,0.5964237767223246,3119.15
sub-ccepAgeUMCU11,5,relation,late,20,0.2959814015283445,0.334486398315471,0.684484484780161,3119.15
sub-ccepAgeUMCU11,5,relation_perm,early,20,0.30284908809012046,0.2915646352272552,0.6177218531671012,3119.15
sub-ccepAgeUMCU11,5,relation_perm,late,20,0.2848476582469982,0.30946793731418853,0.7031553295941563,3119.15
sub-ccepAgeUMCU11,10,global,early,20,0.32793105383286025,0.36230540455195775,0.5354208733086634,2789.75
sub-ccepAgeUMCU11,10,global,late,20,0.289586876305317,0.3355842906831278,0.633109995240139,2789.75
sub-ccepAgeUMCU11,10,node,early,20,0.327423289641462,0.32134280883108024,0.5563095559312602,2789.75
sub-ccepAgeUMCU11,10,node,late,20,0.30255315335865174,0.3339903941461454,0.6529037434951529,2789.75
sub-ccepAgeUMCU11,10,population,early,20,0.32793104938710216,0.3623055600382947,0.5368143143512475,2789.75
sub-ccepAgeUMCU11,10,population,late,20,0.2895868734341713,0.3355840900191149,0.6287157515817376,2789.75
sub-ccepAgeUMCU11,10,relation,early,20,0.3362143749377209,0.3398207546272366,0.5667880027123834,2789.75
sub-ccepAgeUMCU11,10,relation,late,20,0.3227906520504536,0.3794510628247184,0.6543441406714476,2789.75
sub-ccepAgeUMCU11,10,relation_perm,early,20,0.3226925365842651,0.3115180015811236,0.5910424314343333,2789.75
sub-ccepAgeUMCU11,10,relation_perm,late,20,0.3084145995118908,0.34441549752746287,0.6690821536527529,2789.75
sub-ccepAgeUMCU12,3,global,early,20,0.469045056777157,0.28429660593269357,0.6879799748006746,6759.75
sub-ccepAgeUMCU12,3,global,late,20,0.4033305727862353,0.32993456593866444,0.7071207974104208,6759.75
sub-ccepAgeUMCU12,3,node,early,20,0.4230182986922898,0.23629817778639764,0.7399548053930192,6759.75
sub-ccepAgeUMCU12,3,node,late,20,0.38611927761566917,0.28664616618821215,0.7818930134843314,6759.75
sub-ccepAgeUMCU12,3,population,early,20,0.46904505693806514,0.2842965436590744,0.782537945600785,6759.75
sub-ccepAgeUMCU12,3,population,late,20,0.40333057567970065,0.3299347088870522,0.7119945440261263,6759.75
sub-ccepAgeUMCU12,3,relation,early,20,0.42532463723580544,0.2506098582291269,0.6910227074376534,6759.75
sub-ccepAgeUMCU12,3,relation,late,20,0.3907641965283756,0.3202516280871269,0.6547138340914408,6759.75
sub-ccepAgeUMCU12,3,relation_perm,early,20,0.4119434450356051,0.22358349920611414,0.7632390660291681,6759.75
sub-ccepAgeUMCU12,3,relation_perm,late,20,0.35396128518112563,0.26008429543408573,0.7328266959179051,6759.75
sub-ccepAgeUMCU12,5,global,early,20,0.4700387239083675,0.28618301617668096,0.6704882487218928,6545.35
sub-ccepAgeUMCU12,5,global,late,20,0.4069227250094826,0.33139980445640593,0.7082851700966748,6545.35
sub-ccepAgeUMCU12,5,node,early,20,0.43921173053921014,0.24954937227755564,0.6995856285243779,6545.35
sub-ccepAgeUMCU12,5,node,late,20,0.3979945580777416,0.29654545187695,0.7462491615861854,6545.35
sub-ccepAgeUMCU12,5,population,early,20,0.4700387244382559,0.28618295907738456,0.7886986910058356,6545.35
sub-ccepAgeUMCU12,5,population,late,20,0.40692272638306176,0.3313999390629464,0.7134127217823165,6545.35
sub-ccepAgeUMCU12,5,relation,early,20,0.4347582064789208,0.2631162955335944,0.6532057816462051,6545.35
sub-ccepAgeUMCU12,5,relation,late,20,0.402736486564928,0.33479327962567706,0.6178261852561758,6545.35
sub-ccepAgeUMCU12,5,relation_perm,early,20,0.4242901993553141,0.22905280548404736,0.7510463615589615,6545.35
sub-ccepAgeUMCU12,5,relation_perm,late,20,0.3697047444422421,0.2715406291733056,0.7171036348170596,6545.35
sub-ccepAgeUMCU12,10,global,early,20,0.46769775336710023,0.280064810465466,0.6521636106769195,6009.0
sub-ccepAgeUMCU12,10,global,late,20,0.4019181937020866,0.32761334295977373,0.6852210448257461,6009.0
sub-ccepAgeUMCU12,10,node,early,20,0.4482364931628786,0.2558762740536914,0.6573341441847825,6009.0
sub-ccepAgeUMCU12,10,node,late,20,0.40979851302858206,0.3210542512187532,0.6917361516165524,6009.0
sub-ccepAgeUMCU12,10,population,early,20,0.46769775326472623,0.2800647910090143,0.7858506416324801,6009.0
sub-ccepAgeUMCU12,10,population,late,20,0.4019181936984043,0.327613469645392,0.7147653834531258,6009.0
sub-ccepAgeUMCU12,10,relation,early,20,0.45118056689169217,0.26767330599310607,0.604756031915288,6009.0
sub-ccepAgeUMCU12,10,relation,late,20,0.4172319102775435,0.3540306060847218,0.58201627941889,6009.0
sub-ccepAgeUMCU12,10,relation_perm,early,20,0.4354417184236981,0.23409807128884363,0.7573669701261463,6009.0
sub-ccepAgeUMCU12,10,relation_perm,late,20,0.3866858580856263,0.2902002907155741,0.692232617993121,6009.0
sub-ccepAgeUMCU13,3,global,early,20,0.48394236581208716,0.3661159691343964,0.8097548166548852,3131.55
sub-ccepAgeUMCU13,3,global,late,20,0.39284611421843,0.36510153572971865,0.8146780689137462,3131.55
sub-ccepAgeUMCU13,3,node,early,20,0.4587589270239543,0.4120456403670881,0.8920667976312441,3131.55
sub-ccepAgeUMCU13,3,node,late,20,0.37185565345296234,0.4072461956567319,0.8974541127535158,3131.55
sub-ccepAgeUMCU13,3,population,early,20,0.48394236863606077,0.3661160406094479,0.8212903156080946,3131.55
sub-ccepAgeUMCU13,3,population,late,20,0.3928461165718556,0.3651014477343703,0.9367987633173828,3131.55
sub-ccepAgeUMCU13,3,relation,early,20,0.4858046957644807,0.44696081535500937,0.8758580172139283,3131.55
sub-ccepAgeUMCU13,3,relation,late,20,0.3779370696135752,0.4416536198927544,0.80645529844429,3131.55
sub-ccepAgeUMCU13,3,relation_perm,early,20,0.48135809065233914,0.417030331781499,0.9261629583430228,3131.55
sub-ccepAgeUMCU13,3,relation_perm,late,20,0.3624659089109169,0.38187784036179,0.8687800279281213,3131.55
sub-ccepAgeUMCU13,5,global,early,20,0.49181651016571826,0.3673715267073316,0.792994495258661,3010.85
sub-ccepAgeUMCU13,5,global,late,20,0.3983421153948831,0.36656265179027436,0.7934105061837605,3010.85
sub-ccepAgeUMCU13,5,node,early,20,0.49347999957490496,0.44692020591122966,0.8195844562429382,3010.85
sub-ccepAgeUMCU13,5,node,late,20,0.4033229301633726,0.434252127339534,0.8228985667792303,3010.85
sub-ccepAgeUMCU13,5,population,early,20,0.4918165143267778,0.36737158892316,0.8173867974794089,3010.85
sub-ccepAgeUMCU13,5,population,late,20,0.3983421173145877,0.3665625556337293,0.9360622691214532,3010.85
sub-ccepAgeUMCU13,5,relation,early,20,0.5089636661139769,0.4703282562001953,0.8142766061712636,3010.85
sub-ccepAgeUMCU13,5,relation,late,20,0.4026235613866625,0.46440097790826557,0.7600075064934189,3010.85
sub-ccepAgeUMCU13,5,relation_perm,early,20,0.5016061726736887,0.4160053757354299,0.8794179659766573,3010.85
sub-ccepAgeUMCU13,5,relation_perm,late,20,0.37875400247994867,0.38003167968924606,0.8283214317452414,3010.85
sub-ccepAgeUMCU13,10,global,early,20,0.4861508823842162,0.3615251502437587,0.7858978086919508,2709.7
sub-ccepAgeUMCU13,10,global,late,20,0.397371750112503,0.35826705920580226,0.7850976084624444,2709.7
sub-ccepAgeUMCU13,10,node,early,20,0.49702679208634615,0.45878391702704835,0.7900920329781248,2709.7
sub-ccepAgeUMCU13,10,node,late,20,0.41146349711041674,0.44499293322148176,0.7883225563193953,2709.7
sub-ccepAgeUMCU13,10,population,early,20,0.4861508847081466,0.3615252147479602,0.8216810650429245,2709.7
sub-ccepAgeUMCU13,10,population,late,20,0.3973717522201526,0.3582671511084675,0.9305397865141766,2709.7
sub-ccepAgeUMCU13,10,relation,early,20,0.5238185625926752,0.47743488221247044,0.7756391118023023,2709.7
sub-ccepAgeUMCU13,10,relation,late,20,0.410755697419477,0.4720803290376951,0.7294208212850571,2709.7
sub-ccepAgeUMCU13,10,relation_perm,early,20,0.5119736703251598,0.4118235150484604,0.8492339186902548,2709.7
sub-ccepAgeUMCU13,10,relation_perm,late,20,0.3830734753664879,0.3692382346832576,0.8277372730294852,2709.7
sub-ccepAgeUMCU14,3,global,early,20,0.2940856290089475,0.3706394526631598,0.7519800860127956,3611.75
sub-ccepAgeUMCU14,3,global,late,20,0.24138634932389805,0.2754065829743494,0.7051129820509626,3611.75
sub-ccepAgeUMCU14,3,node,early,20,0.253927299772083,0.30881033195458535,0.8926472784132173,3611.75
sub-ccepAgeUMCU14,3,node,late,20,0.2198218813361879,0.2559301108687561,0.8350244893452649,3611.75
sub-ccepAgeUMCU14,3,population,early,20,0.2940856363669773,0.37063944164226914,0.7597861978957064,3611.75
sub-ccepAgeUMCU14,3,population,late,20,0.2413863504588488,0.2754066117774111,0.6869591549564091,3611.75
sub-ccepAgeUMCU14,3,relation,early,20,0.2826262303479445,0.3363635462850814,0.8406857442167148,3611.75
sub-ccepAgeUMCU14,3,relation,late,20,0.22848439897195233,0.29819455177345644,0.7666600852632506,3611.75
sub-ccepAgeUMCU14,3,relation_perm,early,20,0.26878075190985956,0.30655504414653445,0.8904978170608526,3611.75
sub-ccepAgeUMCU14,3,relation_perm,late,20,0.21381889910565383,0.2593069911684407,0.7982088464879765,3611.75
sub-ccepAgeUMCU14,5,global,early,20,0.28743760040106137,0.3624479965917492,0.7359785686159628,3479.05
sub-ccepAgeUMCU14,5,global,late,20,0.23672630243190568,0.26840295409028203,0.6879026283314946,3479.05
sub-ccepAgeUMCU14,5,node,early,20,0.29273868690936344,0.332920507180189,0.7766467416725766,3479.05
sub-ccepAgeUMCU14,5,node,late,20,0.2677159329819118,0.26801606359124974,0.7192624433792135,3479.05
sub-ccepAgeUMCU14,5,population,early,20,0.2874376095615804,0.3624480164764118,0.7618354534647176,3479.05
sub-ccepAgeUMCU14,5,population,late,20,0.23672630197891023,0.26840304051180636,0.6872534617252017,3479.05
sub-ccepAgeUMCU14,5,relation,early,20,0.3000427991917245,0.3487143646865135,0.7633662956954967,3479.05
sub-ccepAgeUMCU14,5,relation,late,20,0.254996940367893,0.3147281312722318,0.6930019240538334,3479.05
sub-ccepAgeUMCU14,5,relation_perm,early,20,0.2911127924149563,0.3083841787929204,0.8256805130485823,3479.05
sub-ccepAgeUMCU14,5,relation_perm,late,20,0.24493761971402983,0.27324217014586455,0.7245963379585,3479.05
sub-ccepAgeUMCU14,10,global,early,20,0.3027999998405608,0.3665949181285407,0.732076930697777,3143.9
sub-ccepAgeUMCU14,10,global,late,20,0.24049738751137664,0.2707531497264525,0.6844712864656401,3143.9
sub-ccepAgeUMCU14,10,node,early,20,0.3214589404116123,0.35369724547381176,0.7408264449875742,3143.9
sub-ccepAgeUMCU14,10,node,late,20,0.28358807853055934,0.29061266389534873,0.6884155508928644,3143.9
sub-ccepAgeUMCU14,10,population,early,20,0.30280000766810167,0.3665949200336496,0.7605916653587814,3143.9
sub-ccepAgeUMCU14,10,population,late,20,0.2404973859752443,0.2707531302516955,0.6942059949629877,3143.9
sub-ccepAgeUMCU14,10,relation,early,20,0.3271392922510904,0.3627436831670407,0.744746234999645,3143.9
sub-ccepAgeUMCU14,10,relation,late,20,0.2769349648190195,0.32771899773582164,0.6736771633152393,3143.9
sub-ccepAgeUMCU14,10,relation_perm,early,20,0.3138834439112592,0.3070297949891735,0.8243475551165357,3143.9
sub-ccepAgeUMCU14,10,relation_perm,late,20,0.2644650469006005,0.2796868111066668,0.7055211692615166,3143.9
sub-ccepAgeUMCU15,3,global,early,20,0.45372429634108524,0.34362948966623835,0.9175411933580879,2475.0
sub-ccepAgeUMCU15,3,global,late,20,0.4461398680214028,0.29305264484282556,0.6824735765860238,2475.0
sub-ccepAgeUMCU15,3,node,early,20,0.412368774078453,0.3248148329030381,1.0160595904660228,2475.0
sub-ccepAgeUMCU15,3,node,late,20,0.4214594200687893,0.30649698552585714,0.8047646405376824,2475.0
sub-ccepAgeUMCU15,3,population,early,20,0.45372429573280143,0.3436295101464845,0.8614603917503987,2475.0
sub-ccepAgeUMCU15,3,population,late,20,0.44613986906463665,0.2930526193534876,0.6640996928430533,2475.0
sub-ccepAgeUMCU15,3,relation,early,20,0.4087645081013168,0.3264545771416544,0.9972674226594318,2475.0
sub-ccepAgeUMCU15,3,relation,late,20,0.39600797167995444,0.305439821125841,0.7082659575354897,2475.0
sub-ccepAgeUMCU15,3,relation_perm,early,20,0.3916109675865557,0.3182221591764192,1.0559559956515718,2475.0
sub-ccepAgeUMCU15,3,relation_perm,late,20,0.3590107532886505,0.2930437202801027,0.7553939919202122,2475.0
sub-ccepAgeUMCU15,5,global,early,20,0.46579637568827065,0.35326606023979557,0.8826131942482978,2357.2
sub-ccepAgeUMCU15,5,global,late,20,0.4384876315031366,0.2998366294040619,0.6845807376463298,2357.2
sub-ccepAgeUMCU15,5,node,early,20,0.44075096848067796,0.33865854447999266,0.9286900951842668,2357.2
sub-ccepAgeUMCU15,5,node,late,20,0.45633918804576323,0.33167803606718765,0.7138901009670875,2357.2
sub-ccepAgeUMCU15,5,population,early,20,0.46579637586675016,0.3532660894270447,0.8444207359532406,2357.2
sub-ccepAgeUMCU15,5,population,late,20,0.43848763270031876,0.2998366294040619,0.666157129554737,2357.2
sub-ccepAgeUMCU15,5,relation,early,20,0.44051371964084696,0.34389390963954425,0.8751219452443028,2357.2
sub-ccepAgeUMCU15,5,relation,late,20,0.4084293474607617,0.33404712917889845,0.6602663201409814,2357.2
sub-ccepAgeUMCU15,5,relation_perm,early,20,0.424010057002143,0.3243266544429765,0.9948340342688982,2357.2
sub-ccepAgeUMCU15,5,relation_perm,late,20,0.38866161522347187,0.3179206803306785,0.7131304151238361,2357.2
sub-ccepAgeUMCU15,10,global,early,20,0.45983230439276623,0.3496926694389185,0.8612320243464927,2062.4
sub-ccepAgeUMCU15,10,global,late,20,0.44462317387033384,0.30477946514238063,0.6726178996499612,2062.4
sub-ccepAgeUMCU15,10,node,early,20,0.45861407479324934,0.35844781332645786,0.8639434101316261,2062.4
sub-ccepAgeUMCU15,10,node,late,20,0.47350521200000567,0.361438669053388,0.6768531995513196,2062.4
sub-ccepAgeUMCU15,10,population,early,20,0.45983230586130563,0.3496926877013807,0.8608696597303848,2062.4
sub-ccepAgeUMCU15,10,population,late,20,0.4446231748165118,0.30477946514238063,0.6642119197570007,2062.4
sub-ccepAgeUMCU15,10,relation,early,20,0.4531463876608798,0.36757371245516596,0.8359619637599147,2062.4
sub-ccepAgeUMCU15,10,relation,late,20,0.4478486094937506,0.3532528182187974,0.6363919058675308,2062.4
sub-ccepAgeUMCU15,10,relation_perm,early,20,0.43652932233030717,0.33784514236890556,0.9463640737854586,2062.4
sub-ccepAgeUMCU15,10,relation_perm,late,20,0.42795448792364754,0.3355924239340291,0.6739170508919476,2062.4
sub-ccepAgeUMCU16,3,global,early,20,0.29002619395576185,0.23124373850273477,1.0051074029913571,4804.15
sub-ccepAgeUMCU16,3,global,late,20,0.4366627815674756,0.3604096208109924,0.9257309848712921,4804.15
sub-ccepAgeUMCU16,3,node,early,20,0.3266566797415805,0.2555134307589969,1.1074379784189898,4804.15
sub-ccepAgeUMCU16,3,node,late,20,0.478499753362114,0.40840596690599684,0.9907967535780822,4804.15
sub-ccepAgeUMCU16,3,population,early,20,0.29002619338904895,0.23124371160779233,0.9983332594396025,4804.15
sub-ccepAgeUMCU16,3,population,late,20,0.4366627799929671,0.36040960410754197,0.9479469385209478,4804.15
sub-ccepAgeUMCU16,3,relation,early,20,0.3928402150279974,0.2491352802565297,1.0466641695229437,4804.15
sub-ccepAgeUMCU16,3,relation,late,20,0.5261976388409495,0.45207595579981524,0.8804167404666632,4804.15
sub-ccepAgeUMCU16,3,relation_perm,early,20,0.38386634376541956,0.24684566240355052,1.1269863481672686,4804.15
sub-ccepAgeUMCU16,3,relation_perm,late,20,0.5224737084104059,0.42222906625966317,0.9379428140939258,4804.15
sub-ccepAgeUMCU16,5,global,early,20,0.28796201794869186,0.23291366952382853,0.9847053699289186,4645.55
sub-ccepAgeUMCU16,5,global,late,20,0.42942692683755884,0.3539831162878764,0.9172003211478064,4645.55
sub-ccepAgeUMCU16,5,node,early,20,0.3561017765986242,0.2893641553260433,1.03179183037114,4645.55
sub-ccepAgeUMCU16,5,node,late,20,0.515087413649996,0.43625395432764036,0.9507661400339715,4645.55
sub-ccepAgeUMCU16,5,population,early,20,0.28796201737427546,0.23291367280487768,0.9967103091930613,4645.55
sub-ccepAgeUMCU16,5,population,late,20,0.4294269234751299,0.3539831042901681,0.9492215581393401,4645.55
sub-ccepAgeUMCU16,5,relation,early,20,0.42976111962874797,0.28904858405648604,0.9754312107874099,4645.55
sub-ccepAgeUMCU16,5,relation,late,20,0.5425629087817093,0.4617272578154553,0.8647508044356078,4645.55
sub-ccepAgeUMCU16,5,relation_perm,early,20,0.40926103559647287,0.27479940810939935,1.0882377906233625,4645.55
sub-ccepAgeUMCU16,5,relation_perm,late,20,0.5386003960705221,0.4347205384385286,0.9196412721656368,4645.55
sub-ccepAgeUMCU16,10,global,early,20,0.2864967179642388,0.22328125050108535,0.981882683002177,4252.4
sub-ccepAgeUMCU16,10,global,late,20,0.43370332268628,0.35549475108678197,0.9018825319525566,4252.4
sub-ccepAgeUMCU16,10,node,early,20,0.36522120061315333,0.29807097547064776,0.9841849099817133,4252.4
sub-ccepAgeUMCU16,10,node,late,20,0.5455316598628084,0.4677473538626553,0.8962984804938692,4252.4
sub-ccepAgeUMCU16,10,population,early,20,0.28649671839641155,0.22328123364165592,1.0054450456023785,4252.4
sub-ccepAgeUMCU16,10,population,late,20,0.43370331853721666,0.35549469526471744,0.9424289642120514,4252.4
sub-ccepAgeUMCU16,10,relation,early,20,0.4251401490202297,0.27890338773330664,0.9648923960545334,4252.4
sub-ccepAgeUMCU16,10,relation,late,20,0.5555078673233311,0.49667501721953167,0.8328337046662039,4252.4
sub-ccepAgeUMCU16,10,relation_perm,early,20,0.4015318962192157,0.2521510641102679,1.0816329952942,4252.4
sub-ccepAgeUMCU16,10,relation_perm,late,20,0.5495695689808537,0.455702641147414,0.8831369627730765,4252.4
sub-ccepAgeUMCU17,3,global,early,20,0.32779621272946724,0.24186715946643794,0.8154096458153388,2838.4
sub-ccepAgeUMCU17,3,global,late,20,0.36622645103009577,0.20190603519535782,0.5284539787523652,2838.4
sub-ccepAgeUMCU17,3,node,early,20,0.29439672203947836,0.2151178762115568,0.8244676898060831,2838.4
sub-ccepAgeUMCU17,3,node,late,20,0.3672673142471584,0.23915530803684887,0.5641126563654144,2838.4
sub-ccepAgeUMCU17,3,population,early,20,0.3274614569589307,0.24172552046001478,2.2141086540412545,2838.4
sub-ccepAgeUMCU17,3,population,late,20,0.3662264548462646,0.20190586719705572,0.7505747021173648,2838.4
sub-ccepAgeUMCU17,3,relation,early,20,0.32267365472407633,0.21942539624905139,0.8849470672333956,2838.4
sub-ccepAgeUMCU17,3,relation,late,20,0.35214164573818657,0.23903346965330222,0.49675046562904235,2838.4
sub-ccepAgeUMCU17,3,relation_perm,early,20,0.3185008230712585,0.21721655031665446,0.9313166071320568,2838.4
sub-ccepAgeUMCU17,3,relation_perm,late,20,0.32382910494843486,0.2168438700354578,0.5278315896754984,2838.4
sub-ccepAgeUMCU17,5,global,early,20,0.3259903393285557,0.23925589798419084,0.8648549125286019,2727.4
sub-ccepAgeUMCU17,5,global,late,20,0.3634569550247005,0.2005065909978807,0.5214685580479654,2727.4
sub-ccepAgeUMCU17,5,node,early,20,0.29946770177927984,0.21432024836967214,0.8507743921181324,2727.4
sub-ccepAgeUMCU17,5,node,late,20,0.38365914029602155,0.24637405961453865,0.5288344206581537,2727.4
sub-ccepAgeUMCU17,5,population,early,20,0.32564498626846905,0.23904434579533357,2.211596255498379,2727.4
sub-ccepAgeUMCU17,5,population,late,20,0.36345695915177995,0.20050637747993116,0.752859221502358,2727.4
sub-ccepAgeUMCU17,5,relation,early,20,0.3268733508845935,0.21809048755845145,0.9124652788477754,2727.4
sub-ccepAgeUMCU17,5,relation,late,20,0.3839080750305396,0.2596463663024097,0.4719745056494326,2727.4
sub-ccepAgeUMCU17,5,relation_perm,early,20,0.3226622088594963,0.21711425057532238,0.9381975560323774,2727.4
sub-ccepAgeUMCU17,5,relation_perm,late,20,0.35442135918853235,0.24035569639085153,0.4943111288288227,2727.4
sub-ccepAgeUMCU17,10,global,early,20,0.326964372462657,0.23575813194865383,0.7872422593551553,2448.5
sub-ccepAgeUMCU17,10,global,late,20,0.3690186577916424,0.19927438541012282,0.5077813270028548,2448.5
sub-ccepAgeUMCU17,10,node,early,20,0.3189399406137795,0.22571825568498868,0.7549691379829143,2448.5
sub-ccepAgeUMCU17,10,node,late,20,0.4116497962261952,0.26645427293127344,0.49162682650915085,2448.5
sub-ccepAgeUMCU17,10,population,early,20,0.32696296879988,0.23575866972571674,2.2061578119185654,2448.5
sub-ccepAgeUMCU17,10,population,late,20,0.3690186605645275,0.19927426833588305,0.7407243347730106,2448.5
sub-ccepAgeUMCU17,10,relation,early,20,0.34643953626126406,0.22641755816067993,0.8479959878092187,2448.5
sub-ccepAgeUMCU17,10,relation,late,20,0.4299558154544436,0.2848696062789671,0.43852527261928353,2448.5
sub-ccepAgeUMCU17,10,relation_perm,early,20,0.3408496143092596,0.22368461069834708,0.8479036862436262,2448.5
sub-ccepAgeUMCU17,10,relation_perm,late,20,0.39723776071746786,0.2574211189558141,0.4691338865944078,2448.5
sub-ccepAgeUMCU18,3,global,early,20,0.4621265374951613,0.4484351747757655,0.8824639712668552,2992.6
sub-ccepAgeUMCU18,3,global,late,20,0.4046021482332173,0.3622888752130304,0.9455290374673708,2992.6
sub-ccepAgeUMCU18,3,node,early,20,0.4075805931936225,0.3581626216154825,0.9970730422413109,2992.6
sub-ccepAgeUMCU18,3,node,late,20,0.3271532800551971,0.3251267257263678,1.0575398523903945,2992.6
sub-ccepAgeUMCU18,3,population,early,20,0.4621265408932181,0.44843523804720864,0.8596466359101745,2992.6
sub-ccepAgeUMCU18,3,population,late,20,0.4046021523443228,0.3622887323150789,0.9221873493927599,2992.6
sub-ccepAgeUMCU18,3,relation,early,20,0.4621360916979723,0.4209282150710207,0.9199226590510854,2992.6
sub-ccepAgeUMCU18,3,relation,late,20,0.3531433712047729,0.35433145007109995,1.0035873819418928,2992.6
sub-ccepAgeUMCU18,3,relation_perm,early,20,0.4350460408453432,0.37259766282583745,1.0003472845310823,2992.6
sub-ccepAgeUMCU18,3,relation_perm,late,20,0.32724365479173045,0.3345667887358156,1.050600190301454,2992.6
sub-ccepAgeUMCU18,5,global,early,20,0.4587671079641663,0.4414799081715186,0.8652082689864429,2877.75
sub-ccepAgeUMCU18,5,global,late,20,0.4021735612100049,0.35853618072405036,0.944436131679144,2877.75
sub-ccepAgeUMCU18,5,node,early,20,0.4438673842283811,0.3990454991504911,0.9073914171864415,2877.75
sub-ccepAgeUMCU18,5,node,late,20,0.36627024279560516,0.3583014592102263,0.9879972278875583,2877.75
sub-ccepAgeUMCU18,5,population,early,20,0.4587671115195942,0.4414799628449777,0.8715553348054991,2877.75
sub-ccepAgeUMCU18,5,population,late,20,0.4021735645066373,0.3585362972295011,0.9322032631740838,2877.75
sub-ccepAgeUMCU18,5,relation,early,20,0.48300207730576944,0.4464848512198566,0.8616649011859824,2877.75
sub-ccepAgeUMCU18,5,relation,late,20,0.38582621052519317,0.3974513649547501,0.9557311392821823,2877.75
sub-ccepAgeUMCU18,5,relation_perm,early,20,0.4611637557350807,0.38957661481139066,0.9274743472517594,2877.75
sub-ccepAgeUMCU18,5,relation_perm,late,20,0.36622170073639615,0.3592830889613356,0.9888119098376684,2877.75
sub-ccepAgeUMCU18,10,global,early,20,0.46170598404186663,0.44600519438272795,0.8631119328967929,2588.4
sub-ccepAgeUMCU18,10,global,late,20,0.40760793006657153,0.368762200642007,0.9355965954202314,2588.4
sub-ccepAgeUMCU18,10,node,early,20,0.4654758641472263,0.4402368250940876,0.8689088694080832,2588.4
sub-ccepAgeUMCU18,10,node,late,20,0.40960647604077505,0.40000058231116487,0.9402153564928873,2588.4
sub-ccepAgeUMCU18,10,population,early,20,0.46170598580862954,0.4460052461787248,0.8710586383176395,2588.4
sub-ccepAgeUMCU18,10,population,late,20,0.4076079321778369,0.36876221115139207,0.9291451286987403,2588.4
sub-ccepAgeUMCU18,10,relation,early,20,0.5035600725820341,0.4782640205736876,0.83925143200095,2588.4
sub-ccepAgeUMCU18,10,relation,late,20,0.4105333074480453,0.43999938956125384,0.9255578218518629,2588.4
sub-ccepAgeUMCU18,10,relation_perm,early,20,0.48156447950130354,0.42450457151050774,0.9122939871441895,2588.4
sub-ccepAgeUMCU18,10,relation_perm,late,20,0.4040536752038874,0.4110864716930897,0.9508031888185219,2588.4
sub-ccepAgeUMCU19,3,global,early,20,0.01040200546819696,0.35514281701826733,17.695147766907745,3661.1
sub-ccepAgeUMCU19,3,global,late,20,0.037941234136886846,0.24403877495024018,19.951570206509547,3661.1
sub-ccepAgeUMCU19,3,node,early,20,0.010077922778699521,0.38256996659455494,17.863043805447486,3661.1
sub-ccepAgeUMCU19,3,node,late,20,0.039553207210277684,0.27715285866409706,20.165017984027788,3661.1
sub-ccepAgeUMCU19,3,population,early,20,0.01040200440426843,0.3551428160563172,17.68285285809145,3661.1
sub-ccepAgeUMCU19,3,population,late,20,0.03794122724887471,0.24403887662642637,19.886837003221252,3661.1
sub-ccepAgeUMCU19,3,relation,early,20,0.01944850656342447,0.39846759411199795,17.765908627961558,3661.1
sub-ccepAgeUMCU19,3,relation,late,20,0.06589369623583965,0.2758572354988508,19.991576516052987,3661.1
sub-ccepAgeUMCU19,3,relation_perm,early,20,0.016664985610976617,0.36648646876381813,17.86590364191178,3661.1
sub-ccepAgeUMCU19,3,relation_perm,late,20,0.05960810113428161,0.2565198905607212,20.05589285671362,3661.1
sub-ccepAgeUMCU19,5,global,early,20,0.010816558310196171,0.35669069870289916,17.444375046408794,3536.0
sub-ccepAgeUMCU19,5,global,late,20,0.038372647414378,0.24479118750209702,19.644072815545037,3536.0
sub-ccepAgeUMCU19,5,node,early,20,0.014519216327221232,0.4097115374432293,17.517281968216434,3536.0
sub-ccepAgeUMCU19,5,node,late,20,0.055858270940597865,0.31452345755195243,19.72801669301063,3536.0
sub-ccepAgeUMCU19,5,population,early,20,0.010816557954653822,0.3566906977701143,17.425266972663966,3536.0
sub-ccepAgeUMCU19,5,population,late,20,0.038372642955072186,0.24479124836390667,19.611534274692325,3536.0
sub-ccepAgeUMCU19,5,relation,early,20,0.026117681827456534,0.42008369563535614,17.434610149690055,3536.0
sub-ccepAgeUMCU19,5,relation,late,20,0.10302603255631329,0.3085675447719695,19.61590591266043,3536.0
sub-ccepAgeUMCU19,5,relation_perm,early,20,0.022611745285783073,0.3871971325247789,17.53782197196686,3536.0
sub-ccepAgeUMCU19,5,relation_perm,late,20,0.09895970359359323,0.2954165123182276,19.673801347521486,3536.0
sub-ccepAgeUMCU19,10,global,early,20,0.010277968162035406,0.3575290459898009,17.632651700377092,3228.25
sub-ccepAgeUMCU19,10,global,late,20,0.03784982509847527,0.24489765565753085,19.88065214188703,3228.25
sub-ccepAgeUMCU19,10,node,early,20,0.012629585751828048,0.44445518977013776,17.61043704067844,3228.25
sub-ccepAgeUMCU19,10,node,late,20,0.07237329682299229,0.3348258164145138,19.87421386601688,3228.25
sub-ccepAgeUMCU19,10,population,early,20,0.010277967377226162,0.35752904505287214,17.6203249034435,3228.25
sub-ccepAgeUMCU19,10,population,late,20,0.037849819209538414,0.24489771879320346,19.859028369186298,3228.25
sub-ccepAgeUMCU19,10,relation,early,20,0.027760024651597066,0.4364588576926557,17.572168312906427,3228.25
sub-ccepAgeUMCU19,10,relation,late,20,0.0958895387803014,0.3244454577144209,19.82635235280231,3228.25
sub-ccepAgeUMCU19,10,relation_perm,early,20,0.025442374767485475,0.4071901224387469,17.6612669876219,3228.25
sub-ccepAgeUMCU19,10,relation_perm,late,20,0.1092092682521055,0.32167367161225807,19.851563812886546,3228.25
sub-ccepAgeUMCU20,3,global,early,20,0.3817366239291645,0.3023052458203299,1.3709834311024713,5748.6
sub-ccepAgeUMCU20,3,global,late,20,0.23686359504569915,0.1834988235505339,1.380651231723024,5748.6
sub-ccepAgeUMCU20,3,node,early,20,0.3280209748810476,0.3347102478586894,1.5186815926440982,5748.6
sub-ccepAgeUMCU20,3,node,late,20,0.19225177379597685,0.2330816070297776,1.5093407096661198,5748.6
sub-ccepAgeUMCU20,3,population,early,20,0.38173662632734806,0.3023051636256102,1.3258713003940632,5748.6
sub-ccepAgeUMCU20,3,population,late,20,0.23686360028229783,0.18349886893566106,1.3349064235207888,5748.6
sub-ccepAgeUMCU20,3,relation,early,20,0.36830523469632925,0.3679186128885359,1.40727145550411,5748.6
sub-ccepAgeUMCU20,3,relation,late,20,0.22908485479353335,0.2713986529559864,1.4002584131216929,5748.6
sub-ccepAgeUMCU20,3,relation_perm,early,20,0.35871575283652685,0.35072038999543986,1.4432416380195299,5748.6
sub-ccepAgeUMCU20,3,relation_perm,late,20,0.21669187273691412,0.2534588503010272,1.4349853709084317,5748.6
sub-ccepAgeUMCU20,5,global,early,20,0.3849381566825906,0.30204028286038737,1.3443642508663576,5586.3
sub-ccepAgeUMCU20,5,global,late,20,0.23949323695359434,0.18284797483319504,1.3405690330580493,5586.3
sub-ccepAgeUMCU20,5,node,early,20,0.3737882747862612,0.36630608549148125,1.399885241654784,5586.3
sub-ccepAgeUMCU20,5,node,late,20,0.22606456685274265,0.26702369654466207,1.3977858360998285,5586.3
sub-ccepAgeUMCU20,5,population,early,20,0.38493815870113374,0.3020401990883213,1.3246566274140799,5586.3
sub-ccepAgeUMCU20,5,population,late,20,0.23949324112908627,0.18284803141905562,1.333344062371975,5586.3
sub-ccepAgeUMCU20,5,relation,early,20,0.4070860065381098,0.3990588460536685,1.331528748922855,5586.3
sub-ccepAgeUMCU20,5,relation,late,20,0.2695115386410384,0.3039644916685567,1.3242788673775607,5586.3
sub-ccepAgeUMCU20,5,relation_perm,early,20,0.3940601350487807,0.36643263177464497,1.38440116035924,5586.3
sub-ccepAgeUMCU20,5,relation_perm,late,20,0.2552141814739494,0.2764830674425042,1.3596250457387302,5586.3
sub-ccepAgeUMCU20,10,global,early,20,0.3743836605489074,0.2946873204799787,1.3325689515841523,5181.9
sub-ccepAgeUMCU20,10,global,late,20,0.2292860277928103,0.17549439334515146,1.326703355190748,5181.9
sub-ccepAgeUMCU20,10,node,early,20,0.40205050506826634,0.39975693875801993,1.3206256727883394,5181.9
sub-ccepAgeUMCU20,10,node,late,20,0.2514432227907913,0.3065431145754517,1.3151762384301369,5181.9
sub-ccepAgeUMCU20,10,population,early,20,0.37438366281238966,0.2946872911741915,1.3304086231363486,5181.9
sub-ccepAgeUMCU20,10,population,late,20,0.2292860318935066,0.17549447493199338,1.3418550469439339,5181.9
sub-ccepAgeUMCU20,10,relation,early,20,0.419665970510333,0.41505100784516796,1.2951599006612713,5181.9
sub-ccepAgeUMCU20,10,relation,late,20,0.28523701465693085,0.3463045382491123,1.2839711236638998,5181.9
sub-ccepAgeUMCU20,10,relation_perm,early,20,0.40683455607952057,0.38463305316097,1.342264731987441,5181.9
sub-ccepAgeUMCU20,10,relation_perm,late,20,0.2799619048220444,0.32678094323682794,1.3075521288018233,5181.9
sub-ccepAgeUMCU21,3,global,early,20,0.36618172834778434,0.3683702483779728,1.095444446834217,1764.55
sub-ccepAgeUMCU21,3,global,late,20,0.20498377750293617,0.22095033511986423,0.7645281083811832,1764.55
sub-ccepAgeUMCU21,3,node,early,20,0.3667727415208989,0.3546670897267962,1.152538805285826,1764.55
sub-ccepAgeUMCU21,3,node,late,20,0.2510072609749383,0.2729816597859295,0.8462560993608929,1764.55
sub-ccepAgeUMCU21,3,population,early,20,0.36618172896354645,0.3683702483779728,1.4105557185653608,1764.55
sub-ccepAgeUMCU21,3,population,late,20,0.2049837781805674,0.220950520734366,0.8268051994711783,1764.55
sub-ccepAgeUMCU21,3,relation,early,20,0.36768533114583957,0.35621291870836325,1.14753424153834,1764.55
sub-ccepAgeUMCU21,3,relation,late,20,0.20717949800375318,0.2388319027479834,0.6570311656799119,1764.55
sub-ccepAgeUMCU21,3,relation_perm,early,20,0.37082433309387985,0.3547366368945914,1.2261870250480105,1764.55
sub-ccepAgeUMCU21,3,relation_perm,late,20,0.20721432340535464,0.2343113751950426,0.7476056509761636,1764.55
sub-ccepAgeUMCU21,5,global,early,20,0.3645616197183694,0.37069748646207523,1.095237868076118,1657.55
sub-ccepAgeUMCU21,5,global,late,20,0.20293759817589904,0.2183874278881897,0.7388908570551312,1657.55
sub-ccepAgeUMCU21,5,node,early,20,0.3816342545716535,0.373495440193318,1.0949353044605086,1657.55
sub-ccepAgeUMCU21,5,node,late,20,0.2500456995920276,0.2804701446023195,0.760851097308479,1657.55
sub-ccepAgeUMCU21,5,population,early,20,0.3645616181247443,0.37069748646207523,1.4173735215816237,1657.55
sub-ccepAgeUMCU21,5,population,late,20,0.2029375985370654,0.21838751231702974,0.829748202239913,1657.55
sub-ccepAgeUMCU21,5,relation,early,20,0.38007584289159646,0.3725922283033288,1.0748650872170573,1657.55
sub-ccepAgeUMCU21,5,relation,late,20,0.2157885776066318,0.24718076670483904,0.5993632273259404,1657.55
sub-ccepAgeUMCU21,5,relation_perm,early,20,0.3817561871505259,0.36711403150040217,1.1785376559753247,1657.55
sub-ccepAgeUMCU21,5,relation_perm,late,20,0.2247006657007038,0.24769167998598682,0.70238352507995,1657.55
sub-ccepAgeUMCU21,10,global,early,20,0.37091789109744605,0.3675523057810686,1.0764628495041997,1390.2
sub-ccepAgeUMCU21,10,global,late,20,0.19947648095834714,0.20997853043372255,0.7556984631181781,1390.2
sub-ccepAgeUMCU21,10,node,early,20,0.3938131222026884,0.38137787332162926,1.0431756168383894,1390.2
sub-ccepAgeUMCU21,10,node,late,20,0.25434051420031983,0.2908938819298531,0.7485174316174438,1390.2
sub-ccepAgeUMCU21,10,population,early,20,0.37091788987182744,0.3675523057810686,1.4106685339998344,1390.2
sub-ccepAgeUMCU21,10,population,late,20,0.19947648346987046,0.20997881930003354,0.8465149443575635,1390.2
sub-ccepAgeUMCU21,10,relation,early,20,0.40462904923869336,0.3827951411481207,1.0113432781361311,1390.2
sub-ccepAgeUMCU21,10,relation,late,20,0.2271522123252744,0.26116727851410915,0.591012307800966,1390.2
sub-ccepAgeUMCU21,10,relation_perm,early,20,0.39611989459986,0.36978143666341917,1.166339281544948,1390.2
sub-ccepAgeUMCU21,10,relation_perm,late,20,0.23217034919281967,0.25994146213686836,0.6928910914604558,1390.2
sub-ccepAgeUMCU22,3,global,early,20,0.11002327693508421,0.2422847501514663,1.7844168247253875,4980.95
sub-ccepAgeUMCU22,3,global,late,20,0.09653370819340383,0.15980126592765978,1.9687085781324947,4980.95
sub-ccepAgeUMCU22,3,node,early,20,0.1973697484199663,0.26173152045296566,2.4579769382342596,4980.95
sub-ccepAgeUMCU22,3,node,late,20,0.1893833258109183,0.20827748877362112,2.7011817826109614,4980.95
sub-ccepAgeUMCU22,3,population,early,20,0.11002327694603138,0.24228470074914915,1.7469138212667885,4980.95
sub-ccepAgeUMCU22,3,population,late,20,0.09653370980379249,0.15980128251036546,1.9090473935632932,4980.95
sub-ccepAgeUMCU22,3,relation,early,20,0.2022068890152048,0.27781921820068367,2.1602640812715195,4980.95
sub-ccepAgeUMCU22,3,relation,late,20,0.21096094330873005,0.23629901679752102,2.3356516480473566,4980.95
sub-ccepAgeUMCU22,3,relation_perm,early,20,0.2011253722520289,0.2674341297273211,2.208733159154069,4980.95
sub-ccepAgeUMCU22,3,relation_perm,late,20,0.2129874617235205,0.2271995785738717,2.3695146983403346,4980.95
sub-ccepAgeUMCU22,5,global,early,20,0.10949554401850645,0.24621021815739796,1.7809669684318128,4831.7
sub-ccepAgeUMCU22,5,global,late,20,0.09653414013914155,0.16345205339114027,1.9515101362335128,4831.7
sub-ccepAgeUMCU22,5,node,early,20,0.2178727262495344,0.3018517302033859,1.9294959819733595,4831.7
sub-ccepAgeUMCU22,5,node,late,20,0.2168685242973467,0.23262028746483338,2.139265598861413,4831.7
sub-ccepAgeUMCU22,5,population,early,20,0.10949554436022166,0.24621011381932867,1.7693970226806432,4831.7
sub-ccepAgeUMCU22,5,population,late,20,0.09653414273962894,0.16345206631599696,1.936001309590099,4831.7
sub-ccepAgeUMCU22,5,relation,early,20,0.21849654644571498,0.31715485842933255,1.7965210667667855,4831.7
sub-ccepAgeUMCU22,5,relation,late,20,0.24378987667480995,0.2810856400886567,1.9492337812801896,4831.7
sub-ccepAgeUMCU22,5,relation_perm,early,20,0.21682699172618647,0.2834992979666291,1.8706156013221154,4831.7
sub-ccepAgeUMCU22,5,relation_perm,late,20,0.24782811062212873,0.2560159561041902,1.9890316770575702,4831.7
sub-ccepAgeUMCU22,10,global,early,20,0.11006572899147668,0.2448586112572065,1.8041638785131309,4460.5
sub-ccepAgeUMCU22,10,global,late,20,0.09589551967957308,0.16585505953521418,1.9694320667646914,4460.5
sub-ccepAgeUMCU22,10,node,early,20,0.19344359449638682,0.30863739436696946,1.8193254613266006,4460.5
sub-ccepAgeUMCU22,10,node,late,20,0.21576452810930066,0.24586453275562087,1.982407596926197,4460.5
sub-ccepAgeUMCU22,10,population,early,20,0.11006572865053235,0.24485855286707642,1.7931575045800023,4460.5
sub-ccepAgeUMCU22,10,population,late,20,0.09589552203969465,0.16585508212116581,1.9642996811544478,4460.5
sub-ccepAgeUMCU22,10,relation,early,20,0.21303847553768224,0.3136435341990801,1.7876400800302368,4460.5
sub-ccepAgeUMCU22,10,relation,late,20,0.24792463040754265,0.2891994426035575,1.921370365944264,4460.5
sub-ccepAgeUMCU22,10,relation_perm,early,20,0.2057175690279689,0.2798297393435526,1.8666795507534881,4460.5
sub-ccepAgeUMCU22,10,relation_perm,late,20,0.2508398342231481,0.27317231084858073,1.9565074249113183,4460.5
sub-ccepAgeUMCU23,3,global,early,20,0.5928988934052012,0.5132509342830229,1.1383383137949046,2107.85
sub-ccepAgeUMCU23,3,global,late,20,0.497259194398466,0.3972810205506736,0.7856007199792601,2107.85
sub-ccepAgeUMCU23,3,node,early,20,0.5360470500624819,0.49072688830538097,1.2492578796695064,2107.85
sub-ccepAgeUMCU23,3,node,late,20,0.4668374457145735,0.38306505601153057,0.8485174099178614,2107.85
sub-ccepAgeUMCU23,3,population,early,20,0.592898892105459,0.5132508824654641,1.2353475645171756,2107.85
sub-ccepAgeUMCU23,3,population,late,20,0.4972591939796799,0.3972810205506736,0.9040846802398436,2107.85
sub-ccepAgeUMCU23,3,relation,early,20,0.5545423881081952,0.5084628737766098,1.2015661084550653,2107.85
sub-ccepAgeUMCU23,3,relation,late,20,0.4586554770725216,0.4054140823775477,0.7277320526656565,2107.85
sub-ccepAgeUMCU23,3,relation_perm,early,20,0.5321016559741543,0.4788720971314713,1.2800074738628395,2107.85
sub-ccepAgeUMCU23,3,relation_perm,late,20,0.42171227658068844,0.3506192866189827,0.7960693663987702,2107.85
sub-ccepAgeUMCU23,5,global,early,20,0.5879947297385028,0.5074716991015331,1.1173496218604908,2007.8
sub-ccepAgeUMCU23,5,global,late,20,0.49660995355399795,0.3936117203234882,0.7693985079233494,2007.8
sub-ccepAgeUMCU23,5,node,early,20,0.5659329281801229,0.5088814139557615,1.1686829203088913,2007.8
sub-ccepAgeUMCU23,5,node,late,20,0.4806264490275532,0.3820959405720876,0.8014263466935182,2007.8
sub-ccepAgeUMCU23,5,population,early,20,0.5879947270433452,0.5074716428672803,1.23165117944,2007.8
sub-ccepAgeUMCU23,5,population,late,20,0.4966099529936037,0.3936117203234882,0.8907464481524332,2007.8
sub-ccepAgeUMCU23,5,relation,early,20,0.5863900695883291,0.5332532337276181,1.105163737861553,2007.8
sub-ccepAgeUMCU23,5,relation,late,20,0.4800480451199102,0.4338785355404505,0.686914046746544,2007.8
sub-ccepAgeUMCU23,5,relation_perm,early,20,0.5684954554121837,0.4993763648081472,1.188794875067344,2007.8
sub-ccepAgeUMCU23,5,relation_perm,late,20,0.4505062015271009,0.36244741934674196,0.7797334470172719,2007.8
sub-ccepAgeUMCU23,10,global,early,20,0.5916758495169249,0.5093386588350524,1.1181690071401158,1757.4
sub-ccepAgeUMCU23,10,global,late,20,0.5079203002865476,0.40293525687339554,0.751945834790557,1757.4
sub-ccepAgeUMCU23,10,node,early,20,0.583107521946569,0.5231421344664683,1.1451827482841186,1757.4
sub-ccepAgeUMCU23,10,node,late,20,0.5006680573573281,0.4161971591865036,0.7677390626246307,1757.4
sub-ccepAgeUMCU23,10,population,early,20,0.5916758464147104,0.5093385855937387,1.2360944365589301,1757.4
sub-ccepAgeUMCU23,10,population,late,20,0.5079202972960876,0.40293525687339554,0.8873730221777191,1757.4
sub-ccepAgeUMCU23,10,relation,early,20,0.5992447359228991,0.5431255563083772,1.0946876814292892,1757.4
sub-ccepAgeUMCU23,10,relation,late,20,0.500847078263978,0.46426773415269623,0.6721561743501606,1757.4
sub-ccepAgeUMCU23,10,relation_perm,early,20,0.5863635631753714,0.5174870866228227,1.175432834102042,1757.4
sub-ccepAgeUMCU23,10,relation_perm,late,20,0.48319423649553866,0.38902619791615906,0.7601212797522374,1757.4
sub-ccepAgeUMCU24,3,global,early,20,0.4104239766819407,0.35739475355936395,0.9434588820609869,8696.35
sub-ccepAgeUMCU24,3,global,late,20,0.3269381595829425,0.24422355532840606,0.60034070971733,8696.35
sub-ccepAgeUMCU24,3,node,early,20,0.3630115492947423,0.34373475705590945,1.0177750820087046,8696.35
sub-ccepAgeUMCU24,3,node,late,20,0.3265448874483705,0.2820941203396359,0.6403018642267118,8696.35
sub-ccepAgeUMCU24,3,population,early,20,0.4104239739318477,0.35739476912361134,0.9836174936076191,8696.35
sub-ccepAgeUMCU24,3,population,late,20,0.32693816131893294,0.24422356143374407,0.6469500560224388,8696.35
sub-ccepAgeUMCU24,3,relation,early,20,0.35937907449151546,0.3566249355158133,0.988168144298656,8696.35
sub-ccepAgeUMCU24,3,relation,late,20,0.3130295889510981,0.2994664644994939,0.5778250238491291,8696.35
sub-ccepAgeUMCU24,3,relation_perm,early,20,0.3491178256698355,0.3393620526507756,1.02978217712616,8696.35
sub-ccepAgeUMCU24,3,relation_perm,late,20,0.29631131302120656,0.27199862813413134,0.6187720802759273,8696.35
sub-ccepAgeUMCU24,5,global,early,20,0.40948675514501326,0.35549231659701463,0.9209724601779523,8496.6
sub-ccepAgeUMCU24,5,global,late,20,0.32755892978373335,0.2448902281656284,0.5811301971405973,8496.6
sub-ccepAgeUMCU24,5,node,early,20,0.38933447356432876,0.3612401496702259,0.9532494424654457,8496.6
sub-ccepAgeUMCU24,5,node,late,20,0.34191606623402365,0.29139229766552294,0.5968062661463831,8496.6
sub-ccepAgeUMCU24,5,population,early,20,0.4094867535307169,0.35549232720790436,0.9848817945816268,8496.6
sub-ccepAgeUMCU24,5,population,late,20,0.3275589307613768,0.24489024079383542,0.6448512237612712,8496.6
sub-ccepAgeUMCU24,5,relation,early,20,0.3820228367679983,0.3727791559970154,0.9347926725718574,8496.6
sub-ccepAgeUMCU24,5,relation,late,20,0.33822200584082374,0.3174806632869069,0.5363630890970789,8496.6
sub-ccepAgeUMCU24,5,relation_perm,early,20,0.3712052043936024,0.34961552623088565,0.9933966851306455,8496.6
sub-ccepAgeUMCU24,5,relation_perm,late,20,0.3143018498828341,0.2726666813254655,0.59325672062904,8496.6
sub-ccepAgeUMCU24,10,global,early,20,0.4116803377087561,0.3630013357744818,0.9272888383770643,7996.5
sub-ccepAgeUMCU24,10,global,late,20,0.3290308926205804,0.24987998970438588,0.590240268314496,7996.5
sub-ccepAgeUMCU24,10,node,early,20,0.40972068037551557,0.3886825562989763,0.934831094683614,7996.5
sub-ccepAgeUMCU24,10,node,late,20,0.35307695054414723,0.31890750966039366,0.5829217415597611,7996.5
sub-ccepAgeUMCU24,10,population,early,20,0.41168033549434657,0.36300134844933934,0.9914203168239947,7996.5
sub-ccepAgeUMCU24,10,population,late,20,0.3290308948531367,0.24988003352807234,0.6513755892099631,7996.5
sub-ccepAgeUMCU24,10,relation,early,20,0.39459789168847437,0.39576659494727595,0.923112331507266,7996.5
sub-ccepAgeUMCU24,10,relation,late,20,0.3525889515248951,0.3398758773372482,0.5230574752814944,7996.5
sub-ccepAgeUMCU24,10,relation_perm,early,20,0.386512534172749,0.37596114276437326,0.9987548614708228,7996.5
sub-ccepAgeUMCU24,10,relation_perm,late,20,0.3469089533391746,0.3141370325802858,0.5665732306810836,7996.5
sub-ccepAgeUMCU25,3,global,early,20,0.47986873805689134,0.33350400573860806,0.7051032682119749,3955.1
sub-ccepAgeUMCU25,3,global,late,20,0.39706596253383303,0.23625145981742235,0.6842190749347777,3955.1
sub-ccepAgeUMCU25,3,node,early,20,0.44531137001308085,0.30802397743508714,0.7816652153889567,3955.1
sub-ccepAgeUMCU25,3,node,late,20,0.36493761217092185,0.2488140829570331,0.7579735632903023,3955.1
sub-ccepAgeUMCU25,3,population,early,20,0.47986873466405633,0.33350406193302773,0.6814776643728554,3955.1
sub-ccepAgeUMCU25,3,population,late,20,0.39706596697324914,0.23625155046632806,0.6382697918477436,3955.1
sub-ccepAgeUMCU25,3,relation,early,20,0.44636574923490346,0.31959631027553403,0.7573389005343902,3955.1
sub-ccepAgeUMCU25,3,relation,late,20,0.3417647233912096,0.2635288933006294,0.7021642132276147,3955.1
sub-ccepAgeUMCU25,3,relation_perm,early,20,0.43186337286006304,0.29188240759328865,0.7930558039242556,3955.1
sub-ccepAgeUMCU25,3,relation_perm,late,20,0.31675621641016133,0.2268247029684351,0.7394748508415052,3955.1
sub-ccepAgeUMCU25,5,global,early,20,0.47437167948936265,0.32755825265511984,0.6764912848077109,3799.1
sub-ccepAgeUMCU25,5,global,late,20,0.3825087799234946,0.22974268847740728,0.657941711761107,3799.1
sub-ccepAgeUMCU25,5,node,early,20,0.45459754204474223,0.3161575243079586,0.7296276105324405,3799.1
sub-ccepAgeUMCU25,5,node,late,20,0.37092340859829875,0.2605625961275657,0.7019020455609504,3799.1
sub-ccepAgeUMCU25,5,population,early,20,0.4743716766408116,0.3275583146529166,0.6843694793844091,3799.1
sub-ccepAgeUMCU25,5,population,late,20,0.382508784963201,0.2297427354466738,0.6470574808781339,3799.1
sub-ccepAgeUMCU25,5,relation,early,20,0.46233328981309574,0.3364181960678375,0.6967907798211678,3799.1
sub-ccepAgeUMCU25,5,relation,late,20,0.3589989207916764,0.27598824413323675,0.649684211448452,3799.1
sub-ccepAgeUMCU25,5,relation_perm,early,20,0.443438507900937,0.2971538551646997,0.7557753181859468,3799.1
sub-ccepAgeUMCU25,5,relation_perm,late,20,0.3310292211147451,0.23863341451658987,0.6953360095406607,3799.1
sub-ccepAgeUMCU25,10,global,early,20,0.4828001165639183,0.3278910262167377,0.678290572404093,3412.8
sub-ccepAgeUMCU25,10,global,late,20,0.38455034492828805,0.22851524289131633,0.6575712638784118,3412.8
sub-ccepAgeUMCU25,10,node,early,20,0.4830688381608919,0.34827491889011264,0.6903640587564333,3412.8
sub-ccepAgeUMCU25,10,node,late,20,0.3865597653243921,0.2853045802303397,0.6705614773237258,3412.8
sub-ccepAgeUMCU25,10,population,early,20,0.48280011442256143,0.32789104995894625,0.6819409552114174,3412.8
sub-ccepAgeUMCU25,10,population,late,20,0.38455035086381384,0.22851527998931004,0.6462456693049956,3412.8
sub-ccepAgeUMCU25,10,relation,early,20,0.48492626001664874,0.3619363824801081,0.6753952572633493,3412.8
sub-ccepAgeUMCU25,10,relation,late,20,0.37107177855599577,0.30955723464859186,0.633348766355401,3412.8
sub-ccepAgeUMCU25,10,relation_perm,early,20,0.4688888001145763,0.31705090971511435,0.7436490476351512,3412.8
sub-ccepAgeUMCU25,10,relation_perm,late,20,0.35325258937368736,0.26966209996621576,0.6729016933950497,3412.8
sub-ccepAgeUMCU26,3,global,early,20,0.38730318837444255,0.4648510503656255,1.1743367212725027,2352.7
sub-ccepAgeUMCU26,3,global,late,20,0.22176644334542245,0.29316797410470485,1.3637901720010812,2352.7
sub-ccepAgeUMCU26,3,node,early,20,0.3212195916352703,0.415774411521307,1.3655412185322724,2352.7
sub-ccepAgeUMCU26,3,node,late,20,0.18476823446998722,0.2642371148340402,1.5379822219343797,2352.7
sub-ccepAgeUMCU26,3,population,early,20,0.387303190193997,0.4648510503656255,1.4565786360398907,2352.7
sub-ccepAgeUMCU26,3,population,late,20,0.22176644197323553,0.29316797410470485,1.4855507760083335,2352.7
sub-ccepAgeUMCU26,3,relation,early,20,0.3361923022560426,0.4429751657465516,1.2661644537975392,2352.7
sub-ccepAgeUMCU26,3,relation,late,20,0.18857567449658863,0.29384823888320555,1.2905389454878449,2352.7
sub-ccepAgeUMCU26,3,relation_perm,early,20,0.32081922103454924,0.4051340518941068,1.3415899117591732,2352.7
sub-ccepAgeUMCU26,3,relation_perm,late,20,0.17449229680931233,0.24718444671416856,1.3886270000851897,2352.7
sub-ccepAgeUMCU26,5,global,early,20,0.38621798743318225,0.46558673060849864,1.1354622957888112,2248.3
sub-ccepAgeUMCU26,5,global,late,20,0.2165079720080442,0.29007879846789686,1.2938124976311398,2248.3
sub-ccepAgeUMCU26,5,node,early,20,0.36724588053213536,0.4410862308019753,1.2085721720847085,2248.3
sub-ccepAgeUMCU26,5,node,late,20,0.20797384281404133,0.27855608379736924,1.3650150166539752,2248.3
sub-ccepAgeUMCU26,5,population,early,20,0.3862179890344323,0.46558673060849864,1.4430079792808839,2248.3
sub-ccepAgeUMCU26,5,population,late,20,0.21650797054162485,0.29007879846789686,1.4755857063679154,2248.3
sub-ccepAgeUMCU26,5,relation,early,20,0.3758331502420619,0.4738410195051941,1.1286476214384247,2248.3
sub-ccepAgeUMCU26,5,relation,late,20,0.21648623747669066,0.3221100416892961,1.1571136009568457,2248.3
sub-ccepAgeUMCU26,5,relation_perm,early,20,0.3647970751842865,0.42948257897609016,1.231223064057105,2248.3
sub-ccepAgeUMCU26,5,relation_perm,late,20,0.2046064491450768,0.2698568312194822,1.3006228752218512,2248.3
sub-ccepAgeUMCU26,10,global,early,20,0.3907561629501537,0.4650633927443744,1.1353593534774453,1988.0
sub-ccepAgeUMCU26,10,global,late,20,0.2230281533898745,0.292598918879845,1.271355585643454,1988.0
sub-ccepAgeUMCU26,10,node,early,20,0.395154204585512,0.4607067249312289,1.1515640405260696,1988.0
sub-ccepAgeUMCU26,10,node,late,20,0.2254936035684668,0.29301267665175107,1.2827780827588526,1988.0
sub-ccepAgeUMCU26,10,population,early,20,0.39075616441282424,0.4650633927443744,1.4447219549272448,1988.0
sub-ccepAgeUMCU26,10,population,late,20,0.2230281504862272,0.292598918879845,1.4617375417411869,1988.0
sub-ccepAgeUMCU26,10,relation,early,20,0.39875680217825415,0.48574698579213954,1.0909076750587192,1988.0
sub-ccepAgeUMCU26,10,relation,late,20,0.23380797766352135,0.3416642147887463,1.1072704032868388,1988.0
sub-ccepAgeUMCU26,10,relation_perm,early,20,0.38503120132727303,0.4330036915315965,1.2096938607067813,1988.0
sub-ccepAgeUMCU26,10,relation_perm,late,20,0.21599625769787972,0.2709823689605024,1.2947525931149422,1988.0
sub-ccepAgeUMCU27,3,global,early,20,0.2431382137200858,0.21683201456914633,0.8805904717303358,3278.2
sub-ccepAgeUMCU27,3,global,late,20,0.13296552833625802,0.18889200055108094,1.0341656091199007,3278.2
sub-ccepAgeUMCU27,3,node,early,20,0.22165117767408238,0.19457324516030775,0.9682814977143795,3278.2
sub-ccepAgeUMCU27,3,node,late,20,0.13102139382255742,0.23837679993248898,1.128582301280066,3278.2
sub-ccepAgeUMCU27,3,population,early,20,0.2431382125231719,0.21683198509901533,0.833190221975016,3278.2
sub-ccepAgeUMCU27,3,population,late,20,0.1329655312269827,0.18889200397895348,0.9816176073310976,3278.2
sub-ccepAgeUMCU27,3,relation,early,20,0.24318216270818693,0.2069951361839688,0.9339384035691616,3278.2
sub-ccepAgeUMCU27,3,relation,late,20,0.14181357377547224,0.278241625817494,0.976551541099132,3278.2
sub-ccepAgeUMCU27,3,relation_perm,early,20,0.23650900104589162,0.1872930837675459,1.0187573599176667,3278.2
sub-ccepAgeUMCU27,3,relation_perm,late,20,0.1327768284212401,0.24409432458232336,1.0452465901494892,3278.2
sub-ccepAgeUMCU27,5,global,early,20,0.2495115892778461,0.21324164052589087,0.8631665800541016,3167.35
sub-ccepAgeUMCU27,5,global,late,20,0.13556145854951543,0.18788957599119605,1.000284427053701,3167.35
sub-ccepAgeUMCU27,5,node,early,20,0.23710364258647615,0.21963262059090044,0.9121624558075453,3167.35
sub-ccepAgeUMCU27,5,node,late,20,0.14573406938810246,0.2613428719548511,1.0367197423448575,3167.35
sub-ccepAgeUMCU27,5,population,early,20,0.24951159510107596,0.21324165842374412,0.8367719183461393,3167.35
sub-ccepAgeUMCU27,5,population,late,20,0.13556146223937554,0.18788958695036398,0.9804116479550737,3167.35
sub-ccepAgeUMCU27,5,relation,early,20,0.2596299740620358,0.22867714711567055,0.902973022293726,3167.35
sub-ccepAgeUMCU27,5,relation,late,20,0.1564509273037163,0.29349227169502445,0.9299199041718198,3167.35
sub-ccepAgeUMCU27,5,relation_perm,early,20,0.25038284775951364,0.1932912738407267,1.0030929468242433,3167.35
sub-ccepAgeUMCU27,5,relation_perm,late,20,0.13674250403633936,0.22973414377218782,1.0319237487339554,3167.35
sub-ccepAgeUMCU27,10,global,early,20,0.2513873186040027,0.20896590017489033,0.8626041455266416,2890.05
sub-ccepAgeUMCU27,10,global,late,20,0.1388993263310206,0.19165102015867405,1.0076148794159412,2890.05
sub-ccepAgeUMCU27,10,node,early,20,0.25067879269782617,0.24173201716187126,0.8758561765325037,2890.05
sub-ccepAgeUMCU27,10,node,late,20,0.1541607232846982,0.28644776753240037,0.9973701317624778,2890.05
sub-ccepAgeUMCU27,10,population,early,20,0.25138732165349964,0.20896596191289613,0.8439241831027597,2890.05
sub-ccepAgeUMCU27,10,population,late,20,0.13889932796975196,0.19165102420342955,0.9813304096120197,2890.05
sub-ccepAgeUMCU27,10,relation,early,20,0.27956738924181995,0.23204230066641238,0.8661987028985495,2890.05
sub-ccepAgeUMCU27,10,relation,late,20,0.17016499198029023,0.3169937530167267,0.9034558312177596,2890.05
sub-ccepAgeUMCU27,10,relation_perm,early,20,0.2638291585859589,0.1931078034732118,0.9835844850882512,2890.05
sub-ccepAgeUMCU27,10,relation_perm,late,20,0.14597349470067236,0.2515139652801812,1.0243881035747342,2890.05
sub-ccepAgeUMCU28,3,global,early,20,0.43760489812149805,0.3628964894254773,1.2767886591632545,2996.35
sub-ccepAgeUMCU28,3,global,late,20,0.23116946984989556,0.24272645705507645,1.1308421477293324,2996.35
sub-ccepAgeUMCU28,3,node,early,20,0.3932206275265267,0.3201619969108333,1.4163066309053818,2996.35
sub-ccepAgeUMCU28,3,node,late,20,0.24507717204580554,0.23194055516730655,1.1924744843821062,2996.35
sub-ccepAgeUMCU28,3,population,early,20,0.4376048977040415,0.3628964894254773,1.2472483634095028,2996.35
sub-ccepAgeUMCU28,3,population,late,20,0.2311694695740058,0.24272643867287735,1.0489494781005582,2996.35
sub-ccepAgeUMCU28,3,relation,early,20,0.4062197175504621,0.3541223671408764,1.3345808691709542,2996.35
sub-ccepAgeUMCU28,3,relation,late,20,0.2589912428806446,0.2818480551050419,0.9594402061119366,2996.35
sub-ccepAgeUMCU28,3,relation_perm,early,20,0.39387322870226993,0.3162351000322549,1.4146628834142887,2996.35
sub-ccepAgeUMCU28,3,relation_perm,late,20,0.23934855101966251,0.2371031478863251,1.0757337874666262,2996.35
sub-ccepAgeUMCU28,5,global,early,20,0.43460619555666424,0.35737286872697877,1.2648094582861362,2879.0
sub-ccepAgeUMCU28,5,global,late,20,0.22715629881643667,0.23616902639756515,1.0793680911451649,2879.0
sub-ccepAgeUMCU28,5,node,early,20,0.41942095213629643,0.33483013721594695,1.3387659699467513,2879.0
sub-ccepAgeUMCU28,5,node,late,20,0.2511352122961799,0.2461649182060545,1.1040409185967386,2879.0
sub-ccepAgeUMCU28,5,population,early,20,0.4346061950276178,0.35737286872697877,1.247771506461841,2879.0
sub-ccepAgeUMCU28,5,population,late,20,0.22715630085935432,0.23616902639756515,1.061185975439192,2879.0
sub-ccepAgeUMCU28,5,relation,early,20,0.4286162580680184,0.3693995451226758,1.2914252560976147,2879.0
sub-ccepAgeUMCU28,5,relation,late,20,0.27489142468405453,0.29491620226316795,0.8961206076223783,2879.0
sub-ccepAgeUMCU28,5,relation_perm,early,20,0.4153216783134928,0.33009703633481907,1.3886467372942142,2879.0
sub-ccepAgeUMCU28,5,relation_perm,late,20,0.24950791326497018,0.24612563850782262,1.0082723644180365,2879.0
sub-ccepAgeUMCU28,10,global,early,20,0.43525844099426114,0.3580242013006588,1.2580121377853621,2583.85
sub-ccepAgeUMCU28,10,global,late,20,0.23095843459119436,0.23987407967701282,1.0747996108427904,2583.85
sub-ccepAgeUMCU28,10,node,early,20,0.43979484383709144,0.35785171680450806,1.2779523595198885,2583.85
sub-ccepAgeUMCU28,10,node,late,20,0.2591514713140552,0.2566203097107707,1.0689255994506386,2583.85
sub-ccepAgeUMCU28,10,population,early,20,0.43525843958871,0.3580242013006588,1.2505327947104214,2583.85
sub-ccepAgeUMCU28,10,population,late,20,0.2309584369949862,0.2398740011862502,1.0525804278344235,2583.85
sub-ccepAgeUMCU28,10,relation,early,20,0.4475281532206624,0.3926716215290809,1.2233269564475662,2583.85
sub-ccepAgeUMCU28,10,relation,late,20,0.2952098938024123,0.3194267607853495,0.84693977628586,2583.85
sub-ccepAgeUMCU28,10,relation_perm,early,20,0.4317990405359556,0.34131298456754905,1.3593589183361414,2583.85
sub-ccepAgeUMCU28,10,relation_perm,late,20,0.25946814745701563,0.2493421936094727,1.0119789555103313,2583.85
sub-ccepAgeUMCU29,3,global,early,20,0.17702391860596825,0.13854342146096357,1.4144841032197495,2597.7
sub-ccepAgeUMCU29,3,global,late,20,0.18889098543697894,0.06419984766023552,0.8881687955615624,2597.7
sub-ccepAgeUMCU29,3,node,early,20,0.1901422395661547,0.15400789464046585,1.4549917416980247,2597.7
sub-ccepAgeUMCU29,3,node,late,20,0.23218835660184517,0.16121340273458215,0.9677391072413,2597.7
sub-ccepAgeUMCU29,3,population,early,20,0.1770301300376744,0.13857791641348724,1.9583817900640597,2597.7
sub-ccepAgeUMCU29,3,population,late,20,0.18889098573946364,0.06419995871705306,0.8168641575827167,2597.7
sub-ccepAgeUMCU29,3,relation,early,20,0.20549462054693687,0.16185756289125292,1.4204801282989539,2597.7
sub-ccepAgeUMCU29,3,relation,late,20,0.22648456499073952,0.18984971151213575,0.8453118568498785,2597.7
sub-ccepAgeUMCU29,3,relation_perm,early,20,0.1975894529143269,0.14759830882377925,1.5689822818983663,2597.7
sub-ccepAgeUMCU29,3,relation_perm,late,20,0.20441820163474844,0.15457821965466767,0.8889510487061818,2597.7
sub-ccepAgeUMCU29,5,global,early,20,0.18524685174969438,0.1496752621976031,1.244345606540915,2482.15
sub-ccepAgeUMCU29,5,global,late,20,0.18747767652045905,0.06616849676360803,0.8586179807534224,2482.15
sub-ccepAgeUMCU29,5,node,early,20,0.2069846038860339,0.1702890891558249,1.2753664212987188,2482.15
sub-ccepAgeUMCU29,5,node,late,20,0.2457905398071855,0.18189019625707595,0.911350754395458,2482.15
sub-ccepAgeUMCU29,5,population,early,20,0.18531835856990672,0.14993308186636295,1.9127230779031357,2482.15
sub-ccepAgeUMCU29,5,population,late,20,0.18747767499040896,0.06616852312618339,0.8137058751216442,2482.15
sub-ccepAgeUMCU29,5,relation,early,20,0.22469011603675915,0.18042902009461192,1.2240632430577791,2482.15
sub-ccepAgeUMCU29,5,relation,late,20,0.2510527508789633,0.2109626665244225,0.7873758835314314,2482.15
sub-ccepAgeUMCU29,5,relation_perm,early,20,0.21679251197428484,0.1682641386161204,1.3356777527643064,2482.15
sub-ccepAgeUMCU29,5,relation_perm,late,20,0.23376888303278723,0.1695826969260144,0.8345605559678695,2482.15
sub-ccepAgeUMCU29,10,global,early,20,0.1784040848576055,0.1409524830800311,1.327081321990248,2193.1
sub-ccepAgeUMCU29,10,global,late,20,0.194485440944959,0.062313534551031405,0.8257165956734601,2193.1
sub-ccepAgeUMCU29,10,node,early,20,0.20666128838207376,0.16780076341950642,1.2758980254189607,2193.1
sub-ccepAgeUMCU29,10,node,late,20,0.2633562572347328,0.19571200649760784,0.8270470387946457,2193.1
sub-ccepAgeUMCU29,10,population,early,20,0.17840408312406872,0.1409524830800311,1.9869934786323156,2193.1
sub-ccepAgeUMCU29,10,population,late,20,0.19448544172879295,0.06231363515426673,0.8122669138903337,2193.1
sub-ccepAgeUMCU29,10,relation,early,20,0.23318987279056294,0.18725467308876995,1.240791572548011,2193.1
sub-ccepAgeUMCU29,10,relation,late,20,0.27264050962443404,0.24299334942635736,0.7481815574176383,2193.1
sub-ccepAgeUMCU29,10,relation_perm,early,20,0.2275403511626437,0.17059024075318158,1.3767373974827863,2193.1
sub-ccepAgeUMCU29,10,relation_perm,late,20,0.23934044000681326,0.1719645890485171,0.798527156791084,2193.1
sub-ccepAgeUMCU30,3,global,early,20,0.3262258478520647,0.1885518058221809,0.5552566061424551,6510.55
sub-ccepAgeUMCU30,3,global,late,20,0.2762958791208903,0.22223877946473292,0.596044648545551,6510.55
sub-ccepAgeUMCU30,3,node,early,20,0.29664424061272554,0.15269436706900422,0.6250795318708974,6510.55
sub-ccepAgeUMCU30,3,node,late,20,0.24644155184630465,0.18302279808500305,0.6603582907300749,6510.55
sub-ccepAgeUMCU30,3,population,early,20,0.32622585124270814,0.18855182959073244,0.5616328243730624,6510.55
sub-ccepAgeUMCU30,3,population,late,20,0.2762958742303666,0.22223864365631885,0.5783952639350057,6510.55
sub-ccepAgeUMCU30,3,relation,early,20,0.32599215881063826,0.16118714192580172,0.5901372566590222,6510.55
sub-ccepAgeUMCU30,3,relation,late,20,0.30551102126006313,0.21739062628654282,0.6067438030704273,6510.55
sub-ccepAgeUMCU30,3,relation_perm,early,20,0.31431860697444564,0.14932730758435286,0.6488145045280833,6510.55
sub-ccepAgeUMCU30,3,relation_perm,late,20,0.28859026201849314,0.1985217203673453,0.6356346122729434,6510.55
sub-ccepAgeUMCU30,5,global,early,20,0.32178523167297923,0.18726604407085543,0.5465057476111321,6324.2
sub-ccepAgeUMCU30,5,global,late,20,0.2815242973754707,0.22375256303790197,0.5992796683620399,6324.2
sub-ccepAgeUMCU30,5,node,early,20,0.3148909218581949,0.17072878339622888,0.5845485852901164,6324.2
sub-ccepAgeUMCU30,5,node,late,20,0.27864236811316717,0.21606392187852008,0.6439879897086256,6324.2
sub-ccepAgeUMCU30,5,population,early,20,0.32178523644564877,0.18726605083286857,0.5640620143004095,6324.2
sub-ccepAgeUMCU30,5,population,late,20,0.28152429292696407,0.2237523963858244,0.5721425194212015,6324.2
sub-ccepAgeUMCU30,5,relation,early,20,0.3418666327862331,0.16833052457187264,0.5685670798373724,6324.2
sub-ccepAgeUMCU30,5,relation,late,20,0.3281760013818935,0.2411636465254347,0.6025508477362733,6324.2
sub-ccepAgeUMCU30,5,relation_perm,early,20,0.3350039450447554,0.16339483432821456,0.6221976789514165,6324.2
sub-ccepAgeUMCU30,5,relation_perm,late,20,0.31017060791283585,0.21243410510111754,0.6323669759038448,6324.2
sub-ccepAgeUMCU30,10,global,early,20,0.3249121512823272,0.1848337439528943,0.5294458547841436,5859.75
sub-ccepAgeUMCU30,10,global,late,20,0.27507556835357,0.21777865047998923,0.5840108545749231,5859.75
sub-ccepAgeUMCU30,10,node,early,20,0.327315733378666,0.1780849322190575,0.5447182111846278,5859.75
sub-ccepAgeUMCU30,10,node,late,20,0.28663543391934493,0.22788455322510354,0.5993763277388641,5859.75
sub-ccepAgeUMCU30,10,population,early,20,0.3249121561220817,0.1848337504448105,0.5621555634938671,5859.75
sub-ccepAgeUMCU30,10,population,late,20,0.27507556407451283,0.2177784960119924,0.5770445154528953,5859.75
sub-ccepAgeUMCU30,10,relation,early,20,0.3509578542360187,0.17620665736576718,0.5319754949386137,5859.75
sub-ccepAgeUMCU30,10,relation,late,20,0.34195266550322617,0.2603550680929834,0.5645765448522402,5859.75
sub-ccepAgeUMCU30,10,relation_perm,early,20,0.34395887046242657,0.16846612980888434,0.6058579696573759,5859.75
sub-ccepAgeUMCU30,10,relation_perm,late,20,0.3314458120288836,0.22497324465137827,0.5941639012962113,5859.75
sub-ccepAgeUMCU31,3,global,early,20,0.4918184310034469,0.3682670239104012,0.7391641034739943,2294.65
sub-ccepAgeUMCU31,3,global,late,20,0.37066010828903667,0.2670988444230062,0.7715583760144842,2294.65
sub-ccepAgeUMCU31,3,node,early,20,0.43758376816091954,0.30601957782035105,0.8294133963392631,2294.65
sub-ccepAgeUMCU31,3,node,late,20,0.35202054924837156,0.2607876897090279,0.832489404885723,2294.65
sub-ccepAgeUMCU31,3,population,early,20,0.49181843249453794,0.3682669824545767,0.7882185611181054,2294.65
sub-ccepAgeUMCU31,3,population,late,20,0.37066010668990024,0.2670988592110459,0.9268627270418065,2294.65
sub-ccepAgeUMCU31,3,relation,early,20,0.4948517103089296,0.35625400451705475,0.8262303597822255,2294.65
sub-ccepAgeUMCU31,3,relation,late,20,0.40370508208630884,0.2889629843214535,0.765939152114265,2294.65
sub-ccepAgeUMCU31,3,relation_perm,early,20,0.48099140412074154,0.33102693703605846,0.8779893221224917,2294.65
sub-ccepAgeUMCU31,3,relation_perm,late,20,0.3888321471909303,0.26615506358805124,0.8126668605996337,2294.65
sub-ccepAgeUMCU31,5,global,early,20,0.4876846806949341,0.3688390352849437,0.7417014903787286,2182.75
sub-ccepAgeUMCU31,5,global,late,20,0.3699956777260789,0.26468957105210233,0.7561675660311055,2182.75
sub-ccepAgeUMCU31,5,node,early,20,0.4642418128892081,0.33656122800397287,0.7884193368074633,2182.75
sub-ccepAgeUMCU31,5,node,late,20,0.377436718831164,0.28255903690799833,0.775309802577628,2182.75
sub-ccepAgeUMCU31,5,population,early,20,0.48768468211978755,0.3688390352849437,0.784861513674119,2182.75
sub-ccepAgeUMCU31,5,population,late,20,0.36999567712066483,0.26468957105210233,0.9331856302642854,2182.75
sub-ccepAgeUMCU31,5,relation,early,20,0.5078079096581282,0.382252751067209,0.7623695450007519,2182.75
sub-ccepAgeUMCU31,5,relation,late,20,0.42597527634825677,0.31215094500733337,0.7169203215276841,2182.75
sub-ccepAgeUMCU31,5,relation_perm,early,20,0.4980581300964698,0.34623900626199244,0.8321711308357127,2182.75
sub-ccepAgeUMCU31,5,relation_perm,late,20,0.4145747515601907,0.28165627718497516,0.7573218850252242,2182.75
sub-ccepAgeUMCU31,10,global,early,20,0.49308634009856245,0.37558234897743775,0.7285060086885888,1903.2
sub-ccepAgeUMCU31,10,global,late,20,0.3718014685785763,0.2715116072270196,0.7371557387894982,1903.2
sub-ccepAgeUMCU31,10,node,early,20,0.4851060632664329,0.36679543239784973,0.7453668071420826,1903.2
sub-ccepAgeUMCU31,10,node,late,20,0.39789808478022987,0.30642430782914565,0.7288672553493729,1903.2
sub-ccepAgeUMCU31,10,population,early,20,0.49308634072024093,0.37558234897743775,0.7860218761507777,1903.2
sub-ccepAgeUMCU31,10,population,late,20,0.3718014683857455,0.2715116072270196,0.9277906549212054,1903.2
sub-ccepAgeUMCU31,10,relation,early,20,0.5204261393238913,0.40260210219996023,0.7369401568903706,1903.2
sub-ccepAgeUMCU31,10,relation,late,20,0.44161389808263785,0.3366789469311462,0.6812855868576498,1903.2
sub-ccepAgeUMCU31,10,relation_perm,early,20,0.5064826564144802,0.3583438127721247,0.8154301542425341,1903.2
sub-ccepAgeUMCU31,10,relation_perm,late,20,0.4287337419138666,0.30843716378958325,0.7342262391185539,1903.2
sub-ccepAgeUMCU32,3,global,early,20,0.505397164929557,0.31599688878398546,0.6946158023629827,4619.65
sub-ccepAgeUMCU32,3,global,late,20,0.2636353823732428,0.24985691198927684,0.939180163518518,4619.65
sub-ccepAgeUMCU32,3,node,early,20,0.4837860916901975,0.3285895972051167,0.7769698390467868,4619.65
sub-ccepAgeUMCU32,3,node,late,20,0.2755076371906683,0.23852097909238185,1.0104737346422472,4619.65
sub-ccepAgeUMCU32,3,population,early,20,0.5053971640431126,0.31599691857123374,0.7399935022320175,4619.65
sub-ccepAgeUMCU32,3,population,late,20,0.26363538184443647,0.24985695268683475,1.0147128383098702,4619.65
sub-ccepAgeUMCU32,3,relation,early,20,0.5227928884553003,0.3416764273774612,0.7957302116155606,4619.65
sub-ccepAgeUMCU32,3,relation,late,20,0.28975259288757427,0.2623459855697823,0.875738376131095,4619.65
sub-ccepAgeUMCU32,3,relation_perm,early,20,0.5118585292347462,0.33276014792330566,0.8452098944749211,4619.65
sub-ccepAgeUMCU32,3,relation_perm,late,20,0.28503510678475863,0.2527561433190604,0.9538663362980125,4619.65
sub-ccepAgeUMCU32,5,global,early,20,0.5102238783311083,0.31935903156723566,0.6881537929748989,4472.75
sub-ccepAgeUMCU32,5,global,late,20,0.2645708699658835,0.25161830627087617,0.8863018617303791,4472.75
sub-ccepAgeUMCU32,5,node,early,20,0.514396188960873,0.3548497158182629,0.7204238214821965,4472.75
sub-ccepAgeUMCU32,5,node,late,20,0.28667170499156536,0.26284466061771916,0.9270060911695823,4472.75
sub-ccepAgeUMCU32,5,population,early,20,0.5102238781024687,0.3193590611697059,0.7391049807118236,4472.75
sub-ccepAgeUMCU32,5,population,late,20,0.26457086946214764,0.25161836122949727,1.0117285592547762,4472.75
sub-ccepAgeUMCU32,5,relation,early,20,0.5363953104667243,0.36218176399036967,0.7483140581552464,4472.75
sub-ccepAgeUMCU32,5,relation,late,20,0.3010744304172007,0.28251385040410143,0.8103384971136801,4472.75
sub-ccepAgeUMCU32,5,relation_perm,early,20,0.5255277393039307,0.33664416306073675,0.8211476797877776,4472.75
sub-ccepAgeUMCU32,5,relation_perm,late,20,0.2889028517861387,0.24709227624820587,0.9327050924997907,4472.75
sub-ccepAgeUMCU32,10,global,early,20,0.5070593367033124,0.3187978226411835,0.6819111061565509,4105.85
sub-ccepAgeUMCU32,10,global,late,20,0.2649312929916389,0.25021963173979955,0.8614281834030868,4105.85
sub-ccepAgeUMCU32,10,node,early,20,0.5292041722029109,0.37284618856706175,0.6860086801651936,4105.85
sub-ccepAgeUMCU32,10,node,late,20,0.29139125339637395,0.2727558027813969,0.8671132648100901,4105.85
sub-ccepAgeUMCU32,10,population,early,20,0.5070593376512869,0.31879782328092493,0.7374068382173479,4105.85
sub-ccepAgeUMCU32,10,population,late,20,0.26493129256375897,0.25021967124833794,1.0123525179083714,4105.85
sub-ccepAgeUMCU32,10,relation,early,20,0.5533240910622418,0.37187414695111426,0.7123121174686247,4105.85
sub-ccepAgeUMCU32,10,relation,late,20,0.31107661429336064,0.29089266597031327,0.7541764531251072,4105.85
sub-ccepAgeUMCU32,10,relation_perm,early,20,0.5419682789639839,0.35094954510758963,0.7902264638422646,4105.85
sub-ccepAgeUMCU32,10,relation_perm,late,20,0.300695871970991,0.26577644020998364,0.9104587012849878,4105.85
sub-ccepAgeUMCU33,3,global,early,20,0.4217704599065277,0.4195257742495362,1.1596183541873126,2653.3
sub-ccepAgeUMCU33,3,global,late,20,0.39694089489560513,0.3956757230072001,1.3139155275133585,2653.3
sub-ccepAgeUMCU33,3,node,early,20,0.39135846165333443,0.4076707129001641,1.209354854687838,2653.3
sub-ccepAgeUMCU33,3,node,late,20,0.32807826666647166,0.3611831662305304,1.4888575539402213,2653.3
sub-ccepAgeUMCU33,3,population,early,20,0.42177045736888125,0.4195259695207117,1.40326509447588,2653.3
sub-ccepAgeUMCU33,3,population,late,20,0.3969408981934462,0.39567576410136046,1.3129177845796,2653.3
sub-ccepAgeUMCU33,3,relation,early,20,0.4232886013071601,0.41770643319566647,1.173829861477809,2653.3
sub-ccepAgeUMCU33,3,relation,late,20,0.3564608614660385,0.37055772821957855,1.385304205036639,2653.3
sub-ccepAgeUMCU33,3,relation_perm,early,20,0.4116403667924984,0.4085695888285488,1.2508308935324146,2653.3
sub-ccepAgeUMCU33,3,relation_perm,late,20,0.331970004187553,0.3463002368232748,1.428906540497865,2653.3
sub-ccepAgeUMCU33,5,global,early,20,0.4248372897772639,0.4169357983670124,1.1602270191269313,2532.7
sub-ccepAgeUMCU33,5,global,late,20,0.39640456724603057,0.39289207820715843,1.290402662875794,2532.7
sub-ccepAgeUMCU33,5,node,early,20,0.4142458162450713,0.4183048432780872,1.1634601904987654,2532.7
sub-ccepAgeUMCU33,5,node,late,20,0.3740222769127862,0.40451547648924147,1.3751844322807998,2532.7
sub-ccepAgeUMCU33,5,population,early,20,0.42483728360770207,0.4169359946741074,1.4018566791264968,2532.7
sub-ccepAgeUMCU33,5,population,late,20,0.39640456964317805,0.392892146262816,1.3078197863780745,2532.7
sub-ccepAgeUMCU33,5,relation,early,20,0.4366374973077122,0.4268897142126845,1.0942188517789357,2532.7
sub-ccepAgeUMCU33,5,relation,late,20,0.40148211260971767,0.40093170800934425,1.318565136575672,2532.7
sub-ccepAgeUMCU33,5,relation_perm,early,20,0.4310267418337905,0.41830799508371347,1.2154720431291373,2532.7
sub-ccepAgeUMCU33,5,relation_perm,late,20,0.37753248561399494,0.376621296092613,1.3520067131622453,2532.7
sub-ccepAgeUMCU33,10,global,early,20,0.4245960010107373,0.42090226590969004,1.1854983401034138,2230.85
sub-ccepAgeUMCU33,10,global,late,20,0.3933457316952604,0.39032313115281914,1.3030396196405303,2230.85
sub-ccepAgeUMCU33,10,node,early,20,0.44851388512281387,0.4468500611295343,1.123221440386923,2230.85
sub-ccepAgeUMCU33,10,node,late,20,0.4346770405042557,0.4539022334146174,1.2972869539298837,2230.85
sub-ccepAgeUMCU33,10,population,early,20,0.4245959992824247,0.42090250640173954,1.4215540907615327,2230.85
sub-ccepAgeUMCU33,10,population,late,20,0.3933457345933481,0.39032317008651995,1.3291015108122965,2230.85
sub-ccepAgeUMCU33,10,relation,early,20,0.4600105515329786,0.44691517405915404,1.0601761258165716,2230.85
sub-ccepAgeUMCU33,10,relation,late,20,0.4392262967018296,0.4504433270537388,1.3003797287141228,2230.85
sub-ccepAgeUMCU33,10,relation_perm,early,20,0.4523598055975285,0.43579121585263375,1.1893039641258012,2230.85
sub-ccepAgeUMCU33,10,relation_perm,late,20,0.4260867209942701,0.4317348587093976,1.3157978377369315,2230.85
sub-ccepAgeUMCU34,3,global,early,20,0.19252218620827719,0.11213490672053475,1.1179173915771528,1047.25
sub-ccepAgeUMCU34,3,global,late,20,0.260855188816132,0.08726050905315043,0.6795125116520915,1047.25
sub-ccepAgeUMCU34,3,node,early,20,0.15577413316234245,0.06430396862839402,1.1098980559251508,1047.25
sub-ccepAgeUMCU34,3,node,late,20,0.21606402551984072,0.05976352370094701,0.7221317460180899,1047.25
sub-ccepAgeUMCU34,3,population,early,20,0.19252409526691677,0.11214029629694156,1.4628768916387804,1047.25
sub-ccepAgeUMCU34,3,population,late,20,0.2608551866333359,0.08726050905315043,0.6677440978329797,1047.25
sub-ccepAgeUMCU34,3,relation,early,20,0.15943112288738845,0.07244758406674763,1.0716503976938,1047.25
sub-ccepAgeUMCU34,3,relation,late,20,0.1705000343622138,0.057603686769913856,0.6321143164939301,1047.25
sub-ccepAgeUMCU34,3,relation_perm,early,20,0.15584725994713222,0.07820687247223754,1.2186534670202085,1047.25
sub-ccepAgeUMCU34,3,relation_perm,late,20,0.14617203278315757,0.043014817070853285,0.6909146557746635,1047.25
sub-ccepAgeUMCU34,5,global,early,20,0.21187568606101165,0.12477001802831642,1.1674870165110065,941.9
sub-ccepAgeUMCU34,5,global,late,20,0.2781791592895303,0.10748487723141228,0.6691798180539715,941.9
sub-ccepAgeUMCU34,5,node,early,20,0.18600231097982062,0.08936986998806803,1.1282017103408788,941.9
sub-ccepAgeUMCU34,5,node,late,20,0.2572091280160794,0.10047880028587916,0.7019698496873791,941.9
sub-ccepAgeUMCU34,5,population,early,20,0.21187569094107767,0.12476994655657307,1.4857543553362496,941.9
sub-ccepAgeUMCU34,5,population,late,20,0.27817915678909605,0.10748487723141228,0.6611787933084718,941.9
sub-ccepAgeUMCU34,5,relation,early,20,0.18737517805838538,0.09913278505030064,1.034825030466193,941.9
sub-ccepAgeUMCU34,5,relation,late,20,0.22471718867806795,0.10572344904326084,0.5967019109203019,941.9
sub-ccepAgeUMCU34,5,relation_perm,early,20,0.18535739441006627,0.09298371491719931,1.2629324723526343,941.9
sub-ccepAgeUMCU34,5,relation_perm,late,20,0.18143773012664094,0.0590034914511227,0.6730869824657305,941.9
sub-ccepAgeUMCU34,10,global,early,20,0.23182178379299162,0.1487405896228593,1.0499545464036368,680.65
sub-ccepAgeUMCU34,10,global,late,20,0.2827158348417381,0.11844479457817367,0.6513402936756176,680.65
sub-ccepAgeUMCU34,10,node,early,20,0.22401657776747777,0.11542884812173422,0.9899192940493007,680.65
sub-ccepAgeUMCU34,10,node,late,20,0.27620600291860253,0.1025281800412264,0.6596640640687043,680.65
sub-ccepAgeUMCU34,10,population,early,20,0.23182178809788473,0.1487405896228593,1.3812197715284253,680.65
sub-ccepAgeUMCU34,10,population,late,20,0.2827158314710708,0.11844479457817367,0.6511952401403979,680.65
sub-ccepAgeUMCU34,10,relation,early,20,0.22827259848879172,0.12788202775698332,0.9045550594552363,680.65
sub-ccepAgeUMCU34,10,relation,late,20,0.23915802495898006,0.11718164750723384,0.5583389941019753,680.65
sub-ccepAgeUMCU34,10,relation_perm,early,20,0.23082850103911054,0.12839058414357896,1.1810001595845137,680.65
sub-ccepAgeUMCU34,10,relation_perm,late,20,0.2078858761865608,0.07370437752337315,0.6688980755199122,680.65
sub-ccepAgeUMCU35,3,global,early,20,0.3192912631122188,0.3428873860950181,1.0321847401511435,3660.85
sub-ccepAgeUMCU35,3,global,late,20,0.2370766319118406,0.22819147364966152,1.0840860015623952,3660.85
sub-ccepAgeUMCU35,3,node,early,20,0.3161330688563008,0.30337229887317363,1.1367831105275132,3660.85
sub-ccepAgeUMCU35,3,node,late,20,0.2799552876662574,0.23132204109130733,1.183125300133851,3660.85
sub-ccepAgeUMCU35,3,population,early,20,0.3192912689632217,0.342887338876053,1.0188915088715416,3660.85
sub-ccepAgeUMCU35,3,population,late,20,0.2370766296036757,0.22819135131228943,1.0413091128549568,3660.85
sub-ccepAgeUMCU35,3,relation,early,20,0.31566072321478644,0.3024048133485068,1.1050365262568769,3660.85
sub-ccepAgeUMCU35,3,relation,late,20,0.2716067074997448,0.22878947605013317,1.052066205709208,3660.85
sub-ccepAgeUMCU35,3,relation_perm,early,20,0.3033136255887958,0.2838455922626618,1.168105019183161,3660.85
sub-ccepAgeUMCU35,3,relation_perm,late,20,0.26511887472995677,0.22240659774084373,1.0998531881955105,3660.85
sub-ccepAgeUMCU35,5,global,early,20,0.31863048542461303,0.34253422134661454,1.03742730043079,3527.45
sub-ccepAgeUMCU35,5,global,late,20,0.23686855862659462,0.22624956364377202,1.0660424108481636,3527.45
sub-ccepAgeUMCU35,5,node,early,20,0.3339664378260607,0.3218478799078947,1.0688512694452819,3527.45
sub-ccepAgeUMCU35,5,node,late,20,0.30093669682007945,0.2573976259358338,1.086859820925482,3527.45
sub-ccepAgeUMCU35,5,population,early,20,0.3186304915433634,0.34253413545430295,1.0164785263748484,3527.45
sub-ccepAgeUMCU35,5,population,late,20,0.23686855745664537,0.22624942364833397,1.0438522169007194,3527.45
sub-ccepAgeUMCU35,5,relation,early,20,0.3379244524374945,0.3207402995314846,1.027632316824392,3527.45
sub-ccepAgeUMCU35,5,relation,late,20,0.29337063692731286,0.25925503821732937,0.9663927457294355,3527.45
sub-ccepAgeUMCU35,5,relation_perm,early,20,0.3213544516363571,0.2961741369984429,1.1155170229323146,3527.45
sub-ccepAgeUMCU35,5,relation_perm,late,20,0.2832005234530284,0.24242634008133823,1.0256734327392447,3527.45
sub-ccepAgeUMCU35,10,global,early,20,0.3258863625075865,0.35038754210392486,1.0146158794153546,3195.5
sub-ccepAgeUMCU35,10,global,late,20,0.24323079068478318,0.23746152506742843,1.0514176440693175,3195.5
sub-ccepAgeUMCU35,10,node,early,20,0.35132984722149785,0.34111663159631767,1.0093307196001156,3195.5
sub-ccepAgeUMCU35,10,node,late,20,0.30446713838211953,0.2743324387057716,1.0344235955097036,3195.5
sub-ccepAgeUMCU35,10,population,early,20,0.3258863689373609,0.35038741806390794,1.0096897115149746,3195.5
sub-ccepAgeUMCU35,10,population,late,20,0.24323078712887852,0.23746136175551658,1.0379654301424792,3195.5
sub-ccepAgeUMCU35,10,relation,early,20,0.3652822856953204,0.3479954197531193,0.9751142169398503,3195.5
sub-ccepAgeUMCU35,10,relation,late,20,0.3234198653113384,0.2931284185502475,0.9233536663878258,3195.5
sub-ccepAgeUMCU35,10,relation_perm,early,20,0.34413480414728587,0.30663942243292514,1.0872636546997312,3195.5
sub-ccepAgeUMCU35,10,relation_perm,late,20,0.30920994354681,0.26157449085615747,0.9920546057556695,3195.5
sub-ccepAgeUMCU36,3,global,early,20,0.39100096637720644,0.4347930209486554,1.3072562952192046,2058.4
sub-ccepAgeUMCU36,3,global,late,20,0.2179422411326303,0.29140512546044417,0.831429293911356,2058.4
sub-ccepAgeUMCU36,3,node,early,20,0.44378238020630595,0.39565839550332826,1.4325427087115508,2058.4
sub-ccepAgeUMCU36,3,node,late,20,0.31482859012761916,0.3358370400489737,0.878138185938368,2058.4
sub-ccepAgeUMCU36,3,population,early,20,0.3910009628653659,0.4347930209486554,1.2533208676796503,2058.4
sub-ccepAgeUMCU36,3,population,late,20,0.21794224055100025,0.29140505671762346,0.7804343080438936,2058.4
sub-ccepAgeUMCU36,3,relation,early,20,0.44445883728816726,0.4228412188895943,1.3906301018536698,2058.4
sub-ccepAgeUMCU36,3,relation,late,20,0.31360297881195986,0.31757737458093227,0.7973246651354959,2058.4
sub-ccepAgeUMCU36,3,relation_perm,early,20,0.441873716119508,0.4084454889212753,1.4578689406089669,2058.4
sub-ccepAgeUMCU36,3,relation_perm,late,20,0.32270023250347013,0.322095090525238,0.8164433786439081,2058.4
sub-ccepAgeUMCU36,5,global,early,20,0.383806953909767,0.4241464862397444,1.2701967471725193,1951.0
sub-ccepAgeUMCU36,5,global,late,20,0.21240412393040273,0.2808083843940464,0.8020742778856704,1951.0
sub-ccepAgeUMCU36,5,node,early,20,0.4308594482185641,0.41556309382700746,1.3101868998588593,1951.0
sub-ccepAgeUMCU36,5,node,late,20,0.3018557462007885,0.3358544070404081,0.8027852381602061,1951.0
sub-ccepAgeUMCU36,5,population,early,20,0.38380695118694347,0.4241464862397444,1.2756344611514239,1951.0
sub-ccepAgeUMCU36,5,population,late,20,0.21240412293677235,0.28080830047676464,0.7867821696100703,1951.0
sub-ccepAgeUMCU36,5,relation,early,20,0.4388052980373815,0.4305682003501,1.2940009410278477,1951.0
sub-ccepAgeUMCU36,5,relation,late,20,0.34245080846060627,0.34084586947094564,0.7380708453296181,1951.0
sub-ccepAgeUMCU36,5,relation_perm,early,20,0.42857259999603803,0.4112415377356477,1.4022949788459498,1951.0
sub-ccepAgeUMCU36,5,relation_perm,late,20,0.34006401257022245,0.34050435599084095,0.7707041774614984,1951.0
sub-ccepAgeUMCU36,10,global,early,20,0.39646017829804314,0.43861229379803035,1.2302028224155788,1679.5
sub-ccepAgeUMCU36,10,global,late,20,0.22573289342514408,0.2994751284849841,0.7825470518795016,1679.5
sub-ccepAgeUMCU36,10,node,early,20,0.46115283867330525,0.45056946677377585,1.2232154063113794,1679.5
sub-ccepAgeUMCU36,10,node,late,20,0.34799657754403396,0.3888328084356572,0.7546747445092168,1679.5
sub-ccepAgeUMCU36,10,population,early,20,0.39646017624205754,0.43861229379803035,1.2545098838513522,1679.5
sub-ccepAgeUMCU36,10,population,late,20,0.22573289056802798,0.29947502630861766,0.7744456062393644,1679.5
sub-ccepAgeUMCU36,10,relation,early,20,0.4662867372550369,0.47630524933897256,1.1976424416777836,1679.5
sub-ccepAgeUMCU36,10,relation,late,20,0.38367313496818356,0.3913935794761331,0.7067734388460704,1679.5
sub-ccepAgeUMCU36,10,relation_perm,early,20,0.4573831020829943,0.44133432122281724,1.370203628754417,1679.5
sub-ccepAgeUMCU36,10,relation_perm,late,20,0.3955990911634251,0.3930121546360099,0.7525563909381794,1679.5
sub-ccepAgeUMCU37,3,global,early,20,0.3185763585443881,0.23755438739040993,0.9263325987091899,2021.7
sub-ccepAgeUMCU37,3,global,late,20,0.12981468313223943,0.002867761878110353,0.7538297101975727,2021.7
sub-ccepAgeUMCU37,3,node,early,20,0.2922955845080507,0.20683759448265143,0.94886825379371,2021.7
sub-ccepAgeUMCU37,3,node,late,20,0.12357895800719329,0.07442016102565038,0.8279313064336871,2021.7
sub-ccepAgeUMCU37,3,population,early,20,0.3185763514420102,0.23755454721184824,0.9553838416125678,2021.7
sub-ccepAgeUMCU37,3,population,late,20,0.12981467455798132,0.002867991319478731,0.7225566424202039,2021.7
sub-ccepAgeUMCU37,3,relation,early,20,0.30315927789446545,0.21772518916318218,0.8981157881149173,2021.7
sub-ccepAgeUMCU37,3,relation,late,20,0.1665111571355886,0.1311148866655421,0.7295192067915082,2021.7
sub-ccepAgeUMCU37,3,relation_perm,early,20,0.30158244946469426,0.20776689939674226,0.9855918623175116,2021.7
sub-ccepAgeUMCU37,3,relation_perm,late,20,0.1281388834448908,0.08918236941520992,0.7771331588577401,2021.7
sub-ccepAgeUMCU37,5,global,early,20,0.322618306598346,0.23838686224233485,0.910341392803845,1913.25
sub-ccepAgeUMCU37,5,global,late,20,0.13170197539875458,0.0075424324064901375,0.7478400925299791,1913.25
sub-ccepAgeUMCU37,5,node,early,20,0.30768608288528765,0.2224951433932913,0.9109863245885151,1913.25
sub-ccepAgeUMCU37,5,node,late,20,0.1388786484862333,0.0799874359080406,0.7983134777269445,1913.25
sub-ccepAgeUMCU37,5,population,early,20,0.32261830173636763,0.2383869743705902,0.9562293113011723,1913.25
sub-ccepAgeUMCU37,5,population,late,20,0.13170196794615835,0.007542611748610502,0.7274522078550649,1913.25
sub-ccepAgeUMCU37,5,relation,early,20,0.3102852102254655,0.23096194984000146,0.8320799589994332,1913.25
sub-ccepAgeUMCU37,5,relation,late,20,0.17118625669511991,0.1342090447545548,0.698041974823101,1913.25
sub-ccepAgeUMCU37,5,relation_perm,early,20,0.31569776207195754,0.21026812061172578,0.9839898583097305,1913.25
sub-ccepAgeUMCU37,5,relation_perm,late,20,0.11140919192461382,0.07696155972475774,0.7600226789131972,1913.25
sub-ccepAgeUMCU37,10,global,early,20,0.31306470034108724,0.23401816850702056,0.9170563590990332,1639.05
sub-ccepAgeUMCU37,10,global,late,20,0.11966838934806474,-0.0010511439620281462,0.750072139239213,1639.05
sub-ccepAgeUMCU37,10,node,early,20,0.3142568090301645,0.22097931325110592,0.87748757704335,1639.05
sub-ccepAgeUMCU37,10,node,late,20,0.14627680483907304,0.0726467828242077,0.7609775298922535,1639.05
sub-ccepAgeUMCU37,10,population,early,20,0.31306469477472976,0.2340183220512472,0.9591861933980164,1639.05
sub-ccepAgeUMCU37,10,population,late,20,0.11966838275026954,-0.001050920620803582,0.7338523171373698,1639.05
sub-ccepAgeUMCU37,10,relation,early,20,0.33005558279849817,0.23866382495226207,0.8104598082956352,1639.05
sub-ccepAgeUMCU37,10,relation,late,20,0.1893825381812561,0.13925252597729842,0.6769380725592459,1639.05
sub-ccepAgeUMCU37,10,relation_perm,early,20,0.3278806829352083,0.21833138060780105,0.9816119337856296,1639.05
sub-ccepAgeUMCU37,10,relation_perm,late,20,0.12517416484995314,0.06439313359355667,0.7369126296644957,1639.05
sub-ccepAgeUMCU38,3,global,early,20,0.3846056285117789,0.24620560705534594,0.8792477595488059,2765.85
sub-ccepAgeUMCU38,3,global,late,20,0.3968310464984147,0.27882299879049377,0.6275390881872336,2765.85
sub-ccepAgeUMCU38,3,node,early,20,0.3625244201876979,0.22782027111422135,0.9713544362795995,2765.85
sub-ccepAgeUMCU38,3,node,late,20,0.36342184732562616,0.24306504490183833,0.689881196664549,2765.85
sub-ccepAgeUMCU38,3,population,early,20,0.3846056269045188,0.24620586989059773,0.8710370387962423,2765.85
sub-ccepAgeUMCU38,3,population,late,20,0.3968310516280221,0.27882299879049377,0.605937279408819,2765.85
sub-ccepAgeUMCU38,3,relation,early,20,0.38323690333669225,0.2486909713345698,0.898886520842501,2765.85
sub-ccepAgeUMCU38,3,relation,late,20,0.341233955955177,0.26288578708001137,0.6366070864261635,2765.85
sub-ccepAgeUMCU38,3,relation_perm,early,20,0.36855053729104625,0.21595192855979084,0.9711186917061998,2765.85
sub-ccepAgeUMCU38,3,relation_perm,late,20,0.3164874619106061,0.22199183894083258,0.6876993883698823,2765.85
sub-ccepAgeUMCU38,5,global,early,20,0.3776105464081183,0.24781688953576997,0.8501401765458597,2624.5
sub-ccepAgeUMCU38,5,global,late,20,0.390380460743004,0.26968065578451894,0.6061004460522861,2624.5
sub-ccepAgeUMCU38,5,node,early,20,0.3775000082373233,0.2412707468348667,0.8848252104844478,2624.5
sub-ccepAgeUMCU38,5,node,late,20,0.3743503232320136,0.2733301068662607,0.6449298755918373,2624.5
sub-ccepAgeUMCU38,5,population,early,20,0.37761054762899443,0.24781708492078006,0.861021321908568,2624.5
sub-ccepAgeUMCU38,5,population,late,20,0.3903804648834803,0.26968065578451894,0.6039172783800163,2624.5
sub-ccepAgeUMCU38,5,relation,early,20,0.40334475849999096,0.26355797955695265,0.8201347413777226,2624.5
sub-ccepAgeUMCU38,5,relation,late,20,0.3653044812328552,0.276216056080726,0.5975891694799882,2624.5
sub-ccepAgeUMCU38,5,relation_perm,early,20,0.38518641003438014,0.21697465424290177,0.9404040756943564,2624.5
sub-ccepAgeUMCU38,5,relation_perm,late,20,0.34246257372691935,0.24483795872334024,0.6427715036324865,2624.5
sub-ccepAgeUMCU38,10,global,early,20,0.39318765523984106,0.24425115467381042,0.8380921650314559,2269.6
sub-ccepAgeUMCU38,10,global,late,20,0.3966307510181862,0.26964329780926877,0.6014561793039557,2269.6
sub-ccepAgeUMCU38,10,node,early,20,0.40722741121995093,0.25052649293971335,0.842007200739765,2269.6
sub-ccepAgeUMCU38,10,node,late,20,0.4018517000728011,0.287876583253556,0.6108717065299838,2269.6
sub-ccepAgeUMCU38,10,population,early,20,0.3931876563660208,0.24425125311630028,0.863375187704783,2269.6
sub-ccepAgeUMCU38,10,population,late,20,0.3966307561926407,0.26964329780926877,0.604943537272326,2269.6
sub-ccepAgeUMCU38,10,relation,early,20,0.4283146674890122,0.2856029304923718,0.7909238532716026,2269.6
sub-ccepAgeUMCU38,10,relation,late,20,0.39128232790435574,0.29460494408448873,0.5766803213646468,2269.6
sub-ccepAgeUMCU38,10,relation_perm,early,20,0.41822327889048144,0.22553322464696612,0.9245814161720791,2269.6
sub-ccepAgeUMCU38,10,relation_perm,late,20,0.37544901902115335,0.2530475190510723,0.6135601423311551,2269.6
sub-ccepAgeUMCU39,3,global,early,20,0.3198401924517578,0.2859434649030067,1.0333163432781416,2269.15
sub-ccepAgeUMCU39,3,global,late,20,0.21828648212650664,0.19336002270479385,0.9559396778559174,2269.15
sub-ccepAgeUMCU39,3,node,early,20,0.28064121726618907,0.22905734759833032,1.1873031863681132,2269.15
sub-ccepAgeUMCU39,3,node,late,20,0.17099455785222048,0.18006726081375143,1.1125148773919995,2269.15
sub-ccepAgeUMCU39,3,population,early,20,0.31984020056893103,0.28594336613104054,0.9784245812088415,2269.15
sub-ccepAgeUMCU39,3,population,late,20,0.2182864804141484,0.1933602286415402,0.898009298979051,2269.15
sub-ccepAgeUMCU39,3,relation,early,20,0.33353415084597793,0.2759083752996537,1.0506446445119582,2269.15
sub-ccepAgeUMCU39,3,relation,late,20,0.2497596562456398,0.23766196577309762,0.9638758949956037,2269.15
sub-ccepAgeUMCU39,3,relation_perm,early,20,0.3122785898075783,0.24539797692917847,1.12433177104898,2269.15
sub-ccepAgeUMCU39,3,relation_perm,late,20,0.22509402495312,0.20822385428245588,1.003393451867257,2269.15
sub-ccepAgeUMCU39,5,global,early,20,0.32340714433889267,0.28621860403281574,1.0202983403255477,2155.6
sub-ccepAgeUMCU39,5,global,late,20,0.2306974147480577,0.20117630289427585,0.9315576518431046,2155.6
sub-ccepAgeUMCU39,5,node,early,20,0.3045227187954077,0.24643687911226736,1.1015376131737267,2155.6
sub-ccepAgeUMCU39,5,node,late,20,0.19766769268817613,0.20281332003347594,1.005042491917509,2155.6
sub-ccepAgeUMCU39,5,population,early,20,0.32340715109200363,0.28621847583106597,0.9769953864238362,2155.6
sub-ccepAgeUMCU39,5,population,late,20,0.2306974118902229,0.20117658886030498,0.8966112710641043,2155.6
sub-ccepAgeUMCU39,5,relation,early,20,0.358153790161202,0.3037605939195148,1.0110353042015094,2155.6
sub-ccepAgeUMCU39,5,relation,late,20,0.29157434527122095,0.2765070167491572,0.9025796338444015,2155.6
sub-ccepAgeUMCU39,5,relation_perm,early,20,0.3378969958551895,0.2680746672421829,1.0834015808052906,2155.6
sub-ccepAgeUMCU39,5,relation_perm,late,20,0.2640981353976687,0.2410624066750869,0.9417482071480319,2155.6
sub-ccepAgeUMCU39,10,global,early,20,0.32292284347970024,0.2883271446796082,0.992566059214673,1870.6
sub-ccepAgeUMCU39,10,global,late,20,0.22042818665798553,0.19178996824135444,0.9172942914324886,1870.6
sub-ccepAgeUMCU39,10,node,early,20,0.3263252245833651,0.28389347259952746,1.011583341826761,1870.6
sub-ccepAgeUMCU39,10,node,late,20,0.21877530338764656,0.23610354468728006,0.9256127094740597,1870.6
sub-ccepAgeUMCU39,10,population,early,20,0.3229228488199749,0.28832712457847837,0.9806699087442364,1870.6
sub-ccepAgeUMCU39,10,population,late,20,0.22042818446196052,0.19179018756416163,0.9155224223179406,1870.6
sub-ccepAgeUMCU39,10,relation,early,20,0.3788974270387316,0.3371939115571009,0.9691555679460798,1870.6
sub-ccepAgeUMCU39,10,relation,late,20,0.32774345103410474,0.31280737306761125,0.8754124674651539,1870.6
sub-ccepAgeUMCU39,10,relation_perm,early,20,0.355134028297553,0.2863040506709587,1.0607116514977002,1870.6
sub-ccepAgeUMCU39,10,relation_perm,late,20,0.3060990748416056,0.2720444498003095,0.9125469532689732,1870.6
sub-ccepAgeUMCU40,3,global,early,20,0.40796262604157285,0.29628318068924425,0.5185923301878913,2400.85
sub-ccepAgeUMCU40,3,global,late,20,0.22012324415032314,0.1782552696644075,0.5643627097993806,2400.85
sub-ccepAgeUMCU40,3,node,early,20,0.3549481860256064,0.23324815521846806,0.6083143531342631,2400.85
sub-ccepAgeUMCU40,3,node,late,20,0.19936953897410908,0.1561067990340203,0.6346614068959198,2400.85
sub-ccepAgeUMCU40,3,population,early,20,0.40796262182604465,0.296283099237612,0.5352510134592289,2400.85
sub-ccepAgeUMCU40,3,population,late,20,0.2201232413975971,0.17825530325850533,0.5901002325823181,2400.85
sub-ccepAgeUMCU40,3,relation,early,20,0.39448345061245804,0.2555039344416258,0.5747030761663148,2400.85
sub-ccepAgeUMCU40,3,relation,late,20,0.26136211172747636,0.23138915121462408,0.5724942830060116,2400.85
sub-ccepAgeUMCU40,3,relation_perm,early,20,0.3841752499321843,0.24139726611415516,0.5989037754698092,2400.85
sub-ccepAgeUMCU40,3,relation_perm,late,20,0.24519566757860894,0.2019905525911661,0.5909237018499194,2400.85
sub-ccepAgeUMCU40,5,global,early,20,0.41260617218638496,0.29859955498146373,0.5096617959721403,2297.75
sub-ccepAgeUMCU40,5,global,late,20,0.22829572071857349,0.18829820949924408,0.547269915493177,2297.75
sub-ccepAgeUMCU40,5,node,early,20,0.39767453259126856,0.26896904979472647,0.5435946641319553,2297.75
sub-ccepAgeUMCU40,5,node,late,20,0.21798184219969566,0.1740294483515848,0.5860938590859837,2297.75
sub-ccepAgeUMCU40,5,population,early,20,0.41260616704607644,0.29859954006170514,0.53490346697693,2297.75
sub-ccepAgeUMCU40,5,population,late,20,0.2282957178829208,0.18829820949924408,0.5828536621648993,2297.75
sub-ccepAgeUMCU40,5,relation,early,20,0.4061215936912562,0.28083376576498387,0.5460618215604999,2297.75
sub-ccepAgeUMCU40,5,relation,late,20,0.2748216519485176,0.258353655933553,0.5333364027308133,2297.75
sub-ccepAgeUMCU40,5,relation_perm,early,20,0.4017345141514809,0.26131976251508726,0.5799906371601667,2297.75
sub-ccepAgeUMCU40,5,relation_perm,late,20,0.25297321947033796,0.2038947605527759,0.5623825897369141,2297.75
sub-ccepAgeUMCU40,10,global,early,20,0.41339667036603034,0.2984506832213883,0.5018599933035282,2036.0
sub-ccepAgeUMCU40,10,global,late,20,0.22442266797220595,0.18990357207848443,0.5432973679018784,2036.0
sub-ccepAgeUMCU40,10,node,early,20,0.4156946154555735,0.28227817159165197,0.5120618047558367,2036.0
sub-ccepAgeUMCU40,10,node,late,20,0.22314698847697706,0.17123666444107039,0.5550383449882841,2036.0
sub-ccepAgeUMCU40,10,population,early,20,0.41339666538220954,0.2984505391816548,0.5319183469714786,2036.0
sub-ccepAgeUMCU40,10,population,late,20,0.22442266454120804,0.1899036119223234,0.5901903902355065,2036.0
sub-ccepAgeUMCU40,10,relation,early,20,0.4241064498652406,0.2858055823011916,0.522635401859943,2036.0
sub-ccepAgeUMCU40,10,relation,late,20,0.2721261786967081,0.24812838757969705,0.5120564655562878,2036.0
sub-ccepAgeUMCU40,10,relation_perm,early,20,0.41328026229074394,0.2596325978138186,0.5569734980389376,2036.0
sub-ccepAgeUMCU40,10,relation_perm,late,20,0.25132759450528996,0.18973322571091716,0.5419158910411256,2036.0
sub-ccepAgeUMCU41,3,global,early,20,0.398542766148197,0.30446433157887876,1.2340144704285787,5146.5
sub-ccepAgeUMCU41,3,global,late,20,0.2834587978213525,0.25178297515926057,1.146048574641329,5146.5
sub-ccepAgeUMCU41,3,node,early,20,0.35202069119608514,0.27716651984942153,1.4059241516151555,5146.5
sub-ccepAgeUMCU41,3,node,late,20,0.35646295258836164,0.32236592468619346,1.227218053286726,5146.5
sub-ccepAgeUMCU41,3,population,early,20,0.3985427646871617,0.3044643154488509,1.1753863242441716,5146.5
sub-ccepAgeUMCU41,3,population,late,20,0.28345879438686744,0.25178295095045355,1.1132829866634864,5146.5
sub-ccepAgeUMCU41,3,relation,early,20,0.40213293446714377,0.3034603210026858,1.3399957703937357,5146.5
sub-ccepAgeUMCU41,3,relation,late,20,0.3632281584963348,0.33113696572212187,1.1067961622382332,5146.5
sub-ccepAgeUMCU41,3,relation_perm,early,20,0.3812513352987533,0.2766245227453431,1.4264011934262022,5146.5
sub-ccepAgeUMCU41,3,relation_perm,late,20,0.3577992508916365,0.31276399193996346,1.1601401185954923,5146.5
sub-ccepAgeUMCU41,5,global,early,20,0.4014422176183875,0.30794261042304977,1.2096223276391496,4990.9
sub-ccepAgeUMCU41,5,global,late,20,0.287544989840328,0.25893513620216174,1.1134307384384705,4990.9
sub-ccepAgeUMCU41,5,node,early,20,0.37094233998451415,0.29728457053029234,1.307557500180867,4990.9
sub-ccepAgeUMCU41,5,node,late,20,0.35997280104827256,0.33673122086215834,1.1391000944505982,4990.9
sub-ccepAgeUMCU41,5,population,early,20,0.4014422162627847,0.3079426028926139,1.1771386698140782,4990.9
sub-ccepAgeUMCU41,5,population,late,20,0.28754498782355603,0.25893508567536194,1.1162810547995492,4990.9
sub-ccepAgeUMCU41,5,relation,early,20,0.42450640185054694,0.3181404080182818,1.2410006123770922,4990.9
sub-ccepAgeUMCU41,5,relation,late,20,0.37517394552941224,0.34994872756495493,1.0204444264904544,4990.9
sub-ccepAgeUMCU41,5,relation_perm,early,20,0.40161974020948027,0.28366208144959626,1.3425535504003037,4990.9
sub-ccepAgeUMCU41,5,relation_perm,late,20,0.3649319514705172,0.32234728416596103,1.0894701851745656,4990.9
sub-ccepAgeUMCU41,10,global,early,20,0.3962726617860469,0.3058182846201193,1.1757893515153737,4601.25
sub-ccepAgeUMCU41,10,global,late,20,0.2853100272560354,0.25495586977283236,1.075705469691079,4601.25
sub-ccepAgeUMCU41,10,node,early,20,0.39501914110336184,0.3225383182909921,1.199857671109967,4601.25
sub-ccepAgeUMCU41,10,node,late,20,0.3772134684919458,0.3552000034840063,1.0462834964538807,4601.25
sub-ccepAgeUMCU41,10,population,early,20,0.3962726606086723,0.3058182700652091,1.1725614619273736,4601.25
sub-ccepAgeUMCU41,10,population,late,20,0.28531002448989146,0.25495577788016366,1.118173165913881,4601.25
sub-ccepAgeUMCU41,10,relation,early,20,0.4401528354489945,0.34030488078395565,1.1645382438138798,4601.25
sub-ccepAgeUMCU41,10,relation,late,20,0.37979193662451316,0.3748482960026174,0.9668898959209876,4601.25
sub-ccepAgeUMCU41,10,relation_perm,early,20,0.416050371069656,0.28990338750194916,1.2942004741880575,4601.25
sub-ccepAgeUMCU41,10,relation_perm,late,20,0.3787105625383149,0.35169501956304455,1.0503837689982378,4601.25
sub-ccepAgeUMCU42,3,global,early,20,0.026559559040712204,0.2798245197488757,18.06675889705466,5666.15
sub-ccepAgeUMCU42,3,global,late,20,0.02573651529192908,0.24153338652146825,18.251859902491155,5666.15
sub-ccepAgeUMCU42,3,node,early,20,0.028894491694794168,0.24921792837693016,18.134271682892283,5666.15
sub-ccepAgeUMCU42,3,node,late,20,0.021215187920110283,0.2559250254111168,18.34678215590865,5666.15
sub-ccepAgeUMCU42,3,population,early,20,0.02655955712505102,0.27982434644739373,18.066713897653777,5666.15
sub-ccepAgeUMCU42,3,population,late,20,0.025736517007254996,0.24153333117554648,18.288509594970797,5666.15
sub-ccepAgeUMCU42,3,relation,early,20,0.026489607390006387,0.24614284017277951,18.114875720202917,5666.15
sub-ccepAgeUMCU42,3,relation,late,20,0.022723447704062854,0.24639989284971953,18.26381436171827,5666.15
sub-ccepAgeUMCU42,3,relation_perm,early,20,0.02305473002304534,0.23183131634473883,18.183446397136354,5666.15
sub-ccepAgeUMCU42,3,relation_perm,late,20,0.01928757342894699,0.23172180263299427,18.314533037386177,5666.15
sub-ccepAgeUMCU42,5,global,early,20,0.009410767007383703,0.28111955501600094,19.554779200592527,5491.8
sub-ccepAgeUMCU42,5,global,late,20,0.010338799044318102,0.2410432779168222,19.71873479824105,5491.8
sub-ccepAgeUMCU42,5,node,early,20,0.009829271179128591,0.2634409921205657,19.60312436576645,5491.8
sub-ccepAgeUMCU42,5,node,late,20,0.004529100892908049,0.28063229012665575,19.77605465350633,5491.8
sub-ccepAgeUMCU42,5,population,early,20,0.009410764708635836,0.28111943153420504,19.5527007346111,5491.8
sub-ccepAgeUMCU42,5,population,late,20,0.010338800731840996,0.24104321941404372,19.773042717416978,5491.8
sub-ccepAgeUMCU42,5,relation,early,20,0.007891193822369035,0.2621885629105427,19.578376069934187,5491.8
sub-ccepAgeUMCU42,5,relation,late,20,0.007689466199525959,0.2703141380585551,19.708716616461956,5491.8
sub-ccepAgeUMCU42,5,relation_perm,early,20,0.0069147745201205545,0.25043955229064974,19.655747042202588,5491.8
sub-ccepAgeUMCU42,5,relation_perm,late,20,0.006829472894685072,0.26193870663551394,19.756901289054223,5491.8
sub-ccepAgeUMCU42,10,global,early,20,0.061795733286604856,0.28184262040122043,18.108688495171663,5055.4
sub-ccepAgeUMCU42,10,global,late,20,0.05727163044977447,0.24321959608023827,18.283280050398968,5055.4
sub-ccepAgeUMCU42,10,node,early,20,0.06309985300794504,0.2719379380313601,18.119504552804536,5055.4
sub-ccepAgeUMCU42,10,node,late,20,0.056069634789641574,0.304593550786883,18.28366369981467,5055.4
sub-ccepAgeUMCU42,10,population,early,20,0.06179573057227657,0.2818425167256263,18.115418659003993,5055.4
sub-ccepAgeUMCU42,10,population,late,20,0.05727163209459459,0.2432195817199542,18.35054942175515,5055.4
sub-ccepAgeUMCU42,10,relation,early,20,0.06032727574184619,0.27524203556582005,18.105557149324543,5055.4
sub-ccepAgeUMCU42,10,relation,late,20,0.05645776792179221,0.30561232230310004,18.2374475637616,5055.4
sub-ccepAgeUMCU42,10,relation_perm,early,20,0.05781715085161223,0.2535279505480011,18.2244784885904,5055.4
sub-ccepAgeUMCU42,10,relation_perm,late,20,0.05585057322790712,0.29482820390785136,18.29811966199035,5055.4
sub-ccepAgeUMCU43,3,global,early,20,0.022900341526931406,0.24242993947076621,346.7473159108585,5383.25
sub-ccepAgeUMCU43,3,global,late,20,0.007276803368549712,0.189651705670132,346.66671855046854,5383.25
sub-ccepAgeUMCU43,3,node,early,20,0.02718019107597371,0.23933527150594952,346.8059165249367,5383.25
sub-ccepAgeUMCU43,3,node,late,20,0.00970693723858192,0.19847835603768824,346.7443305073872,5383.25
sub-ccepAgeUMCU43,3,population,early,20,0.02290034048465194,0.24242993198776222,346.8881008343172,5383.25
sub-ccepAgeUMCU43,3,population,late,20,0.0072768036489388715,0.18965179007614488,346.767201153091,5383.25
sub-ccepAgeUMCU43,3,relation,early,20,0.023904612307267377,0.24569985902900687,346.78985605512406,5383.25
sub-ccepAgeUMCU43,3,relation,late,20,0.008424051878404884,0.21121704154389884,346.64686067620084,5383.25
sub-ccepAgeUMCU43,3,relation_perm,early,20,0.024975705721379415,0.23806868360510608,346.85959173542324,5383.25
sub-ccepAgeUMCU43,3,relation_perm,late,20,0.01111635238048959,0.20060651599908436,346.69841398606576,5383.25
sub-ccepAgeUMCU43,5,global,early,20,0.020819519354277134,0.2389730385621916,337.1596164306137,5226.9
sub-ccepAgeUMCU43,5,global,late,20,0.006562753654572394,0.18685912015930226,337.0691386246171,5226.9
sub-ccepAgeUMCU43,5,node,early,20,0.020342089737087378,0.23761678027600702,337.1852151733555,5226.9
sub-ccepAgeUMCU43,5,node,late,20,0.008269925454513617,0.17991186995295144,337.10784124409065,5226.9
sub-ccepAgeUMCU43,5,population,early,20,0.02081951918353936,0.238973024147293,337.31436589886755,5226.9
sub-ccepAgeUMCU43,5,population,late,20,0.006562754053502611,0.18685919768205334,337.1830362960965,5226.9
sub-ccepAgeUMCU43,5,relation,early,20,0.024066613079302423,0.2487360438918707,337.16820808086925,5226.9
sub-ccepAgeUMCU43,5,relation,late,20,0.011784088983317707,0.21612752561000237,337.0168790316446,5226.9
sub-ccepAgeUMCU43,5,relation_perm,early,20,0.0227991762767363,0.2375155059144915,337.2690182573278,5226.9
sub-ccepAgeUMCU43,5,relation_perm,late,20,0.013243644923091121,0.18515236320816908,337.10051745284557,5226.9
sub-ccepAgeUMCU43,10,global,early,20,0.023759135160128737,0.2395546366690667,331.10066861774885,4836.4
sub-ccepAgeUMCU43,10,global,late,20,0.008517368938841455,0.1861757146362202,331.0209630452395,4836.4
sub-ccepAgeUMCU43,10,node,early,20,0.022912708448714493,0.24721202461112263,331.1014209738448,4836.4
sub-ccepAgeUMCU43,10,node,late,20,0.010512455571221754,0.1856005895696774,331.0340233480903,4836.4
sub-ccepAgeUMCU43,10,population,early,20,0.02375913364136043,0.2395546186399795,331.26439351208126,4836.4
sub-ccepAgeUMCU43,10,population,late,20,0.008517368562770897,0.18617581110871728,331.13567858989296,4836.4
sub-ccepAgeUMCU43,10,relation,early,20,0.028974445977939006,0.2545732610242553,331.06615420027555,4836.4
sub-ccepAgeUMCU43,10,relation,late,20,0.017520100196502374,0.21995512692807256,330.9382953243104,4836.4
sub-ccepAgeUMCU43,10,relation_perm,early,20,0.028292058699825724,0.23645647804859177,331.2138199937052,4836.4
sub-ccepAgeUMCU43,10,relation_perm,late,20,0.0200039242384669,0.1946397638319041,331.0345687114419,4836.4
sub-ccepAgeUMCU44,3,global,early,20,0.2672069571570329,0.21537607123226765,1.1438238222306956,2300.55
sub-ccepAgeUMCU44,3,global,late,20,0.29074788625722275,0.13220269448649213,0.6202534913622146,2300.55
sub-ccepAgeUMCU44,3,node,early,20,0.25593543784837125,0.19528634301803857,1.235499332111194,2300.55
sub-ccepAgeUMCU44,3,node,late,20,0.2969677490315631,0.18556829784528814,0.6747017856822404,2300.55
sub-ccepAgeUMCU44,3,population,early,20,0.2672069628721923,0.2153763731571638,1.1530621689383111,2300.55
sub-ccepAgeUMCU44,3,population,late,20,0.290747887020001,0.13220243701736162,0.5758370402880115,2300.55
sub-ccepAgeUMCU44,3,relation,early,20,0.26972988422082417,0.20070412370983778,1.179740847972917,2300.55
sub-ccepAgeUMCU44,3,relation,late,20,0.27193093152284287,0.1913994009795987,0.5538880088369038,2300.55
sub-ccepAgeUMCU44,3,relation_perm,early,20,0.26189399808656305,0.18999507704708868,1.3005041679189422,2300.55
sub-ccepAgeUMCU44,3,relation_perm,late,20,0.2621403048701297,0.18137521299725576,0.6054365305377243,2300.55
sub-ccepAgeUMCU44,5,global,early,20,0.26613455300631045,0.21574226035121127,1.1026944096298235,2198.55
sub-ccepAgeUMCU44,5,global,late,20,0.2912183821074585,0.13631366668776965,0.6054597697422884,2198.55
sub-ccepAgeUMCU44,5,node,early,20,0.2762700131020871,0.20673985804914255,1.132252475192774,2198.55
sub-ccepAgeUMCU44,5,node,late,20,0.3218643480612442,0.20526744383404597,0.6305678257662526,2198.55
sub-ccepAgeUMCU44,5,population,early,20,0.2661345607273277,0.21574253469321353,1.1449659068239426,2198.55
sub-ccepAgeUMCU44,5,population,late,20,0.2912183839758217,0.13631357166087046,0.5705970102730097,2198.55
sub-ccepAgeUMCU44,5,relation,early,20,0.29369897214052176,0.219541411730274,1.0357138465312485,2198.55
sub-ccepAgeUMCU44,5,relation,late,20,0.29504322150066614,0.22051012732056924,0.511896469385286,2198.55
sub-ccepAgeUMCU44,5,relation_perm,early,20,0.28365109234741587,0.19109578251454648,1.2188067199267636,2198.55
sub-ccepAgeUMCU44,5,relation_perm,late,20,0.26341521845112886,0.18017161230695275,0.5981270077118083,2198.55
sub-ccepAgeUMCU44,10,global,early,20,0.2657772067746297,0.20432768155666703,1.0830300675880422,1942.5
sub-ccepAgeUMCU44,10,global,late,20,0.2903504742294159,0.11848392287704534,0.5818486249569147,1942.5
sub-ccepAgeUMCU44,10,node,early,20,0.2838444418258913,0.20046254320275292,1.0635479223193802,1942.5
sub-ccepAgeUMCU44,10,node,late,20,0.32555437606773735,0.19325842955428,0.5834435296217793,1942.5
sub-ccepAgeUMCU44,10,population,early,20,0.26577721482162125,0.2043279235659873,1.1567250311634254,1942.5
sub-ccepAgeUMCU44,10,population,late,20,0.29035047424821314,0.11848388794932792,0.5732792184088765,1942.5
sub-ccepAgeUMCU44,10,relation,early,20,0.3046398435001499,0.2139481719419357,1.012191210713054,1942.5
sub-ccepAgeUMCU44,10,relation,late,20,0.30411850250694555,0.21020874366390613,0.4949320661156601,1942.5
sub-ccepAgeUMCU44,10,relation_perm,early,20,0.2902770157245051,0.17897536665418798,1.188607998805277,1942.5
sub-ccepAgeUMCU44,10,relation_perm,late,20,0.2715506774502834,0.1687414192359469,0.5740275482614818,1942.5
sub-ccepAgeUMCU45,3,global,early,20,0.22818440470837503,0.341223343106594,0.9114176180879554,2104.8
sub-ccepAgeUMCU45,3,global,late,20,0.12678206582248,0.06653184308956847,0.7208218413215481,2104.8
sub-ccepAgeUMCU45,3,node,early,20,0.21102471001371698,0.28457026710899147,0.9728667129339404,2104.8
sub-ccepAgeUMCU45,3,node,late,20,0.1279577106874091,0.0681653321061068,0.7990184363026768,2104.8
sub-ccepAgeUMCU45,3,population,early,20,0.22818440328562536,0.341223343106594,1.1671367651347806,2104.8
sub-ccepAgeUMCU45,3,population,late,20,0.12678206603396708,0.06653184308956847,0.8737137492518323,2104.8
sub-ccepAgeUMCU45,3,relation,early,20,0.22715241748463516,0.304875891235581,0.9605826613682928,2104.8
sub-ccepAgeUMCU45,3,relation,late,20,0.22038549321768758,0.10656019826621684,0.6789451435085433,2104.8
sub-ccepAgeUMCU45,3,relation_perm,early,20,0.22547359794025756,0.28670739013584046,1.0352906706144285,2104.8
sub-ccepAgeUMCU45,3,relation_perm,late,20,0.20761064968637716,0.11292434698363692,0.7077815023747055,2104.8
sub-ccepAgeUMCU45,5,global,early,20,0.23127893366952423,0.3388466358359802,0.8658116431248656,2009.35
sub-ccepAgeUMCU45,5,global,late,20,0.13058356550692324,0.06433071181548251,0.6832064025765037,2009.35
sub-ccepAgeUMCU45,5,node,early,20,0.22123320755841455,0.29149910750028585,0.8978536682241167,2009.35
sub-ccepAgeUMCU45,5,node,late,20,0.13833178264756285,0.06998667538022763,0.7130687089028983,2009.35
sub-ccepAgeUMCU45,5,population,early,20,0.23127893253704884,0.3388466358359802,1.1597221623410268,2009.35
sub-ccepAgeUMCU45,5,population,late,20,0.13058356526857434,0.06433071181548251,0.8677496774652456,2009.35
sub-ccepAgeUMCU45,5,relation,early,20,0.2430189188935909,0.31938990277647156,0.8508784992590188,2009.35
sub-ccepAgeUMCU45,5,relation,late,20,0.23403486782176192,0.1122350137135375,0.5972824296166784,2009.35
sub-ccepAgeUMCU45,5,relation_perm,early,20,0.2341555288107658,0.2842381834528651,1.0241960062737696,2009.35
sub-ccepAgeUMCU45,5,relation_perm,late,20,0.21534323463830898,0.12358001042165849,0.6656407291351982,2009.35
sub-ccepAgeUMCU45,10,global,early,20,0.2303713778982396,0.3408933909422594,0.8940910259739757,1768.35
sub-ccepAgeUMCU45,10,global,late,20,0.13824717778137025,0.07212812106371343,0.6993678237979885,1768.35
sub-ccepAgeUMCU45,10,node,early,20,0.22846622587674573,0.3169370579663054,0.909072946585822,1768.35
sub-ccepAgeUMCU45,10,node,late,20,0.15606939719504903,0.07956694655979729,0.6902755254881873,1768.35
sub-ccepAgeUMCU45,10,population,early,20,0.23037137650424916,0.3408933909422594,1.1767436743665294,1768.35
sub-ccepAgeUMCU45,10,population,late,20,0.13824717781679124,0.07212812106371343,0.8820336977690223,1768.35
sub-ccepAgeUMCU45,10,relation,early,20,0.25102482055608677,0.33776400860443306,0.8507784287134197,1768.35
sub-ccepAgeUMCU45,10,relation,late,20,0.2622775028810155,0.12020340255449569,0.6006614959941595,1768.35
sub-ccepAgeUMCU45,10,relation_perm,early,20,0.24511413130398366,0.3023303794719586,1.0519386028054614,1768.35
sub-ccepAgeUMCU45,10,relation_perm,late,20,0.25092396954899804,0.13853832534405078,0.6474477140158945,1768.35
sub-ccepAgeUMCU46,3,global,early,20,0.36066993732367314,0.2947903523986316,0.7005280384599298,2798.05
sub-ccepAgeUMCU46,3,global,late,20,0.18519757072594656,0.1327817451759596,1.0458484952144458,2798.05
sub-ccepAgeUMCU46,3,node,early,20,0.3475782538566844,0.2310612559407764,0.780513559977589,2798.05
sub-ccepAgeUMCU46,3,node,late,20,0.2252322063436658,0.13045378972731525,1.166702537503038,2798.05
sub-ccepAgeUMCU46,3,population,early,20,0.36066993601137765,0.29479037126062596,0.7282380305276777,2798.05
sub-ccepAgeUMCU46,3,population,late,20,0.18519756806488652,0.13278170782439497,0.9403198367464192,2798.05
sub-ccepAgeUMCU46,3,relation,early,20,0.4248054776769516,0.25919816961688974,0.74485387686912,2798.05
sub-ccepAgeUMCU46,3,relation,late,20,0.26967233236704735,0.2104957622209951,1.0492979349887988,2798.05
sub-ccepAgeUMCU46,3,relation_perm,early,20,0.40663723756356596,0.23687010070626058,0.7978455280983868,2798.05
sub-ccepAgeUMCU46,3,relation_perm,late,20,0.2623364196454081,0.17600057315980822,1.087840572292272,2798.05
sub-ccepAgeUMCU46,5,global,early,20,0.35490320124804303,0.28938373601637835,0.6864466853435054,2687.85
sub-ccepAgeUMCU46,5,global,late,20,0.181210771226506,0.12598126890357456,0.9525367623581534,2687.85
sub-ccepAgeUMCU46,5,node,early,20,0.3542272184008942,0.2369565978665115,0.7214644418634582,2687.85
sub-ccepAgeUMCU46,5,node,late,20,0.21422147944993802,0.13165730497092132,0.9879891782205507,2687.85
sub-ccepAgeUMCU46,5,population,early,20,0.3549032003554995,0.289383787244696,0.729790696983634,2687.85
sub-ccepAgeUMCU46,5,population,late,20,0.1812107676102082,0.12598119345836495,0.9559272871611908,2687.85
sub-ccepAgeUMCU46,5,relation,early,20,0.4381054351808397,0.2659839467366319,0.6980587181787914,2687.85
sub-ccepAgeUMCU46,5,relation,late,20,0.2687674292002785,0.2235172463138812,0.9467038804193868,2687.85
sub-ccepAgeUMCU46,5,relation_perm,early,20,0.4141604097451076,0.24167632729589875,0.7652562274489267,2687.85
sub-ccepAgeUMCU46,5,relation_perm,late,20,0.2563162062810753,0.18510311537110474,0.9712016176671019,2687.85
sub-ccepAgeUMCU46,10,global,early,20,0.36130625382111803,0.2896357908205991,0.6848945416524206,2413.55
sub-ccepAgeUMCU46,10,global,late,20,0.1715980790653247,0.12452490133842624,0.9479648774594228,2413.55
sub-ccepAgeUMCU46,10,node,early,20,0.3743910550232453,0.2649589066928448,0.6890404205197751,2413.55
sub-ccepAgeUMCU46,10,node,late,20,0.21338424255166313,0.12682820638457828,0.9586409365461458,2413.55
sub-ccepAgeUMCU46,10,population,early,20,0.3613062498624099,0.2896357605662498,0.7311368565231722,2413.55
sub-ccepAgeUMCU46,10,population,late,20,0.17159807718485176,0.12452486658120636,0.9556961792510921,2413.55
sub-ccepAgeUMCU46,10,relation,early,20,0.44930022595491337,0.28759229777828715,0.6733957698768002,2413.55
sub-ccepAgeUMCU46,10,relation,late,20,0.2721799406364329,0.23372254060755154,0.9134918260564184,2413.55
sub-ccepAgeUMCU46,10,relation_perm,early,20,0.42980197253712243,0.26113210998092395,0.7486133282665678,2413.55
sub-ccepAgeUMCU46,10,relation_perm,late,20,0.2667502754683857,0.20433664844459698,0.9632017242301718,2413.55
sub-ccepAgeUMCU47,3,global,early,20,0.24259076964834497,0.203021327035718,0.9730030475127185,3700.85
sub-ccepAgeUMCU47,3,global,late,20,0.21002373871778,0.3123578785514223,1.0724144149430683,3700.85
sub-ccepAgeUMCU47,3,node,early,20,0.2149820307017892,0.18448833477368384,1.0867453039469406,3700.85
sub-ccepAgeUMCU47,3,node,late,20,0.1947135086334804,0.30771557513831305,1.182604009701934,3700.85
sub-ccepAgeUMCU47,3,population,early,20,0.2425907694859101,0.20302132922344587,1.0821621346443124,3700.85
sub-ccepAgeUMCU47,3,population,late,20,0.2100237408670523,0.31235805228946395,1.181803344584285,3700.85
sub-ccepAgeUMCU47,3,relation,early,20,0.2592566880988619,0.20371626559784478,1.0936097270430774,3700.85
sub-ccepAgeUMCU47,3,relation,late,20,0.2257734162611293,0.3236283513457755,1.0661371487259517,3700.85
sub-ccepAgeUMCU47,3,relation_perm,early,20,0.2471632722879112,0.17774307357793842,1.163854045559831,3700.85
sub-ccepAgeUMCU47,3,relation_perm,late,20,0.21113529736272377,0.2783697475448256,1.1333183785316385,3700.85
sub-ccepAgeUMCU47,5,global,early,20,0.24447342902213243,0.1940326208593588,0.950124328187386,3563.85
sub-ccepAgeUMCU47,5,global,late,20,0.2153314569009352,0.31380671734120413,1.0319463459309426,3563.85
sub-ccepAgeUMCU47,5,node,early,20,0.23573804536532253,0.18064359241589917,1.0105334572267926,3563.85
sub-ccepAgeUMCU47,5,node,late,20,0.215205283206872,0.32162194070682676,1.0738184454440303,3563.85
sub-ccepAgeUMCU47,5,population,early,20,0.24447342922281973,0.19403262629145346,1.0778746670808648,3563.85
sub-ccepAgeUMCU47,5,population,late,20,0.21533145958892996,0.3138068949155735,1.1676591037211668,3563.85
sub-ccepAgeUMCU47,5,relation,early,20,0.2687648863441842,0.20518257763483425,1.0107634762508702,3563.85
sub-ccepAgeUMCU47,5,relation,late,20,0.22656557995157,0.34613210914762627,0.9899261436486186,3563.85
sub-ccepAgeUMCU47,5,relation_perm,early,20,0.2624594520343831,0.18560508653630048,1.093472352361036,3563.85
sub-ccepAgeUMCU47,5,relation_perm,late,20,0.218749278417096,0.2865337221599357,1.0852492158793963,3563.85
sub-ccepAgeUMCU47,10,global,early,20,0.2439286642691151,0.20362078811685497,0.9373052644728121,3221.15
sub-ccepAgeUMCU47,10,global,late,20,0.21177411722877068,0.3027548452940563,1.0140292655563752,3221.15
sub-ccepAgeUMCU47,10,node,early,20,0.24361743800844277,0.19632786139552877,0.9581993287181267,3221.15
sub-ccepAgeUMCU47,10,node,late,20,0.21937684502270538,0.33492185507444683,1.019893484188388,3221.15
sub-ccepAgeUMCU47,10,population,early,20,0.24392866525049134,0.20362079007548775,1.075095635606939,3221.15
sub-ccepAgeUMCU47,10,population,late,20,0.2117741193199413,0.3027549945439231,1.177495095483858,3221.15
sub-ccepAgeUMCU47,10,relation,early,20,0.275782865056146,0.2209732538624884,0.9481525119332822,3221.15
sub-ccepAgeUMCU47,10,relation,late,20,0.236180625807411,0.3520157519316433,0.9455789620027553,3221.15
sub-ccepAgeUMCU47,10,relation_perm,early,20,0.26473844115402456,0.18575955914253633,1.0711230069195552,3221.15
sub-ccepAgeUMCU47,10,relation_perm,late,20,0.22369907213985302,0.292377606858698,1.044181651332109,3221.15
sub-ccepAgeUMCU48,3,global,early,20,0.4782191960669622,0.36255301973247045,1.3948210265054972,3121.9
sub-ccepAgeUMCU48,3,global,late,20,0.28303465722218146,0.2993055933018848,1.6454037373834876,3121.9
sub-ccepAgeUMCU48,3,node,early,20,0.4249066672457499,0.3628778524387133,1.5413612873638907,3121.9
sub-ccepAgeUMCU48,3,node,late,20,0.3260882728877378,0.35951807890365256,1.799229854235072,3121.9
sub-ccepAgeUMCU48,3,population,early,20,0.4782191984020199,0.36255303516465887,1.3415604480903405,3121.9
sub-ccepAgeUMCU48,3,population,late,20,0.28303465470128264,0.29930570717555705,1.6757320123646298,3121.9
sub-ccepAgeUMCU48,3,relation,early,20,0.41923684111261794,0.3687655587885333,1.4562020127929594,3121.9
sub-ccepAgeUMCU48,3,relation,late,20,0.3139910798718853,0.3628869726936904,1.6341403715250504,3121.9
sub-ccepAgeUMCU48,3,relation_perm,early,20,0.4141563086828562,0.3416121735561527,1.5365825376457258,3121.9
sub-ccepAgeUMCU48,3,relation_perm,late,20,0.3036967984118092,0.3381112803091773,1.7138865550227382,3121.9
sub-ccepAgeUMCU48,5,global,early,20,0.4781870860695595,0.3672764708414381,1.3648449084030196,2998.85
sub-ccepAgeUMCU48,5,global,late,20,0.2837878526323586,0.30664474807601894,1.6181528374062815,2998.85
sub-ccepAgeUMCU48,5,node,early,20,0.45121523883435605,0.4073230360555905,1.4476166536348933,2998.85
sub-ccepAgeUMCU48,5,node,late,20,0.35144681730070954,0.40346740736801384,1.6805410442541455,2998.85
sub-ccepAgeUMCU48,5,population,early,20,0.478187087892932,0.36727650391960553,1.3342240778366683,2998.85
sub-ccepAgeUMCU48,5,population,late,20,0.28378784877417856,0.3066448769060162,1.6489881015504966,2998.85
sub-ccepAgeUMCU48,5,relation,early,20,0.4515342947681088,0.406716938502799,1.3945368365671367,2998.85
sub-ccepAgeUMCU48,5,relation,late,20,0.35821072366891993,0.41038666704080323,1.5461797436144935,2998.85
sub-ccepAgeUMCU48,5,relation_perm,early,20,0.44158629732419963,0.37009839884362367,1.4635387616564959,2998.85
sub-ccepAgeUMCU48,5,relation_perm,late,20,0.3456081725038308,0.383181819348983,1.590997491823126,2998.85
sub-ccepAgeUMCU48,10,global,early,20,0.4789715473266248,0.3724007923715426,1.3684274770377056,2686.05
sub-ccepAgeUMCU48,10,global,late,20,0.2878107917021051,0.305546936156477,1.6176728310439827,2686.05
sub-ccepAgeUMCU48,10,node,early,20,0.48004570386965983,0.42809916809619813,1.3919438159941107,2686.05
sub-ccepAgeUMCU48,10,node,late,20,0.38162846613166035,0.4278568790887678,1.5956614462474696,2686.05
sub-ccepAgeUMCU48,10,population,early,20,0.4789715482243884,0.3724007923715426,1.3475843578815974,2686.05
sub-ccepAgeUMCU48,10,population,late,20,0.28781078913505753,0.3055471101128635,1.6721615220818387,2686.05
sub-ccepAgeUMCU48,10,relation,early,20,0.46607029772727027,0.41701679855321616,1.3835369987859036,2686.05
sub-ccepAgeUMCU48,10,relation,late,20,0.37753633995830604,0.43129661125999297,1.5382247059059284,2686.05
sub-ccepAgeUMCU48,10,relation_perm,early,20,0.46045508636920046,0.393264622653381,1.454646464709668,2686.05
sub-ccepAgeUMCU48,10,relation_perm,late,20,0.37795954664461845,0.42107703902525345,1.5800112676847209,2686.05
sub-ccepAgeUMCU49,3,global,early,20,0.3812062707794638,0.3032888164140623,1.3642762953275476,1573.15
sub-ccepAgeUMCU49,3,global,late,20,0.38547661054621407,0.24862186425609925,0.8525527355723245,1573.15
sub-ccepAgeUMCU49,3,node,early,20,0.34600682349147843,0.2967680595110875,1.4348182280244637,1573.15
sub-ccepAgeUMCU49,3,node,late,20,0.3362996950435192,0.2644830995380264,0.9522465898213284,1573.15
sub-ccepAgeUMCU49,3,population,early,20,0.38120626429597854,0.3032888164140623,1.5189751989748175,1573.15
sub-ccepAgeUMCU49,3,population,late,20,0.385476613210854,0.24862186425609925,0.8038156648455693,1573.15
sub-ccepAgeUMCU49,3,relation,early,20,0.3837387120178698,0.29937526350306787,1.3447520916546154,1573.15
sub-ccepAgeUMCU49,3,relation,late,20,0.3460952089872943,0.2826783678610462,0.8660691227197507,1573.15
sub-ccepAgeUMCU49,3,relation_perm,early,20,0.36809207611852707,0.29047404271562494,1.4868390771389421,1573.15
sub-ccepAgeUMCU49,3,relation_perm,late,20,0.3027143303537602,0.25048364480668345,0.9153564042274974,1573.15
sub-ccepAgeUMCU49,5,global,early,20,0.38359324201123135,0.30865079349515256,1.2641030427449542,1489.9
sub-ccepAgeUMCU49,5,global,late,20,0.3888874470745203,0.2564977984663134,0.8096591464349119,1489.9
sub-ccepAgeUMCU49,5,node,early,20,0.3665270897361518,0.2973382753984005,1.2650378426256133,1489.9
sub-ccepAgeUMCU49,5,node,late,20,0.3755348377491322,0.2864979579238456,0.8699759683558798,1489.9
sub-ccepAgeUMCU49,5,population,early,20,0.38359323430598047,0.30865079349515256,1.5083160411376348,1489.9
sub-ccepAgeUMCU49,5,population,late,20,0.38888744958890803,0.2564977984663134,0.7990877399916405,1489.9
sub-ccepAgeUMCU49,5,relation,early,20,0.4148040223761017,0.32579956505966184,1.180193666567429,1489.9
sub-ccepAgeUMCU49,5,relation,late,20,0.4042867359604668,0.33670185513704876,0.8036506239051981,1489.9
sub-ccepAgeUMCU49,5,relation_perm,early,20,0.3964511262071423,0.304953660842842,1.3504979304320168,1489.9
sub-ccepAgeUMCU49,5,relation_perm,late,20,0.3352415291421045,0.26565303412317126,0.8695852570381707,1489.9
sub-ccepAgeUMCU49,10,global,early,20,0.3749805136977501,0.3034288059947381,1.3083255225831807,1283.25
sub-ccepAgeUMCU49,10,global,late,20,0.38726097015988864,0.2552439292299401,0.81755020639221,1283.25
sub-ccepAgeUMCU49,10,node,early,20,0.38162253104108773,0.2974355507868621,1.2702891574436523,1283.25
sub-ccepAgeUMCU49,10,node,late,20,0.40231523920854106,0.30641854636486354,0.8305997902805314,1283.25
sub-ccepAgeUMCU49,10,population,early,20,0.37498050793915827,0.3034288059947381,1.5327897591058086,1283.25
sub-ccepAgeUMCU49,10,population,late,20,0.38726097284909533,0.2552439292299401,0.8030087582145331,1283.25
sub-ccepAgeUMCU49,10,relation,early,20,0.4253163254409551,0.32877810006314245,1.1796490488374372,1283.25
sub-ccepAgeUMCU49,10,relation,late,20,0.4391398139883518,0.3684958682856394,0.7801826168299314,1283.25
sub-ccepAgeUMCU49,10,relation_perm,early,20,0.4082828759250767,0.30869472306414836,1.365748684513869,1283.25
sub-ccepAgeUMCU49,10,relation_perm,late,20,0.36520905269861587,0.28819905728734374,0.8488202499380598,1283.25
sub-ccepAgeUMCU50,3,global,early,20,0.16252916011610496,0.17544241389104556,1.2707943097599368,2684.15
sub-ccepAgeUMCU50,3,global,late,20,0.30965143286319285,0.22510961745988523,0.7603467379415869,2684.15
sub-ccepAgeUMCU50,3,node,early,20,0.592811834762738,0.33118989202448196,1.219480886152937,2684.15
sub-ccepAgeUMCU50,3,node,late,20,0.31807534696480627,0.24232039389433563,0.7988237910922334,2684.15
sub-ccepAgeUMCU50,3,population,early,20,0.16252915844511664,0.17544242510942204,1.5311274513744582,2684.15
sub-ccepAgeUMCU50,3,population,late,20,0.30965143264525946,0.22510962347369284,0.8499948055045705,2684.15
sub-ccepAgeUMCU50,3,relation,early,20,0.5995249315525643,0.33338665477581575,1.197311883992147,2684.15
sub-ccepAgeUMCU50,3,relation,late,20,0.3363413543574702,0.2633511087573947,0.6350379384279294,2684.15
sub-ccepAgeUMCU50,3,relation_perm,early,20,0.5539405121951131,0.31681553622940384,1.2854994308134247,2684.15
sub-ccepAgeUMCU50,3,relation_perm,late,20,0.3215543072576802,0.24311123958525832,0.673190430246494,2684.15
sub-ccepAgeUMCU50,5,global,early,20,0.16646412402832977,0.17542882040486033,1.189450134063286,2564.85
sub-ccepAgeUMCU50,5,global,late,20,0.3092466866838782,0.22486339989753268,0.7349466950451985,2564.85
sub-ccepAgeUMCU50,5,node,early,20,0.6011973069604452,0.3332043226616549,1.0846173173156477,2564.85
sub-ccepAgeUMCU50,5,node,late,20,0.33753780905799097,0.24850481782901176,0.7400357154718112,2564.85
sub-ccepAgeUMCU50,5,population,early,20,0.1664641218946628,0.17542882632697113,1.5224548732879197,2564.85
sub-ccepAgeUMCU50,5,population,late,20,0.309246685660774,0.22486340435408286,0.8406848119589446,2564.85
sub-ccepAgeUMCU50,5,relation,early,20,0.6240357200458736,0.3413756930235804,1.037993633556523,2564.85
sub-ccepAgeUMCU50,5,relation,late,20,0.3360923867672172,0.26527668870589227,0.6084253081807568,2564.85
sub-ccepAgeUMCU50,5,relation_perm,early,20,0.5701999583953291,0.3219746097587374,1.1498011753597561,2564.85
sub-ccepAgeUMCU50,5,relation_perm,late,20,0.33215252268453405,0.2396071412377733,0.6641676563097718,2564.85
sub-ccepAgeUMCU50,10,global,early,20,0.16259054763297728,0.17016688461851182,1.1792885288230643,2266.4
sub-ccepAgeUMCU50,10,global,late,20,0.3113783124551801,0.22336563571176118,0.7175550610373904,2266.4
sub-ccepAgeUMCU50,10,node,early,20,0.6012757292372368,0.33459845732087934,1.0033671489550522,2266.4
sub-ccepAgeUMCU50,10,node,late,20,0.35786896503033294,0.2694883672342414,0.6810414531211787,2266.4
sub-ccepAgeUMCU50,10,population,early,20,0.1625905464761908,0.17016689259378867,1.5170015035883844,2266.4
sub-ccepAgeUMCU50,10,population,late,20,0.3113783127464018,0.2233656794065501,0.8477414691278871,2266.4
sub-ccepAgeUMCU50,10,relation,early,20,0.6404809757807742,0.3491730188674279,0.928752115542508,2266.4
sub-ccepAgeUMCU50,10,relation,late,20,0.3556199623741663,0.2855652279775434,0.5657682216242074,2266.4
sub-ccepAgeUMCU50,10,relation_perm,early,20,0.5554255236024348,0.3153192824943227,1.1184647117085746,2266.4
sub-ccepAgeUMCU50,10,relation_perm,late,20,0.3631438993277345,0.2681547368524798,0.6261745186570772,2266.4
sub-ccepAgeUMCU51,3,global,early,20,0.275154645404307,0.2048933932243815,0.9319628791028111,2230.85
sub-ccepAgeUMCU51,3,global,late,20,0.1668525181994754,0.07243987226581024,0.6379178650650478,2230.85
sub-ccepAgeUMCU51,3,node,early,20,0.3112108854437914,0.2356173464609847,0.8659783609762067,2230.85
sub-ccepAgeUMCU51,3,node,late,20,0.2185730090159732,0.13329321498529412,0.6299118879846222,2230.85
sub-ccepAgeUMCU51,3,population,early,20,0.27515464520133753,0.20489334227145445,1.6519326120807558,2230.85
sub-ccepAgeUMCU51,3,population,late,20,0.16685251981310117,0.07243987226581024,0.9406272947602101,2230.85
sub-ccepAgeUMCU51,3,relation,early,20,0.2954087989054493,0.2271523249591732,0.8858072824131918,2230.85
sub-ccepAgeUMCU51,3,relation,late,20,0.22610291964946053,0.1496768003300878,0.4434688965384505,2230.85
sub-ccepAgeUMCU51,3,relation_perm,early,20,0.2992265084116278,0.22509445370729794,0.9479566686193284,2230.85
sub-ccepAgeUMCU51,3,relation_perm,late,20,0.21632282411463408,0.14145972872325435,0.5174679682812546,2230.85
sub-ccepAgeUMCU51,5,global,early,20,0.28031996188490094,0.21419415697695757,0.966142233088085,2129.95
sub-ccepAgeUMCU51,5,global,late,20,0.17119401708442014,0.08273056590336517,0.6445963671383836,2129.95
sub-ccepAgeUMCU51,5,node,early,20,0.31988248293814125,0.24165502437231937,0.9032630199992024,2129.95
sub-ccepAgeUMCU51,5,node,late,20,0.23005946373472352,0.14166149885183385,0.629258587094442,2129.95
sub-ccepAgeUMCU51,5,population,early,20,0.2803199605805167,0.21419410065572322,1.6537601526251247,2129.95
sub-ccepAgeUMCU51,5,population,late,20,0.1711940196674706,0.08273056590336517,0.943722839645703,2129.95
sub-ccepAgeUMCU51,5,relation,early,20,0.3128190145834545,0.244225559690272,0.8236420232589641,2129.95
sub-ccepAgeUMCU51,5,relation,late,20,0.24637129208641168,0.16143108191763172,0.4383078009679453,2129.95
sub-ccepAgeUMCU51,5,relation_perm,early,20,0.31544628161141164,0.23657044691090245,0.980709774230367,2129.95
sub-ccepAgeUMCU51,5,relation_perm,late,20,0.23269434715439646,0.14895962513217995,0.5228818993599722,2129.95
sub-ccepAgeUMCU51,10,global,early,20,0.2764133930600654,0.20884661852239486,0.929241812178995,1876.3
sub-ccepAgeUMCU51,10,global,late,20,0.1686692547070455,0.07918582985310837,0.6222555300488598,1876.3
sub-ccepAgeUMCU51,10,node,early,20,0.3256611107482259,0.24635448370656307,0.8247904960860051,1876.3
sub-ccepAgeUMCU51,10,node,late,20,0.23624675958845676,0.1469582872832305,0.5740412072008465,1876.3
sub-ccepAgeUMCU51,10,population,early,20,0.27641339258983055,0.20884654561074822,1.6507963778005312,1876.3
sub-ccepAgeUMCU51,10,population,late,20,0.1686692554596155,0.07918582985310837,0.942046661179831,1876.3
sub-ccepAgeUMCU51,10,relation,early,20,0.3164510448429559,0.24853401367341318,0.7761088905157734,1876.3
sub-ccepAgeUMCU51,10,relation,late,20,0.25204211853431946,0.1636159191292053,0.4159403323794894,1876.3
sub-ccepAgeUMCU51,10,relation_perm,early,20,0.324978640349484,0.23992458778672465,0.9290545748629795,1876.3
sub-ccepAgeUMCU51,10,relation_perm,late,20,0.23877799240020697,0.15312988221647558,0.5021075739198195,1876.3
sub-ccepAgeUMCU52,3,global,early,20,0.19152961736186955,0.3022434919241945,0.7024484715084393,1774.5
sub-ccepAgeUMCU52,3,global,late,20,0.1936922008921033,0.23913813602364425,0.5098939910577303,1774.5
sub-ccepAgeUMCU52,3,node,early,20,0.17929887406447936,0.22917101247718352,0.7902991734314586,1774.5
sub-ccepAgeUMCU52,3,node,late,20,0.17173028231401855,0.19670368742487726,0.5703338850696813,1774.5
sub-ccepAgeUMCU52,3,population,early,20,0.19152962204432902,0.3022436515087351,0.7882105272983762,1774.5
sub-ccepAgeUMCU52,3,population,late,20,0.1936921993098094,0.23913813602364425,0.5916775779477742,1774.5
sub-ccepAgeUMCU52,3,relation,early,20,0.22855820231480797,0.23979413484059423,0.7790562644389164,1774.5
sub-ccepAgeUMCU52,3,relation,late,20,0.23750660136378093,0.25922069816881466,0.5513219209777553,1774.5
sub-ccepAgeUMCU52,3,relation_perm,early,20,0.20275314541101963,0.2144643040958491,0.8351219513766358,1774.5
sub-ccepAgeUMCU52,3,relation_perm,late,20,0.20493480327227762,0.20917597897140192,0.5836502587426026,1774.5
sub-ccepAgeUMCU52,5,global,early,20,0.1929652990465932,0.30666998276279467,0.6873182866791081,1698.3
sub-ccepAgeUMCU52,5,global,late,20,0.19272298336890709,0.24021577605927974,0.4955965224358342,1698.3
sub-ccepAgeUMCU52,5,node,early,20,0.20115581476365593,0.23560056867397083,0.732486351713569,1698.3
sub-ccepAgeUMCU52,5,node,late,20,0.18412165478306514,0.21399479396029916,0.5339410141099952,1698.3
sub-ccepAgeUMCU52,5,population,early,20,0.19296530303726608,0.30667015693680344,0.7784731785567778,1698.3
sub-ccepAgeUMCU52,5,population,late,20,0.19272298117469416,0.24021577605927974,0.5855707084302681,1698.3
sub-ccepAgeUMCU52,5,relation,early,20,0.27557783899889066,0.25204716760243545,0.7185080443372852,1698.3
sub-ccepAgeUMCU52,5,relation,late,20,0.2912726581958103,0.2775955086286364,0.5104029414611647,1698.3
sub-ccepAgeUMCU52,5,relation_perm,early,20,0.2274305782715021,0.20718005037022807,0.8018302312093148,1698.3
sub-ccepAgeUMCU52,5,relation_perm,late,20,0.2335789853824335,0.2028223393146881,0.5494728587367812,1698.3
sub-ccepAgeUMCU52,10,global,early,20,0.20246174007355178,0.30277796642865906,0.6698190477106636,1507.95
sub-ccepAgeUMCU52,10,global,late,20,0.2066207026642329,0.24303873283905872,0.49163404243669123,1507.95
sub-ccepAgeUMCU52,10,node,early,20,0.20968375785236723,0.25897688384812695,0.6767365016568426,1507.95
sub-ccepAgeUMCU52,10,node,late,20,0.21690034691206633,0.2457060612083311,0.4976215916891751,1507.95
sub-ccepAgeUMCU52,10,population,early,20,0.20246174489236773,0.3027780882927531,0.7735232330236423,1507.95
sub-ccepAgeUMCU52,10,population,late,20,0.20662069956563894,0.24303873283905872,0.5822015730039695,1507.95
sub-ccepAgeUMCU52,10,relation,early,20,0.3052448989674358,0.2827651340296275,0.664731325782181,1507.95
sub-ccepAgeUMCU52,10,relation,late,20,0.3248986081981772,0.3105662629212136,0.4751849761320461,1507.95
sub-ccepAgeUMCU52,10,relation_perm,early,20,0.22161890125091932,0.2087370199559237,0.8139288583412432,1507.95
sub-ccepAgeUMCU52,10,relation_perm,late,20,0.25075085145744985,0.2123823002939543,0.5268194721196362,1507.95
sub-ccepAgeUMCU53,3,global,early,20,0.3846735950185729,0.36695755852193496,1.3523705461412088,2152.95
sub-ccepAgeUMCU53,3,global,late,20,0.302930826934775,0.3381465201173177,1.356098505285164,2152.95
sub-ccepAgeUMCU53,3,node,early,20,0.33668214772674954,0.32581508220413186,1.5085549501837543,2152.95
sub-ccepAgeUMCU53,3,node,late,20,0.38544795472781435,0.37372661214854846,1.4786482470628695,2152.95
sub-ccepAgeUMCU53,3,population,early,20,0.3846735996190812,0.3669572079418554,1.3021767642353237,2152.95
sub-ccepAgeUMCU53,3,population,late,20,0.30293083025607775,0.33814584370225653,1.4992912192103576,2152.95
sub-ccepAgeUMCU53,3,relation,early,20,0.3437825014603571,0.3428708703563524,1.4322918205355826,2152.95
sub-ccepAgeUMCU53,3,relation,late,20,0.3529668498488895,0.37637834459243014,1.3893972548419926,2152.95
sub-ccepAgeUMCU53,3,relation_perm,early,20,0.33665455758118734,0.31942616065114404,1.493392979213932,2152.95
sub-ccepAgeUMCU53,3,relation_perm,late,20,0.36009944747088685,0.3704847077361772,1.4070849107948054,2152.95
sub-ccepAgeUMCU53,5,global,early,20,0.3804910792129357,0.3595088292855487,1.347899408223335,2035.75
sub-ccepAgeUMCU53,5,global,late,20,0.30260404100440097,0.3355683535896694,1.3801436004895264,2035.75
sub-ccepAgeUMCU53,5,node,early,20,0.3651655967057109,0.35733149642829876,1.4308503284623388,2035.75
sub-ccepAgeUMCU53,5,node,late,20,0.3883477419629501,0.3931851225821443,1.4189431615253922,2035.75
sub-ccepAgeUMCU53,5,population,early,20,0.3804910842115719,0.35950840558424885,1.3019630892973426,2035.75
sub-ccepAgeUMCU53,5,population,late,20,0.3026040437530543,0.3355677081219519,1.4988718336437805,2035.75
sub-ccepAgeUMCU53,5,relation,early,20,0.37423880369942786,0.3695739709454126,1.3736070462155077,2035.75
sub-ccepAgeUMCU53,5,relation,late,20,0.3792329703175232,0.41424280100527355,1.3350576796200098,2035.75
sub-ccepAgeUMCU53,5,relation_perm,early,20,0.36151684744782064,0.3358004359374951,1.4369909593712153,2035.75
sub-ccepAgeUMCU53,5,relation_perm,late,20,0.3791045213753238,0.3957779188039179,1.3583131095842707,2035.75
sub-ccepAgeUMCU53,10,global,early,20,0.3837442796374054,0.3683213034492492,1.3111574654917801,1746.0
sub-ccepAgeUMCU53,10,global,late,20,0.3040128560937754,0.3445568742603579,1.3501955866169533,1746.0
sub-ccepAgeUMCU53,10,node,early,20,0.3883266096850991,0.3988626161907797,1.3370970283905472,1746.0
sub-ccepAgeUMCU53,10,node,late,20,0.4228350012109331,0.45020702996900563,1.3215997232156433,1746.0
sub-ccepAgeUMCU53,10,population,early,20,0.3837442849981681,0.3683208920145874,1.290070889499915,1746.0
sub-ccepAgeUMCU53,10,population,late,20,0.3040128591277159,0.34455630207482973,1.4972960714800683,1746.0
sub-ccepAgeUMCU53,10,relation,early,20,0.39731870605556263,0.4043151969345772,1.3096300128878133,1746.0
sub-ccepAgeUMCU53,10,relation,late,20,0.40615764603271937,0.45928943949993106,1.2768308845668144,1746.0
sub-ccepAgeUMCU53,10,relation_perm,early,20,0.3774159211093659,0.3443622207937618,1.3993132696502972,1746.0
sub-ccepAgeUMCU53,10,relation_perm,late,20,0.40291168457408527,0.4344605081905522,1.3097719785036657,1746.0
sub-ccepAgeUMCU54,3,global,early,20,0.2727448823636454,0.23572933197962326,0.6818391669139915,3827.0
sub-ccepAgeUMCU54,3,global,late,20,0.3209070888573322,0.17713930935432995,0.5799047505052025,3827.0
sub-ccepAgeUMCU54,3,node,early,20,0.30772218062529416,0.23141843981065682,0.6990405144948821,3827.0
sub-ccepAgeUMCU54,3,node,late,20,0.36493220714955826,0.263081304985048,0.6259587304635191,3827.0
sub-ccepAgeUMCU54,3,population,early,20,0.2727448848143865,0.23572933197962326,0.8377022326065122,3827.0
sub-ccepAgeUMCU54,3,population,late,20,0.3209070856309776,0.1771392641434787,0.5708855533228843,3827.0
sub-ccepAgeUMCU54,3,relation,early,20,0.3154171618308895,0.23774164999220235,0.629906179431136,3827.0
sub-ccepAgeUMCU54,3,relation,late,20,0.3767943145773006,0.2937224546871802,0.5348655564568817,3827.0
sub-ccepAgeUMCU54,3,relation_perm,early,20,0.3105908500347377,0.22739205176166283,0.6983286462862337,3827.0
sub-ccepAgeUMCU54,3,relation_perm,late,20,0.34631375934272546,0.2676924085076573,0.5904671167880434,3827.0
sub-ccepAgeUMCU54,5,global,early,20,0.2723883838362225,0.23242066729081431,0.679889544734034,3683.1
sub-ccepAgeUMCU54,5,global,late,20,0.3169272493885947,0.17372550709803256,0.5825678838035955,3683.1
sub-ccepAgeUMCU54,5,node,early,20,0.30361697183794767,0.23206779802757166,0.6806990349038261,3683.1
sub-ccepAgeUMCU54,5,node,late,20,0.37438015429323296,0.27046821556521894,0.5951278967504685,3683.1
sub-ccepAgeUMCU54,5,population,early,20,0.27238838544873645,0.23242066729081431,0.841314014860101,3683.1
sub-ccepAgeUMCU54,5,population,late,20,0.31692724503116454,0.17372542904500451,0.5724839879825604,3683.1
sub-ccepAgeUMCU54,5,relation,early,20,0.3178395082477414,0.24068031770378528,0.5961826014894831,3683.1
sub-ccepAgeUMCU54,5,relation,late,20,0.3950845549358478,0.30546692395146335,0.5128873638537903,3683.1
sub-ccepAgeUMCU54,5,relation_perm,early,20,0.30943192684553705,0.23147457042985478,0.7100656505292311,3683.1
sub-ccepAgeUMCU54,5,relation_perm,late,20,0.367083424503584,0.279565829902812,0.5635642478181973,3683.1
sub-ccepAgeUMCU54,10,global,early,20,0.2736634773073915,0.23443571614854442,0.6700568837329237,3322.35
sub-ccepAgeUMCU54,10,global,late,20,0.31766375950896275,0.17249078133671425,0.569823127278517,3322.35
sub-ccepAgeUMCU54,10,node,early,20,0.3229819531260698,0.2505491924559388,0.6397312549793901,3322.35
sub-ccepAgeUMCU54,10,node,late,20,0.39935118218793547,0.30885983723997557,0.5623733728911912,3322.35
sub-ccepAgeUMCU54,10,population,early,20,0.2736634790229962,0.23443571614854442,0.8387622655684875,3322.35
sub-ccepAgeUMCU54,10,population,late,20,0.31766375418221376,0.1724907210105808,0.5699974624857751,3322.35
sub-ccepAgeUMCU54,10,relation,early,20,0.3478070516530706,0.2646901152388782,0.5555732734417341,3322.35
sub-ccepAgeUMCU54,10,relation,late,20,0.4205256510675378,0.33105036756251066,0.4855339196012098,3322.35
sub-ccepAgeUMCU54,10,relation_perm,early,20,0.3385411378965693,0.2492468190557807,0.7031611986691596,3322.35
sub-ccepAgeUMCU54,10,relation_perm,late,20,0.40296928848408087,0.307269645321123,0.5581178722686045,3322.35
sub-ccepAgeUMCU55,3,global,early,20,0.33620813613206846,0.18956876141177703,0.7553465868270233,3201.25
sub-ccepAgeUMCU55,3,global,late,20,0.18596761832872422,0.1404471109737832,0.6841508714745207,3201.25
sub-ccepAgeUMCU55,3,node,early,20,0.32131701693271836,0.1820358659487778,0.7967856803182064,3201.25
sub-ccepAgeUMCU55,3,node,late,20,0.19369621531310915,0.1636001667000849,0.7295714400607616,3201.25
sub-ccepAgeUMCU55,3,population,early,20,0.3362081339633101,0.18956876141177703,1.0462598145500703,3201.25
sub-ccepAgeUMCU55,3,population,late,20,0.18596761627222821,0.1404471109737832,0.8062462071467846,3201.25
sub-ccepAgeUMCU55,3,relation,early,20,0.3324135247732739,0.19909556000892806,0.7575711718025893,3201.25
sub-ccepAgeUMCU55,3,relation,late,20,0.20880723390382655,0.19287136314702452,0.581225229579924,3201.25
sub-ccepAgeUMCU55,3,relation_perm,early,20,0.32512267496362507,0.1934135008212021,0.8238874642546163,3201.25
sub-ccepAgeUMCU55,3,relation_perm,late,20,0.18712017322106816,0.1618726290584523,0.6592505070277317,3201.25
sub-ccepAgeUMCU55,5,global,early,20,0.3378082412474225,0.1936286881444015,0.7961783559865827,3080.95
sub-ccepAgeUMCU55,5,global,late,20,0.184355561679233,0.1413617093575173,0.703106213077647,3080.95
sub-ccepAgeUMCU55,5,node,early,20,0.34124269710714505,0.20545229590116226,0.8018148983979845,3080.95
sub-ccepAgeUMCU55,5,node,late,20,0.20601598219954065,0.19278796692070155,0.7136926159318888,3080.95
sub-ccepAgeUMCU55,5,population,early,20,0.33780823913366653,0.1936286881444015,1.055474377713113,3080.95
sub-ccepAgeUMCU55,5,population,late,20,0.18435555834861758,0.14136184035870747,0.8163713212066452,3080.95
sub-ccepAgeUMCU55,5,relation,early,20,0.3468453785344729,0.2126213706185613,0.7424136021321657,3080.95
sub-ccepAgeUMCU55,5,relation,late,20,0.21126567811582236,0.19612838451232334,0.5750386158135723,3080.95
sub-ccepAgeUMCU55,5,relation_perm,early,20,0.3488136289550434,0.2100276315219965,0.8168407074159318,3080.95
sub-ccepAgeUMCU55,5,relation_perm,late,20,0.20209053513397088,0.17717003422637534,0.6324362329829986,3080.95
sub-ccepAgeUMCU55,10,global,early,20,0.3306894679101151,0.18105001679351282,0.7552559155372014,2778.6
sub-ccepAgeUMCU55,10,global,late,20,0.18053127912092712,0.13197474147688146,0.6869100266543458,2778.6
sub-ccepAgeUMCU55,10,node,early,20,0.35369613254035304,0.1976731551237707,0.7349025296360475,2778.6
sub-ccepAgeUMCU55,10,node,late,20,0.21533908390708456,0.19196158711290973,0.675518723624891,2778.6
sub-ccepAgeUMCU55,10,population,early,20,0.3306894658633643,0.18105001679351282,1.0488818843160608,2778.6
sub-ccepAgeUMCU55,10,population,late,20,0.1805312763470195,0.13197474147688146,0.8073935901805113,2778.6
sub-ccepAgeUMCU55,10,relation,early,20,0.35318005482832837,0.20894531959729554,0.7040444220123422,2778.6
sub-ccepAgeUMCU55,10,relation,late,20,0.21541176478319324,0.20626849783337206,0.5581026516319683,2778.6
sub-ccepAgeUMCU55,10,relation_perm,early,20,0.355150436923824,0.19990177288413707,0.8028732175786459,2778.6
sub-ccepAgeUMCU55,10,relation_perm,late,20,0.2020105841442858,0.1662956542855008,0.6343601504655272,2778.6
sub-ccepAgeUMCU56,3,global,early,20,0.39683752656068744,0.308509303336819,0.8481848847736033,2399.5
sub-ccepAgeUMCU56,3,global,late,20,0.35314699060065285,0.26356285651388656,0.6810431661612645,2399.5
sub-ccepAgeUMCU56,3,node,early,20,0.3596428135968002,0.2628729764950571,0.9404009172147761,2399.5
sub-ccepAgeUMCU56,3,node,late,20,0.3330129509927694,0.23911002703743395,0.7520410926848765,2399.5
sub-ccepAgeUMCU56,3,population,early,20,0.3968375217466714,0.30850951045254027,0.8624847424213462,2399.5
sub-ccepAgeUMCU56,3,population,late,20,0.353146989566549,0.26356285651388656,0.6691121497497208,2399.5
sub-ccepAgeUMCU56,3,relation,early,20,0.35776091750187,0.24715329594651725,0.8961643320483376,2399.5
sub-ccepAgeUMCU56,3,relation,late,20,0.3229222480723075,0.25744300350023347,0.5740299973700134,2399.5
sub-ccepAgeUMCU56,3,relation_perm,early,20,0.3531689788152195,0.22446234696789738,0.9821794565247455,2399.5
sub-ccepAgeUMCU56,3,relation_perm,late,20,0.2905221088868325,0.20709759090348556,0.6383884038305283,2399.5
sub-ccepAgeUMCU56,5,global,early,20,0.39575501765235266,0.30753232693237725,0.8552514378101883,2293.1
sub-ccepAgeUMCU56,5,global,late,20,0.3529899321470482,0.2635482417506887,0.6797987011795665,2293.1
sub-ccepAgeUMCU56,5,node,early,20,0.37697737325842523,0.26879451653534603,0.8919668552070652,2293.1
sub-ccepAgeUMCU56,5,node,late,20,0.346225258507527,0.24256545947411684,0.7015249713190435,2293.1
sub-ccepAgeUMCU56,5,population,early,20,0.3957550141854667,0.3075324203915874,0.8726933401431184,2293.1
sub-ccepAgeUMCU56,5,population,late,20,0.3529899288240074,0.2635482417506887,0.6714950924469326,2293.1
sub-ccepAgeUMCU56,5,relation,early,20,0.3680019526760423,0.25145456197663413,0.8303185896123967,2293.1
sub-ccepAgeUMCU56,5,relation,late,20,0.334321531065852,0.2655227468985363,0.5326419714459759,2293.1
sub-ccepAgeUMCU56,5,relation_perm,early,20,0.3630398644449303,0.21737303793108614,0.9349158798667052,2293.1
sub-ccepAgeUMCU56,5,relation_perm,late,20,0.28999853980593243,0.19356016590602604,0.6206425369160239,2293.1
sub-ccepAgeUMCU56,10,global,early,20,0.3985246111442945,0.31359901846063004,0.8268128307243465,2026.8
sub-ccepAgeUMCU56,10,global,late,20,0.3660061037363217,0.2672636169338056,0.6547332618310735,2026.8
sub-ccepAgeUMCU56,10,node,early,20,0.38908163594842143,0.27317178313833007,0.8392174700363301,2026.8
sub-ccepAgeUMCU56,10,node,late,20,0.37260898702911077,0.24349425604272068,0.6461605142608289,2026.8
sub-ccepAgeUMCU56,10,population,early,20,0.39852460563491315,0.3135991149442902,0.8559472902343603,2026.8
sub-ccepAgeUMCU56,10,population,late,20,0.3660061004185324,0.2672636169338056,0.6626469836909604,2026.8
sub-ccepAgeUMCU56,10,relation,early,20,0.3948842371939719,0.27550601438903854,0.7705555458100167,2026.8
sub-ccepAgeUMCU56,10,relation,late,20,0.36528724968032955,0.2975933002530101,0.4951334541703846,2026.8
sub-ccepAgeUMCU56,10,relation_perm,early,20,0.37813790607369474,0.2054664210999097,0.9270676325197996,2026.8
sub-ccepAgeUMCU56,10,relation_perm,late,20,0.31237032591765757,0.1961644307637179,0.587843596359937,2026.8
sub-ccepAgeUMCU57,3,global,early,20,0.2157843087499928,0.2671138230508211,1.3865727799592644,2344.25
sub-ccepAgeUMCU57,3,global,late,20,0.24478477891685307,0.3024462122082387,1.5162354668570308,2344.25
sub-ccepAgeUMCU57,3,node,early,20,0.19889249062755623,0.27438300815110434,1.465998017690233,2344.25
sub-ccepAgeUMCU57,3,node,late,20,0.23103641229389008,0.3871372572403879,1.5634116617425438,2344.25
sub-ccepAgeUMCU57,3,population,early,20,0.21578430936425003,0.2671138230508211,1.4605210213428228,2344.25
sub-ccepAgeUMCU57,3,population,late,20,0.2447847796478345,0.30244604053106916,1.5054488448221075,2344.25
sub-ccepAgeUMCU57,3,relation,early,20,0.26517095075308716,0.3139607104776726,1.4113999862909885,2344.25
sub-ccepAgeUMCU57,3,relation,late,20,0.2793350147332919,0.4155036431662695,1.4485575210764978,2344.25
sub-ccepAgeUMCU57,3,relation_perm,early,20,0.2458638986621538,0.28379997700122744,1.5145933129916127,2344.25
sub-ccepAgeUMCU57,3,relation_perm,late,20,0.26012007369029444,0.37702555351553474,1.5135429719348088,2344.25
sub-ccepAgeUMCU57,5,global,early,20,0.21867926737840868,0.26709660701685467,1.403269968651418,2234.6
sub-ccepAgeUMCU57,5,global,late,20,0.24548493608309868,0.3040147424316603,1.5129350746175496,2234.6
sub-ccepAgeUMCU57,5,node,early,20,0.2140710169129961,0.3063243308910645,1.44088588653865,2234.6
sub-ccepAgeUMCU57,5,node,late,20,0.2521456784091475,0.4218147889499031,1.5045090358573538,2234.6
sub-ccepAgeUMCU57,5,population,early,20,0.21867926862782597,0.26709660701685467,1.4717739699535441,2234.6
sub-ccepAgeUMCU57,5,population,late,20,0.2454849351715402,0.30401444537390776,1.5173447285134243,2234.6
sub-ccepAgeUMCU57,5,relation,early,20,0.2795740505194991,0.3245537834929374,1.3898249205303823,2234.6
sub-ccepAgeUMCU57,5,relation,late,20,0.3007708308529151,0.425080387439987,1.4212120354573918,2234.6
sub-ccepAgeUMCU57,5,relation_perm,early,20,0.25946699421994496,0.2917412388554661,1.4978190560514437,2234.6
sub-ccepAgeUMCU57,5,relation_perm,late,20,0.28690878801863684,0.39683330079402024,1.4775664829641186,2234.6
sub-ccepAgeUMCU57,10,global,early,20,0.22182411517068154,0.26633626141220124,1.3858335453358988,1955.05
sub-ccepAgeUMCU57,10,global,late,20,0.24465211582490037,0.3018187370386378,1.4989201830260623,1955.05
sub-ccepAgeUMCU57,10,node,early,20,0.2256781614524462,0.32686954013932035,1.3757281656898548,1955.05
sub-ccepAgeUMCU57,10,node,late,20,0.27588423059489176,0.4405538107537518,1.4246169532334232,1955.05
sub-ccepAgeUMCU57,10,population,early,20,0.22182411492926013,0.26633626141220124,1.4887657506811574,1955.05
sub-ccepAgeUMCU57,10,population,late,20,0.24465211393957964,0.30181857047365224,1.5272728222639897,1955.05
sub-ccepAgeUMCU57,10,relation,early,20,0.29258642270735863,0.3446593792827755,1.3439651503399621,1955.05
sub-ccepAgeUMCU57,10,relation,late,20,0.3202748520002655,0.4510259681485156,1.3853936496705441,1955.05
sub-ccepAgeUMCU57,10,relation_perm,early,20,0.2709600342964614,0.3009640229582443,1.4894401828780537,1955.05
sub-ccepAgeUMCU57,10,relation_perm,late,20,0.30729693257485013,0.42428886867810345,1.4444610783916585,1955.05
sub-ccepAgeUMCU58,3,global,early,20,0.0638132230113821,0.26601360864437706,5.763483313619498,8578.2
sub-ccepAgeUMCU58,3,global,late,20,0.038785138550877785,0.1930631789429071,5.587592171407513,8578.2
sub-ccepAgeUMCU58,3,node,early,20,0.055007249168665076,0.24146907041016955,5.827815168507671,8578.2
sub-ccepAgeUMCU58,3,node,late,20,0.0300080422737705,0.1859092141382433,5.659439266013482,8578.2
sub-ccepAgeUMCU58,3,population,early,20,0.06381322338244558,0.26601355919137654,6.019019353919431,8578.2
sub-ccepAgeUMCU58,3,population,late,20,0.03878513612203227,0.19306319501631067,5.62491738828997,8578.2
sub-ccepAgeUMCU58,3,relation,early,20,0.0693656441272513,0.2586252166360369,5.795885673799185,8578.2
sub-ccepAgeUMCU58,3,relation,late,20,0.032466761533894696,0.19091112383938322,5.539570423999834,8578.2
sub-ccepAgeUMCU58,3,relation_perm,early,20,0.06854378573399074,0.25390179391452605,5.878192883088486,8578.2
sub-ccepAgeUMCU58,3,relation_perm,late,20,0.027386467105473496,0.17805281163196038,5.600573174811573,8578.2
sub-ccepAgeUMCU58,5,global,early,20,0.0800168283705509,0.2648342788558678,5.5908564953199695,8376.7
sub-ccepAgeUMCU58,5,global,late,20,0.04704499977151895,0.18837752164274707,5.419990574053955,8376.7
sub-ccepAgeUMCU58,5,node,early,20,0.07320667571655064,0.24221769005053248,5.624672466674965,8376.7
sub-ccepAgeUMCU58,5,node,late,20,0.04225714209972798,0.19007086823510505,5.45415272897025,8376.7
sub-ccepAgeUMCU58,5,population,early,20,0.08001682953373784,0.26483422937150053,5.870516473515491,8376.7
sub-ccepAgeUMCU58,5,population,late,20,0.04704499662768001,0.18837752813462794,5.483199816877335,8376.7
sub-ccepAgeUMCU58,5,relation,early,20,0.08726089099421735,0.2612423724894257,5.58039742895581,8376.7
sub-ccepAgeUMCU58,5,relation,late,20,0.044239590691708755,0.1901088375128898,5.364935345658142,8376.7
sub-ccepAgeUMCU58,5,relation_perm,early,20,0.08767382328995113,0.25179964926442683,5.705110968279546,8376.7
sub-ccepAgeUMCU58,5,relation_perm,late,20,0.039902111202970464,0.17301605576543255,5.409648410018759,8376.7
sub-ccepAgeUMCU58,10,global,early,20,0.09684326762258409,0.26627989452513956,5.625130019386136,7872.2
sub-ccepAgeUMCU58,10,global,late,20,0.05681449622867517,0.19066294124616456,5.431578687988447,7872.2
sub-ccepAgeUMCU58,10,node,early,20,0.08823126257902222,0.25358797480044604,5.624541587934486,7872.2
sub-ccepAgeUMCU58,10,node,late,20,0.05174998870655665,0.20858712723637543,5.441914985798659,7872.2
sub-ccepAgeUMCU58,10,population,early,20,0.09684326829993617,0.26627985558105133,5.899689648509931,7872.2
sub-ccepAgeUMCU58,10,population,late,20,0.05681449317022262,0.19066294226178032,5.499677639725521,7872.2
sub-ccepAgeUMCU58,10,relation,early,20,0.10481139695065744,0.2671338108617654,5.607756694167982,7872.2
sub-ccepAgeUMCU58,10,relation,late,20,0.053160869440310565,0.20086926527738552,5.369080913254882,7872.2
sub-ccepAgeUMCU58,10,relation_perm,early,20,0.10113742866419242,0.26290057989017085,5.72988588567634,7872.2
sub-ccepAgeUMCU58,10,relation_perm,late,20,0.04813311491435273,0.18235537934902338,5.443128850300335,7872.2
sub-ccepAgeUMCU59,3,global,early,20,0.5099565915407147,0.3875254262504266,0.7052736199479401,1795.0
sub-ccepAgeUMCU59,3,global,late,20,0.4457379605742175,0.2925114323505592,0.6160635154932481,1795.0
sub-ccepAgeUMCU59,3,node,early,20,0.5215596364987432,0.40247919488377626,0.7129056437626208,1795.0
sub-ccepAgeUMCU59,3,node,late,20,0.46450192111951855,0.33345402729512286,0.6298558442708442,1795.0
sub-ccepAgeUMCU59,3,population,early,20,0.5099565953924107,0.38752549625814586,1.130522928858847,1795.0
sub-ccepAgeUMCU59,3,population,late,20,0.4457379597898978,0.29251194758000587,1.1445566233432478,1795.0
sub-ccepAgeUMCU59,3,relation,early,20,0.5072147572798846,0.4018911662715154,0.6932253572956875,1795.0
sub-ccepAgeUMCU59,3,relation,late,20,0.45895865947624975,0.34515426883191375,0.4582739747105388,1795.0
sub-ccepAgeUMCU59,3,relation_perm,early,20,0.5063462124885982,0.3908676149971056,0.734553886260834,1795.0
sub-ccepAgeUMCU59,3,relation_perm,late,20,0.4404268206971015,0.31912606355668344,0.5351568014701678,1795.0
sub-ccepAgeUMCU59,5,global,early,20,0.5089422515660443,0.38594621089432496,0.705118438181142,1675.0
sub-ccepAgeUMCU59,5,global,late,20,0.44599861750190933,0.29214578402864316,0.6154024078994167,1675.0
sub-ccepAgeUMCU59,5,node,early,20,0.5456469085834917,0.4230056637106391,0.6746259283030798,1675.0
sub-ccepAgeUMCU59,5,node,late,20,0.4802261588494006,0.34664584418817,0.5986851382720523,1675.0
sub-ccepAgeUMCU59,5,population,early,20,0.5089422570951107,0.3859462910761387,1.1485419259199081,1675.0
sub-ccepAgeUMCU59,5,population,late,20,0.4459986165549498,0.2921460622283786,1.1641427655737124,1675.0
sub-ccepAgeUMCU59,5,relation,early,20,0.5290813346432143,0.4157151603950795,0.6729137341510215,1675.0
sub-ccepAgeUMCU59,5,relation,late,20,0.4813365833116229,0.36590564855008234,0.4639491441363002,1675.0
sub-ccepAgeUMCU59,5,relation_perm,early,20,0.5300256950001544,0.4071753307921453,0.7227156427864172,1675.0
sub-ccepAgeUMCU59,5,relation_perm,late,20,0.4632751859370982,0.33711485190753415,0.5401619221359455,1675.0
sub-ccepAgeUMCU59,10,global,early,20,0.5130764925024434,0.38567861924007807,0.6807283826473598,1374.95
sub-ccepAgeUMCU59,10,global,late,20,0.43783829095628557,0.28568873656533905,0.6037018028297549,1374.95
sub-ccepAgeUMCU59,10,node,early,20,0.5674217780783797,0.4336758887725489,0.6260015700234726,1374.95
sub-ccepAgeUMCU59,10,node,late,20,0.48277015062377837,0.3524940828992754,0.5615965823954058,1374.95
sub-ccepAgeUMCU59,10,population,early,20,0.5130764966519298,0.38567879745465705,1.1357270265651243,1374.95
sub-ccepAgeUMCU59,10,population,late,20,0.43783829297238086,0.2856891461995409,1.170196000769101,1374.95
sub-ccepAgeUMCU59,10,relation,early,20,0.5522383282588681,0.42656588082178437,0.6056888325667142,1374.95
sub-ccepAgeUMCU59,10,relation,late,20,0.4734226488209541,0.3698061205635455,0.4334643976007272,1374.95
sub-ccepAgeUMCU59,10,relation_perm,early,20,0.5526186434681529,0.42258083036005845,0.6921192927796778,1374.95
sub-ccepAgeUMCU59,10,relation_perm,late,20,0.4680721214464267,0.3556492682982271,0.5259902687946381,1374.95
sub-ccepAgeUMCU60,3,global,early,20,0.3251237657410646,0.3144743205452101,0.7859709223992974,5154.75
sub-ccepAgeUMCU60,3,global,late,20,0.23637037805345126,0.23008916480612,0.831366887825272,5154.75
sub-ccepAgeUMCU60,3,node,early,20,0.2935428522273015,0.24534074179651078,0.8881313390333245,5154.75
sub-ccepAgeUMCU60,3,node,late,20,0.23160078968146336,0.2276121569146942,0.9424812821607613,5154.75
sub-ccepAgeUMCU60,3,population,early,20,0.32512375883053635,0.31447434169809624,0.7543456137901013,5154.75
sub-ccepAgeUMCU60,3,population,late,20,0.23637037804479974,0.23008915156044485,0.8298972728825651,5154.75
sub-ccepAgeUMCU60,3,relation,early,20,0.2928838954219761,0.2624974200524076,0.8362886585702322,5154.75
sub-ccepAgeUMCU60,3,relation,late,20,0.23599867156507695,0.26321042230088854,0.8402596620190026,5154.75
sub-ccepAgeUMCU60,3,relation_perm,early,20,0.2770715417226954,0.2329403435484149,0.9217675936290904,5154.75
sub-ccepAgeUMCU60,3,relation_perm,late,20,0.20451568653137123,0.2155821048510315,0.8903743427513792,5154.75
sub-ccepAgeUMCU60,5,global,early,20,0.3224541459511758,0.31609938934380705,0.7686370239659903,4998.1
sub-ccepAgeUMCU60,5,global,late,20,0.23659166292961195,0.23356004922348644,0.8402463656126175,4998.1
sub-ccepAgeUMCU60,5,node,early,20,0.3109844586726501,0.2658531363808984,0.81060478883182,4998.1
sub-ccepAgeUMCU60,5,node,late,20,0.23843323834421945,0.23615181421391856,0.884503122988118,4998.1
sub-ccepAgeUMCU60,5,population,early,20,0.3224541399696768,0.31609938998677556,0.7582476301675213,4998.1
sub-ccepAgeUMCU60,5,population,late,20,0.23659166329913842,0.23356009105693715,0.8310918662752552,4998.1
sub-ccepAgeUMCU60,5,relation,early,20,0.30159199352071775,0.2800927666993632,0.7733125018646366,4998.1
sub-ccepAgeUMCU60,5,relation,late,20,0.25688818818972337,0.2855305232618174,0.7945043654021618,4998.1
sub-ccepAgeUMCU60,5,relation_perm,early,20,0.28823839720886874,0.22584459601974868,0.8868461143023108,4998.1
sub-ccepAgeUMCU60,5,relation_perm,late,20,0.215968934920097,0.20805151538962266,0.8536557202724783,4998.1
sub-ccepAgeUMCU60,10,global,early,20,0.3206730211622856,0.3116757257202505,0.7701841887213042,4607.85
sub-ccepAgeUMCU60,10,global,late,20,0.23582854502357908,0.22890536494523178,0.8279114307789974,4607.85
sub-ccepAgeUMCU60,10,node,early,20,0.31803699454888934,0.27845562032242255,0.7834952274833422,4607.85
sub-ccepAgeUMCU60,10,node,late,20,0.2522503422412908,0.2646357019197044,0.8379689836046081,4607.85
sub-ccepAgeUMCU60,10,population,early,20,0.3206730144654957,0.31167573370400947,0.7618967247339161,4607.85
sub-ccepAgeUMCU60,10,population,late,20,0.23582854453539093,0.22890540528475892,0.8304402433082625,4607.85
sub-ccepAgeUMCU60,10,relation,early,20,0.3147033972413388,0.29233823109592716,0.7505101731241675,4607.85
sub-ccepAgeUMCU60,10,relation,late,20,0.275515980567163,0.3104617328409357,0.7544476937128821,4607.85
sub-ccepAgeUMCU60,10,relation_perm,early,20,0.2959968124761254,0.22780087152642065,0.8720941176322021,4607.85
sub-ccepAgeUMCU60,10,relation_perm,late,20,0.2306202794813288,0.22310924318824013,0.8192754712287049,4607.85
sub-ccepAgeUMCU61,3,global,early,20,0.19732357135400547,0.2431502434506358,0.8305827163988179,3956.9
sub-ccepAgeUMCU61,3,global,late,20,0.21663506659682757,0.19825858667070168,0.9731117733197289,3956.9
sub-ccepAgeUMCU61,3,node,early,20,0.1876169469366165,0.21301161769791643,0.8725520281605157,3956.9
sub-ccepAgeUMCU61,3,node,late,20,0.2090256042844664,0.19284589933845997,1.0155863954350413,3956.9
sub-ccepAgeUMCU61,3,population,early,20,0.1973235684196863,0.24315014357073278,0.9656848390037552,3956.9
sub-ccepAgeUMCU61,3,population,late,20,0.21663506519757295,0.19825863793170398,1.0182148488392042,3956.9
sub-ccepAgeUMCU61,3,relation,early,20,0.2041882884887653,0.2329140412322484,0.882613810160383,3956.9
sub-ccepAgeUMCU61,3,relation,late,20,0.20448505925281418,0.1891972769085478,0.897198806336965,3956.9
sub-ccepAgeUMCU61,3,relation_perm,early,20,0.20309711186312368,0.2214811181108444,0.9657878533480814,3956.9
sub-ccepAgeUMCU61,3,relation_perm,late,20,0.20098823830415835,0.18077673815157103,0.9778122412244142,3956.9
sub-ccepAgeUMCU61,5,global,early,20,0.19767215515967798,0.2480146801897006,0.795801208916022,3804.15
sub-ccepAgeUMCU61,5,global,late,20,0.2133116609823266,0.1988473029571709,0.9649769344790513,3804.15
sub-ccepAgeUMCU61,5,node,early,20,0.1919077300702251,0.2290736743764131,0.8226935729093695,3804.15
sub-ccepAgeUMCU61,5,node,late,20,0.2140288446908311,0.20162718371053773,0.9873530591756701,3804.15
sub-ccepAgeUMCU61,5,population,early,20,0.19767215262845386,0.24801460656304325,0.9587179278726646,3804.15
sub-ccepAgeUMCU61,5,population,late,20,0.2133116590369434,0.19884735362056047,1.0231564963232425,3804.15
sub-ccepAgeUMCU61,5,relation,early,20,0.21394056833369546,0.24786197831700915,0.7843536576279915,3804.15
sub-ccepAgeUMCU61,5,relation,late,20,0.2130396126242248,0.20717403993694,0.8616413223127903,3804.15
sub-ccepAgeUMCU61,5,relation_perm,early,20,0.21033877286751862,0.23495450694433928,0.9444450078975318,3804.15
sub-ccepAgeUMCU61,5,relation_perm,late,20,0.21618601109733135,0.2031207450217615,0.9509974411599025,3804.15
sub-ccepAgeUMCU61,10,global,early,20,0.1871542401817102,0.24400338740771282,0.8135442080182465,3426.55
sub-ccepAgeUMCU61,10,global,late,20,0.20593993200272562,0.1914197063526308,0.956436293417875,3426.55
sub-ccepAgeUMCU61,10,node,early,20,0.18834806777661045,0.23681594302680295,0.8065573278133847,3426.55
sub-ccepAgeUMCU61,10,node,late,20,0.22571571262983584,0.20992194585033408,0.9239277543788113,3426.55
sub-ccepAgeUMCU61,10,population,early,20,0.1871542362842053,0.2440033490869879,0.9730557954092482,3426.55
sub-ccepAgeUMCU61,10,population,late,20,0.20593993080020945,0.19141973404432544,1.0246422755001003,3426.55
sub-ccepAgeUMCU61,10,relation,early,20,0.20445731246899665,0.2604807910961354,0.7969256536368968,3426.55
sub-ccepAgeUMCU61,10,relation,late,20,0.22858160954697274,0.22455738905893946,0.8252371729711682,3426.55
sub-ccepAgeUMCU61,10,relation_perm,early,20,0.20245696657542295,0.24585965065185017,0.9849395010737728,3426.55
sub-ccepAgeUMCU61,10,relation_perm,late,20,0.22807314471007983,0.21928422125463104,0.9398923972589559,3426.55
sub-ccepAgeUMCU62,3,global,early,20,0.3166095627854184,0.2582725750983882,0.9981485381980735,2920.65
sub-ccepAgeUMCU62,3,global,late,20,0.19131438291865321,0.16652084805964276,0.7991855071219167,2920.65
sub-ccepAgeUMCU62,3,node,early,20,0.30467388534979134,0.26431561164018336,1.0813304633388185,2920.65
sub-ccepAgeUMCU62,3,node,late,20,0.19144675832164026,0.19868368517661367,0.8749395941391308,2920.65
sub-ccepAgeUMCU62,3,population,early,20,0.3166095652652523,0.2582725750983882,0.9699852402642778,2920.65
sub-ccepAgeUMCU62,3,population,late,20,0.1913143801947455,0.16652087098973378,0.7629519976593081,2920.65
sub-ccepAgeUMCU62,3,relation,early,20,0.3523213463455122,0.2681779214096805,1.039528640481343,2920.65
sub-ccepAgeUMCU62,3,relation,late,20,0.2150512569076742,0.20805299531410984,0.761676782250613,2920.65
sub-ccepAgeUMCU62,3,relation_perm,early,20,0.33378407230739293,0.2640763430781163,1.1130611377497888,2920.65
sub-ccepAgeUMCU62,3,relation_perm,late,20,0.2016986258888193,0.196493086355295,0.8362550695439381,2920.65
sub-ccepAgeUMCU62,5,global,early,20,0.3207153731872361,0.2617076043744749,0.9665859616387269,2777.35
sub-ccepAgeUMCU62,5,global,late,20,0.19368161876926981,0.16827380440248185,0.7930453415812678,2777.35
sub-ccepAgeUMCU62,5,node,early,20,0.3157586743296668,0.2808940562071419,1.0349479224781848,2777.35
sub-ccepAgeUMCU62,5,node,late,20,0.19827338881982606,0.2182761131306469,0.8237675640424454,2777.35
sub-ccepAgeUMCU62,5,population,early,20,0.32071537339482925,0.2617076043744749,0.9655112130459134,2777.35
sub-ccepAgeUMCU62,5,population,late,20,0.19368161552587268,0.16827382074587194,0.7624879160732576,2777.35
sub-ccepAgeUMCU62,5,relation,early,20,0.37734793150845375,0.2859988566368822,0.9724625946446736,2777.35
sub-ccepAgeUMCU62,5,relation,late,20,0.22465522642145822,0.2228384828490709,0.7391557326528045,2777.35
sub-ccepAgeUMCU62,5,relation_perm,early,20,0.3512557758041695,0.27318496926224645,1.099165214324502,2777.35
sub-ccepAgeUMCU62,5,relation_perm,late,20,0.21562655798228988,0.22296455406071658,0.817606203529663,2777.35
sub-ccepAgeUMCU62,10,global,early,20,0.3202776614710058,0.25486956967135566,0.9717707120414811,2423.4
sub-ccepAgeUMCU62,10,global,late,20,0.18983743448851148,0.15185678499776628,0.7932409936680507,2423.4
sub-ccepAgeUMCU62,10,node,early,20,0.33537052912006526,0.28999459791741994,0.9815319282747288,2423.4
sub-ccepAgeUMCU62,10,node,late,20,0.20627178578239125,0.22179104911534328,0.7913123035979834,2423.4
sub-ccepAgeUMCU62,10,population,early,20,0.32027766145275643,0.25486956967135566,0.9815548230576427,2423.4
sub-ccepAgeUMCU62,10,population,late,20,0.18983743183164242,0.15185680534543672,0.7771176063970432,2423.4
sub-ccepAgeUMCU62,10,relation,early,20,0.3882032433464001,0.29185292239926275,0.9510776580099302,2423.4
sub-ccepAgeUMCU62,10,relation,late,20,0.23556588445544274,0.21950452053481723,0.7089987901018927,2423.4
sub-ccepAgeUMCU62,10,relation_perm,early,20,0.36353042373535,0.27366929272767754,1.0970488575667754,2423.4
sub-ccepAgeUMCU62,10,relation_perm,late,20,0.22988204128984627,0.22718796577441908,0.7951710451009472,2423.4
sub-ccepAgeUMCU63,3,global,early,20,0.544875315415447,0.4512338700112702,0.8269230399793287,2700.65
sub-ccepAgeUMCU63,3,global,late,20,0.29776698316762484,0.20917539946456915,0.7786905571935983,2700.65
sub-ccepAgeUMCU63,3,node,early,20,0.5351182578781294,0.42611698147107335,0.891375802200567,2700.65
sub-ccepAgeUMCU63,3,node,late,20,0.2896112291041193,0.1883628688429387,0.8335205608832487,2700.65
sub-ccepAgeUMCU63,3,population,early,20,0.5448753144852977,0.45123393163771003,0.8289414155093159,2700.65
sub-ccepAgeUMCU63,3,population,late,20,0.2977669872913805,0.20917546990165103,0.7770161390285315,2700.65
sub-ccepAgeUMCU63,3,relation,early,20,0.5441351109524161,0.4382747500883039,0.8618324029849138,2700.65
sub-ccepAgeUMCU63,3,relation,late,20,0.30436391216350567,0.22160382789880062,0.7246775350134869,2700.65
sub-ccepAgeUMCU63,3,relation_perm,early,20,0.5349250560713498,0.4139258690474742,0.9360220550400642,2700.65
sub-ccepAgeUMCU63,3,relation_perm,late,20,0.2851715179913728,0.1853375792740954,0.8045801267774675,2700.65
sub-ccepAgeUMCU63,5,global,early,20,0.5482836305952955,0.4537700711475618,0.8341231900666097,2611.2
sub-ccepAgeUMCU63,5,global,late,20,0.30414603136763907,0.21535356702329747,0.7855795849633569,2611.2
sub-ccepAgeUMCU63,5,node,early,20,0.554836727588138,0.44590338032263144,0.858709525125129,2611.2
sub-ccepAgeUMCU63,5,node,late,20,0.31741403731606044,0.20142446434053873,0.8196485837633147,2611.2
sub-ccepAgeUMCU63,5,population,early,20,0.5482836293200032,0.4537700711475618,0.8262559949713992,2611.2
sub-ccepAgeUMCU63,5,population,late,20,0.3041460356201141,0.21535365458737915,0.77429971598943,2611.2
sub-ccepAgeUMCU63,5,relation,early,20,0.5656562850769253,0.451754500841528,0.837326276578173,2611.2
sub-ccepAgeUMCU63,5,relation,late,20,0.3509974210547434,0.24062129432557416,0.7021998270637245,2611.2
sub-ccepAgeUMCU63,5,relation_perm,early,20,0.5558676470808996,0.42750911310071016,0.927493869524756,2611.2
sub-ccepAgeUMCU63,5,relation_perm,late,20,0.3291309613124761,0.19847338466035014,0.7793254058320127,2611.2
sub-ccepAgeUMCU63,10,global,early,20,0.55340112998625,0.45626729809687705,0.8127738480189374,2384.4
sub-ccepAgeUMCU63,10,global,late,20,0.301725853030624,0.2144228558546153,0.739634192916144,2384.4
sub-ccepAgeUMCU63,10,node,early,20,0.5694105789757155,0.47896553331048003,0.8122225190196926,2384.4
sub-ccepAgeUMCU63,10,node,late,20,0.31697786104079684,0.2229974944958733,0.7497012413851375,2384.4
sub-ccepAgeUMCU63,10,population,early,20,0.5534011278731343,0.45626734519319817,0.8276852079161852,2384.4
sub-ccepAgeUMCU63,10,population,late,20,0.30172585726713336,0.21442291653228102,0.7767087981409013,2384.4
sub-ccepAgeUMCU63,10,relation,early,20,0.5886736187384908,0.48322363083476727,0.8075732893215661,2384.4
sub-ccepAgeUMCU63,10,relation,late,20,0.3701848577747122,0.26426847139045473,0.6674766277710852,2384.4
sub-ccepAgeUMCU63,10,relation_perm,early,20,0.5752682871572724,0.45199113931660345,0.8999417056723612,2384.4
sub-ccepAgeUMCU63,10,relation_perm,late,20,0.3478925368655892,0.21616077308160447,0.7367547526517444,2384.4
sub-ccepAgeUMCU64,3,global,early,20,0.2333923316654392,0.16106183353870374,1.0406053512390243,2154.95
sub-ccepAgeUMCU64,3,global,late,20,0.12188570138103547,-0.01309321598260058,0.7904190795596199,2154.95
sub-ccepAgeUMCU64,3,node,early,20,0.21822957931984627,0.1296789896989477,1.044738484397627,2154.95
sub-ccepAgeUMCU64,3,node,late,20,0.1256747060244151,0.040578899309168366,0.8477842580644908,2154.95
sub-ccepAgeUMCU64,3,population,early,20,0.23339233117377964,0.16106183353870374,1.2250136912354497,2154.95
sub-ccepAgeUMCU64,3,population,late,20,0.12188570435477734,-0.013093210254987294,0.7630420140081354,2154.95
sub-ccepAgeUMCU64,3,relation,early,20,0.25092552632411425,0.1466780776410576,0.980537777336272,2154.95
sub-ccepAgeUMCU64,3,relation,late,20,0.18386187887066302,0.09337122163165698,0.7457113646804524,2154.95
sub-ccepAgeUMCU64,3,relation_perm,early,20,0.24804998810276194,0.1367352103670132,1.076252921684762,2154.95
sub-ccepAgeUMCU64,3,relation_perm,late,20,0.1565877861160288,0.06291362867403191,0.7852742886487052,2154.95
sub-ccepAgeUMCU64,5,global,early,20,0.23011740302562328,0.16345198512879364,1.0355441828463936,2065.9
sub-ccepAgeUMCU64,5,global,late,20,0.12243090706840798,-0.009491778476900917,0.7972691100892336,2065.9
sub-ccepAgeUMCU64,5,node,early,20,0.2324041661695881,0.14029683058634437,1.0277324204747658,2065.9
sub-ccepAgeUMCU64,5,node,late,20,0.12963770178311157,0.03742506514834888,0.8303294997528472,2065.9
sub-ccepAgeUMCU64,5,population,early,20,0.2301174004268018,0.16345198512879364,1.2265638860445576,2065.9
sub-ccepAgeUMCU64,5,population,late,20,0.12243090826690899,-0.009491532525723488,0.761103613371801,2065.9
sub-ccepAgeUMCU64,5,relation,early,20,0.27103168613198714,0.15418914755894136,0.8997068468714076,2065.9
sub-ccepAgeUMCU64,5,relation,late,20,0.21274796156952375,0.0796293146471242,0.7083509686456553,2065.9
sub-ccepAgeUMCU64,5,relation_perm,early,20,0.2620181900083923,0.13592408416032603,1.0743574380976961,2065.9
sub-ccepAgeUMCU64,5,relation_perm,late,20,0.17498093638533696,0.04954194486993131,0.7751572540758993,2065.9
sub-ccepAgeUMCU64,10,global,early,20,0.23729206702554523,0.1690749183948674,1.0742699663134303,1841.25
sub-ccepAgeUMCU64,10,global,late,20,0.1317085838056808,0.0015310165360612623,0.8036640002575725,1841.25
sub-ccepAgeUMCU64,10,node,early,20,0.24621926167444572,0.1632117381920679,1.044545422672759,1841.25
sub-ccepAgeUMCU64,10,node,late,20,0.13733480590709501,0.04802558868609817,0.8066520415382172,1841.25
sub-ccepAgeUMCU64,10,population,early,20,0.23729206524720287,0.1690749183948674,1.2461040847994134,1841.25
sub-ccepAgeUMCU64,10,population,late,20,0.13170858641778269,0.0015312614378047936,0.7618518907922153,1841.25
sub-ccepAgeUMCU64,10,relation,early,20,0.28035032793527975,0.1784833612690649,0.913013819166933,1841.25
sub-ccepAgeUMCU64,10,relation,late,20,0.2367261798885943,0.09576062132646426,0.694077523780082,1841.25
sub-ccepAgeUMCU64,10,relation_perm,early,20,0.2782275959348066,0.14834321234233924,1.133345098430913,1841.25
sub-ccepAgeUMCU64,10,relation_perm,late,20,0.19959614618679913,0.05372243359323255,0.7436261051188012,1841.25
sub-ccepAgeUMCU65,3,global,early,20,0.40621808506952145,0.4025873841756348,1.243016181064287,2499.9
sub-ccepAgeUMCU65,3,global,late,20,0.37672447919596147,0.36672354385988,1.23584468220169,2499.9
sub-ccepAgeUMCU65,3,node,early,20,0.34966939840921357,0.31681539010730336,1.4224153284469028,2499.9
sub-ccepAgeUMCU65,3,node,late,20,0.36331360980110927,0.303051412523074,1.4598025616143901,2499.9
sub-ccepAgeUMCU65,3,population,early,20,0.4062180935219832,0.4025868671797322,1.2112902555763945,2499.9
sub-ccepAgeUMCU65,3,population,late,20,0.37672447131625003,0.36672349623053735,1.1794930950561682,2499.9
sub-ccepAgeUMCU65,3,relation,early,20,0.38862644250637046,0.3506649950802106,1.3413581074292602,2499.9
sub-ccepAgeUMCU65,3,relation,late,20,0.3426331028165821,0.3110397734442146,1.3308103594565188,2499.9
sub-ccepAgeUMCU65,3,relation_perm,early,20,0.3813854666997405,0.32962256881097296,1.3893644990981517,2499.9
sub-ccepAgeUMCU65,3,relation_perm,late,20,0.3322939396899192,0.2853118880232864,1.3564292766016677,2499.9
sub-ccepAgeUMCU65,5,global,early,20,0.40288498793963246,0.40758747409434004,1.2396272702256874,2377.8
sub-ccepAgeUMCU65,5,global,late,20,0.38124304580600216,0.37105770274550304,1.2269306066972416,2377.8
sub-ccepAgeUMCU65,5,node,early,20,0.3776243415402617,0.3405446188138664,1.3172519676416492,2377.8
sub-ccepAgeUMCU65,5,node,late,20,0.388446177383208,0.3274619683480519,1.2951650791108738,2377.8
sub-ccepAgeUMCU65,5,population,early,20,0.4028849956625046,0.4075871686447677,1.2112249213011144,2377.8
sub-ccepAgeUMCU65,5,population,late,20,0.3812430371722558,0.37105766613816554,1.1875209908503734,2377.8
sub-ccepAgeUMCU65,5,relation,early,20,0.4014277249144815,0.3635495167153949,1.2757567284934892,2377.8
sub-ccepAgeUMCU65,5,relation,late,20,0.3628221374075244,0.33025725192001043,1.2779791933419542,2377.8
sub-ccepAgeUMCU65,5,relation_perm,early,20,0.3882868724103117,0.32308216411132784,1.360677984369178,2377.8
sub-ccepAgeUMCU65,5,relation_perm,late,20,0.35469671291340277,0.29535010037092074,1.336699549278519,2377.8
sub-ccepAgeUMCU65,10,global,early,20,0.4048500679695404,0.3956069161976814,1.2142736311020268,2072.75
sub-ccepAgeUMCU65,10,global,late,20,0.3706164034447505,0.35760802337232583,1.1968381935464365,2072.75
sub-ccepAgeUMCU65,10,node,early,20,0.40220850801864405,0.3794918912784856,1.239771680017624,2072.75
sub-ccepAgeUMCU65,10,node,late,20,0.4103749563047949,0.356681759297644,1.2223545129864282,2072.75
sub-ccepAgeUMCU65,10,population,early,20,0.40485007638204323,0.395606511231631,1.1973497408369187,2072.75
sub-ccepAgeUMCU65,10,population,late,20,0.3706163978824272,0.3576079818094256,1.1662729633702047,2072.75
sub-ccepAgeUMCU65,10,relation,early,20,0.4241615353920841,0.3877376837577549,1.2156881111824638,2072.75
sub-ccepAgeUMCU65,10,relation,late,20,0.36893578100462204,0.3498853831246969,1.2158994206617257,2072.75
sub-ccepAgeUMCU65,10,relation_perm,early,20,0.4096660406467053,0.35181354491171646,1.2964658247614658,2072.75
sub-ccepAgeUMCU65,10,relation_perm,late,20,0.3639422607470697,0.3187334210441314,1.2567581913447046,2072.75
sub-ccepAgeUMCU66,3,global,early,20,0.3487457618696136,0.28367521476182767,0.8769196375579769,3569.95
sub-ccepAgeUMCU66,3,global,late,20,0.3418271732304156,0.26011515626305715,0.5818860133708935,3569.95
sub-ccepAgeUMCU66,3,node,early,20,0.3807916941134134,0.25347014793934863,0.9075103768912953,3569.95
sub-ccepAgeUMCU66,3,node,late,20,0.32928118517886007,0.23963083881439165,0.657763716965658,3569.95
sub-ccepAgeUMCU66,3,population,early,20,0.34874576320224115,0.2836751934464822,1.0816971233122223,3569.95
sub-ccepAgeUMCU66,3,population,late,20,0.34182717420441183,0.2601150353566447,0.6488052658212895,3569.95
sub-ccepAgeUMCU66,3,relation,early,20,0.40717998413802825,0.2722482022938446,0.8273031568268335,3569.95
sub-ccepAgeUMCU66,3,relation,late,20,0.3643354878886903,0.2715552425406168,0.5527697105992161,3569.95
sub-ccepAgeUMCU66,3,relation_perm,early,20,0.4027382430568827,0.2604339407532184,0.9044685466631914,3569.95
sub-ccepAgeUMCU66,3,relation_perm,late,20,0.3461535255422208,0.24658171923831307,0.5825920669545572,3569.95
sub-ccepAgeUMCU66,5,global,early,20,0.3511584702124424,0.2847175881159422,0.8614494929757532,3400.45
sub-ccepAgeUMCU66,5,global,late,20,0.3405740404814435,0.26109031676314787,0.5705272176621646,3400.45
sub-ccepAgeUMCU66,5,node,early,20,0.37316269649269096,0.2572461985472565,0.8591810379586396,3400.45
sub-ccepAgeUMCU66,5,node,late,20,0.3309559343104759,0.24473835080385445,0.5964081956112113,3400.45
sub-ccepAgeUMCU66,5,population,early,20,0.3511584734038319,0.2847175758301169,1.0736978572621099,3400.45
sub-ccepAgeUMCU66,5,population,late,20,0.34057404090421584,0.26109021660805876,0.6487402461407074,3400.45
sub-ccepAgeUMCU66,5,relation,early,20,0.409199784825689,0.27717913571195374,0.7725918820380453,3400.45
sub-ccepAgeUMCU66,5,relation,late,20,0.39046299229761294,0.286544784272261,0.49623434157810636,3400.45
sub-ccepAgeUMCU66,5,relation_perm,early,20,0.4041452180634001,0.2588697093709007,0.8995827800801569,3400.45
sub-ccepAgeUMCU66,5,relation_perm,late,20,0.36276232758522975,0.24883772573535462,0.5443101410644897,3400.45
sub-ccepAgeUMCU66,10,global,early,20,0.3484144904384458,0.2870314245532622,0.8636643556320308,2974.45
sub-ccepAgeUMCU66,10,global,late,20,0.34446551994718677,0.26926759701380126,0.5673463484989322,2974.45
sub-ccepAgeUMCU66,10,node,early,20,0.37792949940100384,0.27042124280589436,0.8313261686643747,2974.45
sub-ccepAgeUMCU66,10,node,late,20,0.3523689147814707,0.28313388347528157,0.5705308319907854,2974.45
sub-ccepAgeUMCU66,10,population,early,20,0.34841449333648383,0.2870313865419175,1.0940115754637323,2974.45
sub-ccepAgeUMCU66,10,population,late,20,0.34446551863810393,0.26926755362034943,0.6526038769213051,2974.45
sub-ccepAgeUMCU66,10,relation,early,20,0.4268740294447376,0.29366411128503445,0.7438198660468839,2974.45
sub-ccepAgeUMCU66,10,relation,late,20,0.43467324587687656,0.3180032954375017,0.47721626245845944,2974.45
sub-ccepAgeUMCU66,10,relation_perm,early,20,0.4143965516274214,0.2701977099733809,0.9044477401782227,2974.45
sub-ccepAgeUMCU66,10,relation_perm,late,20,0.3981061318646978,0.27922635843534466,0.5201306660512801,2974.45
sub-ccepAgeUMCU67,3,global,early,20,0.3020838999644671,0.20183773225674692,0.687517744912414,4780.25
sub-ccepAgeUMCU67,3,global,late,20,0.197249796623155,0.0691321597648029,0.6317286487843177,4780.25
sub-ccepAgeUMCU67,3,node,early,20,0.3068599823418366,0.22482426245210768,0.7068383384742414,4780.25
sub-ccepAgeUMCU67,3,node,late,20,0.2622641740065023,0.209365118728447,0.6690868330198327,4780.25
sub-ccepAgeUMCU67,3,population,early,20,0.30208389720922413,0.20183777448009427,0.8635410905322576,4780.25
sub-ccepAgeUMCU67,3,population,late,20,0.19724979634732695,0.06913214118764185,0.6730693083998176,4780.25
sub-ccepAgeUMCU67,3,relation,early,20,0.31448619373695824,0.22972385640979578,0.6506384380846448,4780.25
sub-ccepAgeUMCU67,3,relation,late,20,0.32118833134523606,0.2563086562295337,0.5167490670092673,4780.25
sub-ccepAgeUMCU67,3,relation_perm,early,20,0.3146153358557476,0.23646709945032574,0.7329782129801886,4780.25
sub-ccepAgeUMCU67,3,relation_perm,late,20,0.3097211871515666,0.24781398657489037,0.61168802976884,4780.25
sub-ccepAgeUMCU67,5,global,early,20,0.30404675709851964,0.2007478061155325,0.6631634904049765,4627.1
sub-ccepAgeUMCU67,5,global,late,20,0.19671570712539724,0.0702957559018397,0.624653568277126,4627.1
sub-ccepAgeUMCU67,5,node,early,20,0.32880264843525653,0.2365110281642946,0.6746960866029533,4627.1
sub-ccepAgeUMCU67,5,node,late,20,0.2828931010649838,0.23319601326385198,0.6280996562563038,4627.1
sub-ccepAgeUMCU67,5,population,early,20,0.30404675546919,0.20074786086443006,0.8536975615018829,4627.1
sub-ccepAgeUMCU67,5,population,late,20,0.19671570602743346,0.07029572764188316,0.6780584993505316,4627.1
sub-ccepAgeUMCU67,5,relation,early,20,0.3268250062566821,0.24043528821681676,0.602132242493181,4627.1
sub-ccepAgeUMCU67,5,relation,late,20,0.3149271163892723,0.25186595111479726,0.4964140742682468,4627.1
sub-ccepAgeUMCU67,5,relation_perm,early,20,0.32277787112894857,0.24338081064591616,0.756172133317139,4627.1
sub-ccepAgeUMCU67,5,relation_perm,late,20,0.30922169231395635,0.2569290881720234,0.5818469959516521,4627.1
sub-ccepAgeUMCU67,10,global,early,20,0.30890449476673465,0.20182590412180068,0.6595180497319388,4241.35
sub-ccepAgeUMCU67,10,global,late,20,0.19610631218709884,0.06953197084061705,0.6182924423331471,4241.35
sub-ccepAgeUMCU67,10,node,early,20,0.3285466136951783,0.23928975427808563,0.6484866096569185,4241.35
sub-ccepAgeUMCU67,10,node,late,20,0.2795141632778648,0.23648384734397845,0.593055228670207,4241.35
sub-ccepAgeUMCU67,10,population,early,20,0.3089044917837415,0.20182599409777763,0.8652056088941918,4241.35
sub-ccepAgeUMCU67,10,population,late,20,0.1961063107115592,0.06953196116661758,0.6832901276274208,4241.35
sub-ccepAgeUMCU67,10,relation,early,20,0.3371843498448473,0.25014984820988506,0.5720767341503997,4241.35
sub-ccepAgeUMCU67,10,relation,late,20,0.3411224668680796,0.2775586824539725,0.46856455808579145,4241.35
sub-ccepAgeUMCU67,10,relation_perm,early,20,0.3328259860070381,0.2542603870651062,0.7374697407211679,4241.35
sub-ccepAgeUMCU67,10,relation_perm,late,20,0.33664611467879135,0.27501839219689894,0.5495364494504339,4241.35
sub-ccepAgeUMCU68,3,global,early,20,0.38264381172946427,0.3981641413409224,1.1945078586840219,1492.25
sub-ccepAgeUMCU68,3,global,late,20,0.24514345808342924,0.248951697784037,1.1873247128593742,1492.25
sub-ccepAgeUMCU68,3,node,early,20,0.3214263436243201,0.30112632401285416,1.3458422853743255,1492.25
sub-ccepAgeUMCU68,3,node,late,20,0.22088554714588646,0.19866010637909723,1.3020980780705682,1492.25
sub-ccepAgeUMCU68,3,population,early,20,0.3826438144844003,0.3981641413409224,1.1542101820349278,1492.25
sub-ccepAgeUMCU68,3,population,late,20,0.2451434558170138,0.248951697784037,1.1836337114206144,1492.25
sub-ccepAgeUMCU68,3,relation,early,20,0.33480708262112446,0.33266099731710935,1.2756711211456762,1492.25
sub-ccepAgeUMCU68,3,relation,late,20,0.23086138530350525,0.25687889643653666,1.1787757113204804,1492.25
sub-ccepAgeUMCU68,3,relation_perm,early,20,0.3242472599375533,0.29865519282901526,1.3675904392433051,1492.25
sub-ccepAgeUMCU68,3,relation_perm,late,20,0.20793700385206293,0.21628377492235976,1.2542627170553513,1492.25
sub-ccepAgeUMCU68,5,global,early,20,0.3871788159982828,0.39954909406889527,1.213254396153562,1408.4
sub-ccepAgeUMCU68,5,global,late,20,0.25090539892842506,0.2477450503629633,1.1815387922681242,1408.4
sub-ccepAgeUMCU68,5,node,early,20,0.35718748568042064,0.3524097410743081,1.298603190772626,1408.4
sub-ccepAgeUMCU68,5,node,late,20,0.23457196509028946,0.229702355460404,1.2672357294317242,1408.4
sub-ccepAgeUMCU68,5,population,early,20,0.38717881995193065,0.39954909406889527,1.1466812469675922,1408.4
sub-ccepAgeUMCU68,5,population,late,20,0.250905394974941,0.2477450503629633,1.1614517302884324,1408.4
sub-ccepAgeUMCU68,5,relation,early,20,0.3641824557811022,0.3795536496976824,1.2463762287411897,1408.4
sub-ccepAgeUMCU68,5,relation,late,20,0.26053557754280005,0.28825198679299396,1.1385629132361093,1408.4
sub-ccepAgeUMCU68,5,relation_perm,early,20,0.35525547121396933,0.3397037228407581,1.3411223199223332,1408.4
sub-ccepAgeUMCU68,5,relation_perm,late,20,0.24642986413402662,0.2515523034290671,1.2001612551645988,1408.4
sub-ccepAgeUMCU68,10,global,early,20,0.3872257680724851,0.4041255597575287,1.174715329587369,1204.35
sub-ccepAgeUMCU68,10,global,late,20,0.2614319462424583,0.2611898985239307,1.1686465858067303,1204.35
sub-ccepAgeUMCU68,10,node,early,20,0.3757302662452884,0.3715539477907997,1.2118378480721241,1204.35
sub-ccepAgeUMCU68,10,node,late,20,0.26215778846972004,0.2553281568603305,1.1969700152751546,1204.35
sub-ccepAgeUMCU68,10,population,early,20,0.3872257716160401,0.4041255597575287,1.1734489468237324,1204.35
sub-ccepAgeUMCU68,10,population,late,20,0.2614319424395338,0.2611898985239307,1.1966540552858695,1204.35
sub-ccepAgeUMCU68,10,relation,early,20,0.37897298533601936,0.3981877385323179,1.1827894858253114,1204.35
sub-ccepAgeUMCU68,10,relation,late,20,0.2779913629847239,0.3278348375367439,1.1059949375427736,1204.35
sub-ccepAgeUMCU68,10,relation_perm,early,20,0.36707983566889213,0.34284706970945533,1.3506491076819602,1204.35
sub-ccepAgeUMCU68,10,relation_perm,late,20,0.26886802674100857,0.28505718505778016,1.1956502517646022,1204.35
sub-ccepAgeUMCU69,3,global,early,20,0.3363346481340866,0.22469286785338533,0.7807583690690401,5019.65
sub-ccepAgeUMCU69,3,global,late,20,0.21168017262563862,0.19459843810967742,0.5567013492431632,5019.65
sub-ccepAgeUMCU69,3,node,early,20,0.3325669662776246,0.2220528991503663,0.8554892811176946,5019.65
sub-ccepAgeUMCU69,3,node,late,20,0.21577204670925645,0.19726139942355744,0.6070125234886536,5019.65
sub-ccepAgeUMCU69,3,population,early,20,0.3363346477807065,0.22469292753086406,0.9966845189455148,5019.65
sub-ccepAgeUMCU69,3,population,late,20,0.21168017624754074,0.19459844191779407,0.8730907716215132,5019.65
sub-ccepAgeUMCU69,3,relation,early,20,0.35520070558222494,0.2207519963819013,0.8802857655420301,5019.65
sub-ccepAgeUMCU69,3,relation,late,20,0.21653033663251636,0.22391251221757144,0.47725609358947346,5019.65
sub-ccepAgeUMCU69,3,relation_perm,early,20,0.34561062345665483,0.21143468122626796,0.9393047346079648,5019.65
sub-ccepAgeUMCU69,3,relation_perm,late,20,0.19875794401261243,0.19169359261217322,0.5504777643186106,5019.65
sub-ccepAgeUMCU69,5,global,early,20,0.33851938596869563,0.22551008844366308,0.758464960495872,4895.95
sub-ccepAgeUMCU69,5,global,late,20,0.20744627109708075,0.1901907028027962,0.5285677238289962,4895.95
sub-ccepAgeUMCU69,5,node,early,20,0.3345717536451778,0.2196610066222528,0.786276331993443,4895.95
sub-ccepAgeUMCU69,5,node,late,20,0.22118902485338734,0.19952243270268227,0.5514860357338809,4895.95
sub-ccepAgeUMCU69,5,population,early,20,0.3385193846158152,0.22551014546460127,0.9916216552190178,4895.95
sub-ccepAgeUMCU69,5,population,late,20,0.20744627412671832,0.19019070617052902,0.8692394239591568,4895.95
sub-ccepAgeUMCU69,5,relation,early,20,0.367251531648263,0.22544710695668724,0.7610258707336252,4895.95
sub-ccepAgeUMCU69,5,relation,late,20,0.22659282639805828,0.225795305108142,0.4250564968574748,4895.95
sub-ccepAgeUMCU69,5,relation_perm,early,20,0.35414017601469255,0.2087940754583065,0.9045000929211457,4895.95
sub-ccepAgeUMCU69,5,relation_perm,late,20,0.21536921884909188,0.2063116642824859,0.522598284531006,4895.95
sub-ccepAgeUMCU69,10,global,early,20,0.3360163628913374,0.2244489953405237,0.770571248484541,4578.25
sub-ccepAgeUMCU69,10,global,late,20,0.2070182177659677,0.19360428252141207,0.5283657351792119,4578.25
sub-ccepAgeUMCU69,10,node,early,20,0.32993798172281386,0.22062318053134997,0.7788214924640244,4578.25
sub-ccepAgeUMCU69,10,node,late,20,0.21533611599961483,0.19400373103272237,0.534207015003757,4578.25
sub-ccepAgeUMCU69,10,population,early,20,0.3360163630086653,0.22444904781837569,0.9998811466529359,4578.25
sub-ccepAgeUMCU69,10,population,late,20,0.20701822063991365,0.19360429994855172,0.8740807676045108,4578.25
sub-ccepAgeUMCU69,10,relation,early,20,0.36585083306624905,0.22621252498820654,0.7466172168154058,4578.25
sub-ccepAgeUMCU69,10,relation,late,20,0.23353651913941884,0.23500030056829382,0.39875767564909664,4578.25
sub-ccepAgeUMCU69,10,relation_perm,early,20,0.348942319487423,0.20921431283009545,0.891288516721429,4578.25
sub-ccepAgeUMCU69,10,relation_perm,late,20,0.21291704804839912,0.20489974709025982,0.503615730265664,4578.25
sub-ccepAgeUMCU70,3,global,early,20,0.2572960008069106,0.35269776316355483,0.9795171958301199,1697.25
sub-ccepAgeUMCU70,3,global,late,20,0.13582584113251467,0.2778800013202563,0.7308017286954139,1697.25
sub-ccepAgeUMCU70,3,node,early,20,0.2589164135676544,0.3556058306635322,1.053706592254452,1697.25
sub-ccepAgeUMCU70,3,node,late,20,0.15078976528446897,0.32915945139282354,0.7943793450091776,1697.25
sub-ccepAgeUMCU70,3,population,early,20,0.2572959998127525,0.35269776316355483,1.0529145616183166,1697.25
sub-ccepAgeUMCU70,3,population,late,20,0.1358258469795654,0.2778800013202563,0.7762655855274103,1697.25
sub-ccepAgeUMCU70,3,relation,early,20,0.2557153518263173,0.3758008759437597,0.9797845749155492,1697.25
sub-ccepAgeUMCU70,3,relation,late,20,0.15778790796475134,0.3830299210547917,0.6354642142370369,1697.25
sub-ccepAgeUMCU70,3,relation_perm,early,20,0.25381969781595126,0.35526257015322377,1.0573930112654166,1697.25
sub-ccepAgeUMCU70,3,relation_perm,late,20,0.15033761034688475,0.33582670063452535,0.703960566561383,1697.25
sub-ccepAgeUMCU70,5,global,early,20,0.2604985070350258,0.35322281903034985,0.9371832861224219,1595.15
sub-ccepAgeUMCU70,5,global,late,20,0.13536500217160483,0.27836384647807344,0.6932802805369559,1595.15
sub-ccepAgeUMCU70,5,node,early,20,0.2616349051017166,0.3602343120594724,0.9644052405407587,1595.15
sub-ccepAgeUMCU70,5,node,late,20,0.14947391725755108,0.33164572384496804,0.714696718777731,1595.15
sub-ccepAgeUMCU70,5,population,early,20,0.2604985049266095,0.35322281903034985,1.0558674393613185,1595.15
sub-ccepAgeUMCU70,5,population,late,20,0.13536500828647238,0.27836384647807344,0.7798864893135851,1595.15
sub-ccepAgeUMCU70,5,relation,early,20,0.26673218703991675,0.38280747832077344,0.8784364307202296,1595.15
sub-ccepAgeUMCU70,5,relation,late,20,0.17416806703678223,0.4076578011179028,0.5736188670544677,1595.15
sub-ccepAgeUMCU70,5,relation_perm,early,20,0.2585647011138154,0.35357661372827576,1.0318203504257972,1595.15
sub-ccepAgeUMCU70,5,relation_perm,late,20,0.16459249234911189,0.3386158782064186,0.6568644002079037,1595.15
sub-ccepAgeUMCU70,10,global,early,20,0.26320891575996685,0.36371227563122266,0.9410430739566122,1337.45
sub-ccepAgeUMCU70,10,global,late,20,0.13901362028407954,0.2850456248308676,0.7042686816221345,1337.45
sub-ccepAgeUMCU70,10,node,early,20,0.2737554921210633,0.3866753078779521,0.944786676210288,1337.45
sub-ccepAgeUMCU70,10,node,late,20,0.1573370718092721,0.36618057431210643,0.7078565075581282,1337.45
sub-ccepAgeUMCU70,10,population,early,20,0.263208913214507,0.36371227563122266,1.0593373885299189,1337.45
sub-ccepAgeUMCU70,10,population,late,20,0.13901362595529693,0.2850456248308676,0.7832052536659283,1337.45
sub-ccepAgeUMCU70,10,relation,early,20,0.2776007495617027,0.4121381625701471,0.860274181368955,1337.45
sub-ccepAgeUMCU70,10,relation,late,20,0.18204295381985225,0.429662846194425,0.5713142860398255,1337.45
sub-ccepAgeUMCU70,10,relation_perm,early,20,0.2715511420368083,0.37485426744215455,1.0281609208219558,1337.45
sub-ccepAgeUMCU70,10,relation_perm,late,20,0.17484262811433954,0.35711150670434777,0.6656927268678698,1337.45
sub-ccepAgeUMCU71,3,global,early,20,0.36961550595039133,0.2996240340666451,0.9082793559440736,2269.0
sub-ccepAgeUMCU71,3,global,late,20,0.24727132767373633,0.3177763711728042,0.833702750301517,2269.0
sub-ccepAgeUMCU71,3,node,early,20,0.4088344004204029,0.32518251195047065,0.915988136266407,2269.0
sub-ccepAgeUMCU71,3,node,late,20,0.2609526770837617,0.3179037195093853,0.8611954015845249,2269.0
sub-ccepAgeUMCU71,3,population,early,20,0.36961550260835235,0.2996240340666451,1.1357715373051023,2269.0
sub-ccepAgeUMCU71,3,population,late,20,0.2472713293362457,0.317776486424674,1.0094118562516792,2269.0
sub-ccepAgeUMCU71,3,relation,early,20,0.3657795617480949,0.32366920968764684,0.896721277536751,2269.0
sub-ccepAgeUMCU71,3,relation,late,20,0.3116186113296616,0.3498077309015529,0.6517819267496381,2269.0
sub-ccepAgeUMCU71,3,relation_perm,early,20,0.3639627863768571,0.3092549052785528,0.9535259120210121,2269.0
sub-ccepAgeUMCU71,3,relation_perm,late,20,0.2856725177327972,0.30694472011740404,0.745050984623442,2269.0
sub-ccepAgeUMCU71,5,global,early,20,0.3745338785161144,0.305136116960161,0.8724793773403109,2163.5
sub-ccepAgeUMCU71,5,global,late,20,0.24226897930381514,0.3177231616654656,0.765933005897055,2163.5
sub-ccepAgeUMCU71,5,node,early,20,0.4095326163007796,0.33203944683822073,0.8617071909167932,2163.5
sub-ccepAgeUMCU71,5,node,late,20,0.2592477007919965,0.3387514515056015,0.7565202419018331,2163.5
sub-ccepAgeUMCU71,5,population,early,20,0.3745338751327191,0.305136116960161,1.1275801786896604,2163.5
sub-ccepAgeUMCU71,5,population,late,20,0.2422689788481164,0.31772326023575614,1.0145431024600302,2163.5
sub-ccepAgeUMCU71,5,relation,early,20,0.38508511232234655,0.33663001681402954,0.7957690418661333,2163.5
sub-ccepAgeUMCU71,5,relation,late,20,0.3057575130511021,0.35741025566786255,0.586002571235323,2163.5
sub-ccepAgeUMCU71,5,relation_perm,early,20,0.3806796192716587,0.32473832321284035,0.905626462330839,2163.5
sub-ccepAgeUMCU71,5,relation_perm,late,20,0.2864098141230716,0.32487889381973434,0.6874791670442123,2163.5
sub-ccepAgeUMCU71,10,global,early,20,0.3831006379951424,0.31589702225865396,0.8512530890921093,1899.9
sub-ccepAgeUMCU71,10,global,late,20,0.24344885285498333,0.32077403453593306,0.7730411841646689,1899.9
sub-ccepAgeUMCU71,10,node,early,20,0.43127996037737704,0.3557268552644911,0.8135531565987473,1899.9
sub-ccepAgeUMCU71,10,node,late,20,0.26880944008021257,0.36021880772119463,0.7428247457276749,1899.9
sub-ccepAgeUMCU71,10,population,early,20,0.3831006350186653,0.31589702225865396,1.1013688126021783,1899.9
sub-ccepAgeUMCU71,10,population,late,20,0.24344885348346298,0.3207741042877038,1.004075008758699,1899.9
sub-ccepAgeUMCU71,10,relation,early,20,0.4229567229638735,0.36551145972644117,0.722372994897377,1899.9
sub-ccepAgeUMCU71,10,relation,late,20,0.31753218228931457,0.3785604206160077,0.5595476177239822,1899.9
sub-ccepAgeUMCU71,10,relation_perm,early,20,0.40375385963525307,0.34827637529793376,0.9125933635424304,1899.9
sub-ccepAgeUMCU71,10,relation_perm,late,20,0.30790847699072754,0.3606423938086949,0.696111312621906,1899.9
sub-ccepAgeUMCU72,3,global,early,20,0.43929591607585394,0.3739372472530577,0.9838851824649918,3288.85
sub-ccepAgeUMCU72,3,global,late,20,0.24718882917140292,0.2940009282605026,1.4163663000411444,3288.85
sub-ccepAgeUMCU72,3,node,early,20,0.4191347345615912,0.3812280783812951,1.0977185076681326,3288.85
sub-ccepAgeUMCU72,3,node,late,20,0.3370761217973158,0.3338576652452282,1.5368054225466758,3288.85
sub-ccepAgeUMCU72,3,population,early,20,0.43929591884677965,0.37393725704102365,0.9756425556089218,3288.85
sub-ccepAgeUMCU72,3,population,late,20,0.24718882955029797,0.29400090771609616,1.3521216415502795,3288.85
sub-ccepAgeUMCU72,3,relation,early,20,0.48880758500907967,0.3925695737690851,1.047898185516154,3288.85
sub-ccepAgeUMCU72,3,relation,late,20,0.3386834587984876,0.3275344613529756,1.400985799362616,3288.85
sub-ccepAgeUMCU72,3,relation_perm,early,20,0.46726002913687426,0.375733562243226,1.1241504240699078,3288.85
sub-ccepAgeUMCU72,3,relation_perm,late,20,0.34093138226142483,0.3216966367505703,1.426744678504214,3288.85
sub-ccepAgeUMCU72,5,global,early,20,0.44060785078901843,0.37625231946295223,0.9944953584718309,3152.7
sub-ccepAgeUMCU72,5,global,late,20,0.24504368807879368,0.28697076563294016,1.3594242976196287,3152.7
sub-ccepAgeUMCU72,5,node,early,20,0.4436186350985567,0.39615484677685553,1.0414970971109887,3152.7
sub-ccepAgeUMCU72,5,node,late,20,0.35065435818149726,0.3675984590399898,1.3845168053507868,3152.7
sub-ccepAgeUMCU72,5,population,early,20,0.4406078542486623,0.3762523300550564,0.974270515129836,3152.7
sub-ccepAgeUMCU72,5,population,late,20,0.24504368738470825,0.28697074599920247,1.3627656176931275,3152.7
sub-ccepAgeUMCU72,5,relation,early,20,0.5178940652006112,0.4189988622488001,1.0011558958825746,3152.7
sub-ccepAgeUMCU72,5,relation,late,20,0.3790261373281058,0.37793399457432064,1.2877276384449021,3152.7
sub-ccepAgeUMCU72,5,relation_perm,early,20,0.49055952819574566,0.3848593711036676,1.0908464350278568,3152.7
sub-ccepAgeUMCU72,5,relation_perm,late,20,0.3680618865058597,0.36024067220153977,1.3302447669390776,3152.7
sub-ccepAgeUMCU72,10,global,early,20,0.4460790769737663,0.37623248674845083,0.9810453880632821,2809.75
sub-ccepAgeUMCU72,10,global,late,20,0.24774720257398042,0.29239726239789865,1.3470484818879165,2809.75
sub-ccepAgeUMCU72,10,node,early,20,0.4722402924616781,0.43073808149983694,0.9966810269752726,2809.75
sub-ccepAgeUMCU72,10,node,late,20,0.3986100970979592,0.4017993210909491,1.308870337383833,2809.75
sub-ccepAgeUMCU72,10,population,early,20,0.4460790802180196,0.37623248674845083,0.9659102229376566,2809.75
sub-ccepAgeUMCU72,10,population,late,20,0.2477472017658346,0.29239724189635496,1.3437768448019434,2809.75
sub-ccepAgeUMCU72,10,relation,early,20,0.5360475723846656,0.4367554448224835,0.9514997900759644,2809.75
sub-ccepAgeUMCU72,10,relation,late,20,0.4067681033690461,0.41303609621300447,1.2426092801166324,2809.75
sub-ccepAgeUMCU72,10,relation_perm,early,20,0.500716737269338,0.38705537213240443,1.0759173916009939,2809.75
sub-ccepAgeUMCU72,10,relation_perm,late,20,0.3957464765663872,0.3943719336911701,1.3070306657514166,2809.75
sub-ccepAgeUMCU73,3,global,early,20,0.40444842022888744,0.3369692619224593,0.9540761898812133,1781.25
sub-ccepAgeUMCU73,3,global,late,20,0.18553866164085211,0.0787201611389888,0.7528505732572756,1781.25
sub-ccepAgeUMCU73,3,node,early,20,0.3538633623083105,0.2946567171105746,1.0495549115468603,1781.25
sub-ccepAgeUMCU73,3,node,late,20,0.1810116187641029,0.10298802182563442,0.8192581942031252,1781.25
sub-ccepAgeUMCU73,3,population,early,20,0.4044484321002654,0.3369691800276145,1.3955155303886828,1781.25
sub-ccepAgeUMCU73,3,population,late,20,0.185538666282671,0.0787201611389888,0.80780888410159,1781.25
sub-ccepAgeUMCU73,3,relation,early,20,0.37452275050606165,0.3240068453595203,0.9883617343145923,1781.25
sub-ccepAgeUMCU73,3,relation,late,20,0.21387302958723206,0.157710004679903,0.6023698560252566,1781.25
sub-ccepAgeUMCU73,3,relation_perm,early,20,0.3620432794425271,0.2953043339527175,1.089997076074786,1781.25
sub-ccepAgeUMCU73,3,relation_perm,late,20,0.16014264280143015,0.1005572968507918,0.6958553213183027,1781.25
sub-ccepAgeUMCU73,5,global,early,20,0.4027184435667743,0.3330851595039911,0.9958235791478334,1689.55
sub-ccepAgeUMCU73,5,global,late,20,0.1906853194328631,0.0817079257114526,0.7731530597064873,1689.55
sub-ccepAgeUMCU73,5,node,early,20,0.3744994679261272,0.3188950270768781,1.0357343533718548,1689.55
sub-ccepAgeUMCU73,5,node,late,20,0.19301407656779138,0.11543650724819499,0.8123766303362009,1689.55
sub-ccepAgeUMCU73,5,population,early,20,0.40271845284658303,0.33308506821823514,1.4036167880953858,1689.55
sub-ccepAgeUMCU73,5,population,late,20,0.19068532363758003,0.08170798119255943,0.8105648091070383,1689.55
sub-ccepAgeUMCU73,5,relation,early,20,0.3836693925967326,0.33627577345885334,0.9707336461152002,1689.55
sub-ccepAgeUMCU73,5,relation,late,20,0.22986828887410032,0.1737251903877529,0.5817658361701759,1689.55
sub-ccepAgeUMCU73,5,relation_perm,early,20,0.36992487720625855,0.3024157362892862,1.1159631546761655,1689.55
sub-ccepAgeUMCU73,5,relation_perm,late,20,0.17000992120148178,0.09607899936978206,0.7009053067388029,1689.55
sub-ccepAgeUMCU73,10,global,early,20,0.3968139161243224,0.33500911391595156,0.976858932665128,1461.4
sub-ccepAgeUMCU73,10,global,late,20,0.16963006771572137,0.06280705397394284,0.7581290099832032,1461.4
sub-ccepAgeUMCU73,10,node,early,20,0.3754789119397011,0.34117210013042404,0.9893400415294273,1461.4
sub-ccepAgeUMCU73,10,node,late,20,0.19534004080281647,0.12631140571084212,0.7643277822887732,1461.4
sub-ccepAgeUMCU73,10,population,early,20,0.39681392548379546,0.33500905256846397,1.4144839485777165,1461.4
sub-ccepAgeUMCU73,10,population,late,20,0.16963007441879638,0.06280705397394284,0.8304950844977498,1461.4
sub-ccepAgeUMCU73,10,relation,early,20,0.38506144584867746,0.34758695787157695,0.9661582356176499,1461.4
sub-ccepAgeUMCU73,10,relation,late,20,0.22665803343123167,0.1624942526186237,0.5626953944374341,1461.4
sub-ccepAgeUMCU73,10,relation_perm,early,20,0.37040611910407995,0.3147028946678035,1.102225568964303,1461.4
sub-ccepAgeUMCU73,10,relation_perm,late,20,0.1671147222201245,0.07560451045068892,0.6747573617317548,1461.4
sub-ccepAgeUMCU74,3,global,early,20,0.2921209644528932,0.2705577064597014,0.7918295711731339,2571.9
sub-ccepAgeUMCU74,3,global,late,20,0.1537532460821589,0.13957922373840254,0.5950229838779979,2571.9
sub-ccepAgeUMCU74,3,node,early,20,0.2946633972653562,0.242839060781662,0.8540251870263564,2571.9
sub-ccepAgeUMCU74,3,node,late,20,0.21221561598815283,0.19297266294142396,0.6630067007298491,2571.9
sub-ccepAgeUMCU74,3,population,early,20,0.2921209635040117,0.27055762864430005,0.8378838955457176,2571.9
sub-ccepAgeUMCU74,3,population,late,20,0.1537532456313171,0.13957911524028907,0.5889747957074459,2571.9
sub-ccepAgeUMCU74,3,relation,early,20,0.30981433839364847,0.2606205041834362,0.7328528201339912,2571.9
sub-ccepAgeUMCU74,3,relation,late,20,0.24568645250962237,0.2794984389278211,0.5263764982675461,2571.9
sub-ccepAgeUMCU74,3,relation_perm,early,20,0.29699910659084006,0.2412185133752244,0.8440201126572109,2571.9
sub-ccepAgeUMCU74,3,relation_perm,late,20,0.23241391950591894,0.2164532457377378,0.5769286519889202,2571.9
sub-ccepAgeUMCU74,5,global,early,20,0.2919774222468546,0.27719298665200387,0.7619988224235967,2432.75
sub-ccepAgeUMCU74,5,global,late,20,0.1553203094161894,0.1381630350476409,0.5760029018834738,2432.75
sub-ccepAgeUMCU74,5,node,early,20,0.30834993317072673,0.24998377360362825,0.7873873931809375,2432.75
sub-ccepAgeUMCU74,5,node,late,20,0.18676209794895865,0.17824911686773756,0.5954343011701103,2432.75
sub-ccepAgeUMCU74,5,population,early,20,0.2919774211372612,0.2771928990071391,0.8231069392331222,2432.75
sub-ccepAgeUMCU74,5,population,late,20,0.15532030846343056,0.13816290959401373,0.5895289442547076,2432.75
sub-ccepAgeUMCU74,5,relation,early,20,0.32396796752634877,0.2742230315070589,0.6710630908292213,2432.75
sub-ccepAgeUMCU74,5,relation,late,20,0.2412664268066576,0.2902152079240618,0.47986512594380687,2432.75
sub-ccepAgeUMCU74,5,relation_perm,early,20,0.3178131433439713,0.2534512415630926,0.8561043310909895,2432.75
sub-ccepAgeUMCU74,5,relation_perm,late,20,0.22498664003006014,0.198665619866845,0.5702317997778741,2432.75
sub-ccepAgeUMCU74,10,global,early,20,0.28564072647940303,0.2665633515626562,0.742594554437497,2085.05
sub-ccepAgeUMCU74,10,global,late,20,0.15333286962114168,0.13248371351924748,0.5630735501288824,2085.05
sub-ccepAgeUMCU74,10,node,early,20,0.30812548339005674,0.2554437712827832,0.740395188774351,2085.05
sub-ccepAgeUMCU74,10,node,late,20,0.18068248118017052,0.17333783658542928,0.5743464278425068,2085.05
sub-ccepAgeUMCU74,10,population,early,20,0.2856407256246435,0.26656325561833794,0.824816012674552,2085.05
sub-ccepAgeUMCU74,10,population,late,20,0.15333286795883982,0.132483619003457,0.5863262405044211,2085.05
sub-ccepAgeUMCU74,10,relation,early,20,0.33078930755083513,0.2843738394899134,0.648736938767662,2085.05
sub-ccepAgeUMCU74,10,relation,late,20,0.25829881832918816,0.3022535920341835,0.4672933364851892,2085.05
sub-ccepAgeUMCU74,10,relation_perm,early,20,0.3276079990573864,0.2631500367796756,0.8659211036111907,2085.05
sub-ccepAgeUMCU74,10,relation_perm,late,20,0.24712632752779143,0.2011224548949094,0.5670579754806837,2085.05
