subject,electrode,metadata_hemi,roi_text,frozen_hap_roi_token,bridge_status,bridge_matched
sub-ccepAgeUMCU01,PT01,L,G_occipital_middle,UNK,unseen_or_ambiguous_to_UNK,False
sub-ccepAgeUMCU01,PT02,L,G_occipital_middle,UNK,unseen_or_ambiguous_to_UNK,False
sub-ccepAgeUMCU01,PT03,L,G_temporal_inf,lh_G_temporal_inf,unique_hemi_stem_match,True
sub-ccepAgeUMCU01,PT04,L,G_temporal_inf,lh_G_temporal_inf,unique_hemi_stem_match,True
sub-ccepAgeUMCU01,PT05,L,G_temporal_middle,lh_G_temporal_middle,unique_hemi_stem_match,True
sub-ccepAgeUMCU01,PT06,L,G_temporal_middle,lh_G_temporal_middle,unique_hemi_stem_match,True
sub-ccepAgeUMCU01,PT07,L,G_temporal_middle,lh_G_temporal_middle,unique_hemi_stem_match,True
sub-ccepAgeUMCU01,PT08,L,G_temporal_middle,lh_G_temporal_middle,unique_hemi_stem_match,True
sub-ccepAgeUMCU01,PT09,L,G_occipital_middle,UNK,unseen_or_ambiguous_to_UNK,False
sub-ccepAgeUMCU01,PT10,L,G_occipital_middle,UNK,unseen_or_ambiguous_to_UNK,False
sub-ccepAgeUMCU01,PT11,L,G_temporal_inf,lh_G_temporal_inf,unique_hemi_stem_match,True
sub-ccepAgeUMCU01,PT12,L,G_temporal_middle,lh_G_temporal_middle,unique_hemi_stem_match,True
sub-ccepAgeUMCU01,PT13,L,G_temporal_middle,lh_G_temporal_middle,unique_hemi_stem_match,True
sub-ccepAgeUMCU01,PT14,L,G_temporal_middle,lh_G_temporal_middle,unique_hemi_stem_match,True
sub-ccepAgeUMCU01,PT15,L,G_temporal_middle,lh_G_temporal_middle,unique_hemi_stem_match,True
sub-ccepAgeUMCU01,PT16,L,G_temporal_middle,lh_G_temporal_middle,unique_hemi_stem_match,True
sub-ccepAgeUMCU01,PT17,L,G_occipital_middle,UNK,unseen_or_ambiguous_to_UNK,False
sub-ccepAgeUMCU01,PT18,L,G_temporal_middle,lh_G_temporal_middle,unique_hemi_stem_match,True
sub-ccepAgeUMCU01,PT19,L,G_temporal_middle,lh_G_temporal_middle,unique_hemi_stem_match,True
sub-ccepAgeUMCU01,PT20,L,G_temporal_middle,lh_G_temporal_middle,unique_hemi_stem_match,True
sub-ccepAgeUMCU01,PT21,L,G_temp_sup-Lateral,lh_G_temp_sup-Lateral,unique_hemi_stem_match,True
sub-ccepAgeUMCU01,PT22,L,G_temp_sup-Lateral,lh_G_temp_sup-Lateral,unique_hemi_stem_match,True
sub-ccepAgeUMCU01,PT23,L,G_temporal_middle,lh_G_temporal_middle,unique_hemi_stem_match,True
sub-ccepAgeUMCU01,PT24,L,G_temp_sup-Lateral,lh_G_temp_sup-Lateral,unique_hemi_stem_match,True
sub-ccepAgeUMCU01,PT25,L,G_pariet_inf-Angular,UNK,unseen_or_ambiguous_to_UNK,False
sub-ccepAgeUMCU01,PT26,L,G_pariet_inf-Angular,UNK,unseen_or_ambiguous_to_UNK,False
sub-ccepAgeUMCU01,PT27,L,G_pariet_inf-Angular,UNK,unseen_or_ambiguous_to_UNK,False
sub-ccepAgeUMCU01,PT28,L,G_pariet_inf-Angular,UNK,unseen_or_ambiguous_to_UNK,False
sub-ccepAgeUMCU01,PT29,L,G_temp_sup-Plan_tempo,lh_G_temp_sup-Plan_tempo,unique_hemi_stem_match,True
sub-ccepAgeUMCU01,PT30,L,G_temp_sup-Plan_tempo,lh_G_temp_sup-Plan_tempo,unique_hemi_stem_match,True
sub-ccepAgeUMCU01,PT31,L,G_temp_sup-Lateral,lh_G_temp_sup-Lateral,unique_hemi_stem_match,True
sub-ccepAgeUMCU01,PT32,L,G&S_subcentral,UNK,unseen_or_ambiguous_to_UNK,False
sub-ccepAgeUMCU01,PT33,L,G_pariet_inf-Angular,UNK,unseen_or_ambiguous_to_UNK,False
sub-ccepAgeUMCU01,PT34,L,G_pariet_inf-Angular,UNK,unseen_or_ambiguous_to_UNK,False
sub-ccepAgeUMCU01,PT35,L,G_pariet_inf-Angular,UNK,unseen_or_ambiguous_to_UNK,False
sub-ccepAgeUMCU01,PT36,L,G_pariet_inf-Supramar,lh_G_pariet_inf-Supramar,unique_hemi_stem_match,True
sub-ccepAgeUMCU01,PT37,L,G_temp_sup-Plan_tempo,lh_G_temp_sup-Plan_tempo,unique_hemi_stem_match,True
sub-ccepAgeUMCU01,PT38,L,G_pariet_inf-Supramar,lh_G_pariet_inf-Supramar,unique_hemi_stem_match,True
sub-ccepAgeUMCU01,PT39,L,G_pariet_inf-Supramar,lh_G_pariet_inf-Supramar,unique_hemi_stem_match,True
sub-ccepAgeUMCU01,PT40,L,G&S_subcentral,UNK,unseen_or_ambiguous_to_UNK,False
sub-ccepAgeUMCU01,PT41,L,G_pariet_inf-Angular,UNK,unseen_or_ambiguous_to_UNK,False
sub-ccepAgeUMCU01,PT42,L,G_pariet_inf-Angular,UNK,unseen_or_ambiguous_to_UNK,False
sub-ccepAgeUMCU01,PT43,L,G_pariet_inf-Angular,UNK,unseen_or_ambiguous_to_UNK,False
sub-ccepAgeUMCU01,PT44,L,G_pariet_inf-Angular,UNK,unseen_or_ambiguous_to_UNK,False
sub-ccepAgeUMCU01,PT45,L,G_pariet_inf-Supramar,lh_G_pariet_inf-Supramar,unique_hemi_stem_match,True
sub-ccepAgeUMCU01,PT46,L,G_pariet_inf-Supramar,lh_G_pariet_inf-Supramar,unique_hemi_stem_match,True
sub-ccepAgeUMCU01,PT47,L,G_pariet_inf-Supramar,lh_G_pariet_inf-Supramar,unique_hemi_stem_match,True
sub-ccepAgeUMCU01,PT48,L,G_pariet_inf-Supramar,lh_G_pariet_inf-Supramar,unique_hemi_stem_match,True
sub-ccepAgeUMCU01,F49,L,G_front_middle,lh_G_front_middle,unique_hemi_stem_match,True
sub-ccepAgeUMCU01,F50,L,G_front_middle,lh_G_front_middle,unique_hemi_stem_match,True
sub-ccepAgeUMCU01,F51,L,G_front_middle,lh_G_front_middle,unique_hemi_stem_match,True
sub-ccepAgeUMCU01,F52,L,G_front_inf-Triangul,lh_G_front_inf-Triangul,unique_hemi_stem_match,True
sub-ccepAgeUMCU01,F53,L,G_front_inf-Triangul,lh_G_front_inf-Triangul,unique_hemi_stem_match,True
sub-ccepAgeUMCU01,F54,L,S_precentral-inf-part,lh_S_precentral-inf-part,unique_hemi_stem_match,True
sub-ccepAgeUMCU01,F55,L,G&S_subcentral,UNK,unseen_or_ambiguous_to_UNK,False
sub-ccepAgeUMCU01,F56,L,G&S_subcentral,UNK,unseen_or_ambiguous_to_UNK,False
sub-ccepAgeUMCU01,F57,L,G_front_middle,lh_G_front_middle,unique_hemi_stem_match,True
sub-ccepAgeUMCU01,F58,L,S_front_inf,lh_S_front_inf,unique_hemi_stem_match,True
sub-ccepAgeUMCU01,F59,L,G_front_inf-Triangul,lh_G_front_inf-Triangul,unique_hemi_stem_match,True
sub-ccepAgeUMCU01,F60,L,G_front_inf-Triangul,lh_G_front_inf-Triangul,unique_hemi_stem_match,True
sub-ccepAgeUMCU01,F61,L,G_front_inf-Opercular,UNK,unseen_or_ambiguous_to_UNK,False
sub-ccepAgeUMCU01,F62,L,G_front_inf-Opercular,UNK,unseen_or_ambiguous_to_UNK,False
sub-ccepAgeUMCU01,F63,L,G&S_subcentral,UNK,unseen_or_ambiguous_to_UNK,False
sub-ccepAgeUMCU01,F64,L,G&S_subcentral,UNK,unseen_or_ambiguous_to_UNK,False
sub-ccepAgeUMCU01,MKR1+,,,UNK,unseen_or_ambiguous_to_UNK,False
sub-ccepAgeUMCU01,vT1,L,,UNK,unseen_or_ambiguous_to_UNK,False
sub-ccepAgeUMCU01,vT2,L,G_oc-temp_med-Parahip,lh_G_oc-temp_med-Parahip,unique_hemi_stem_match,True
sub-ccepAgeUMCU01,vT3,L,Pole_temporal,UNK,unseen_or_ambiguous_to_UNK,False
sub-ccepAgeUMCU01,vT4,L,Pole_temporal,UNK,unseen_or_ambiguous_to_UNK,False
sub-ccepAgeUMCU01,vT5,L,Pole_temporal,UNK,unseen_or_ambiguous_to_UNK,False
sub-ccepAgeUMCU01,vT6,L,Pole_temporal,UNK,unseen_or_ambiguous_to_UNK,False
sub-ccepAgeUMCU01,vT7,L,G_temp_sup-Lateral,lh_G_temp_sup-Lateral,unique_hemi_stem_match,True
sub-ccepAgeUMCU01,vT8,L,G_temporal_middle,lh_G_temporal_middle,unique_hemi_stem_match,True
sub-ccepAgeUMCU01,sT1,L,G_cingul-Post-ventral,lh_G_cingul-Post-ventral,unique_hemi_stem_match,True
sub-ccepAgeUMCU01,sT2,L,G_oc-temp_med-Parahip,lh_G_oc-temp_med-Parahip,unique_hemi_stem_match,True
sub-ccepAgeUMCU01,sT3,L,G_oc-temp_med-Parahip,lh_G_oc-temp_med-Parahip,unique_hemi_stem_match,True
sub-ccepAgeUMCU01,sT4,L,G_oc-temp_med-Parahip,lh_G_oc-temp_med-Parahip,unique_hemi_stem_match,True
sub-ccepAgeUMCU01,sT5,L,G_oc-temp_lat-fusifor,UNK,unseen_or_ambiguous_to_UNK,False
sub-ccepAgeUMCU01,sT6,L,G_temporal_inf,lh_G_temporal_inf,unique_hemi_stem_match,True
sub-ccepAgeUMCU01,sT7,L,G_temporal_inf,lh_G_temporal_inf,unique_hemi_stem_match,True
sub-ccepAgeUMCU01,sT8,L,S_temporal_inf,lh_S_temporal_inf,unique_hemi_stem_match,True
sub-ccepAgeUMCU01,OT1,L,G_cingul-Post-dorsal,lh_G_cingul-Post-dorsal,unique_hemi_stem_match,True
sub-ccepAgeUMCU01,OT2,L,G_cingul-Post-ventral,lh_G_cingul-Post-ventral,unique_hemi_stem_match,True
sub-ccepAgeUMCU01,OT3,L,G_oc-temp_med-Lingual,UNK,unseen_or_ambiguous_to_UNK,False
sub-ccepAgeUMCU01,OT4,L,G_oc-temp_lat-fusifor,UNK,unseen_or_ambiguous_to_UNK,False
sub-ccepAgeUMCU01,OT5,L,G_oc-temp_lat-fusifor,UNK,unseen_or_ambiguous_to_UNK,False
sub-ccepAgeUMCU01,OT6,L,G_oc-temp_lat-fusifor,UNK,unseen_or_ambiguous_to_UNK,False
sub-ccepAgeUMCU01,OT7,L,G_oc-temp_lat-fusifor,UNK,unseen_or_ambiguous_to_UNK,False
sub-ccepAgeUMCU01,OT8,L,G_temporal_inf,lh_G_temporal_inf,unique_hemi_stem_match,True
sub-ccepAgeUMCU01,AH+,,,UNK,unseen_or_ambiguous_to_UNK,False
sub-ccepAgeUMCU01,ECG+,,,UNK,unseen_or_ambiguous_to_UNK,False
sub-ccepAgeUMCU01,orb+,,,UNK,unseen_or_ambiguous_to_UNK,False
sub-ccepAgeUMCU01,EMG+,,,UNK,unseen_or_ambiguous_to_UNK,False
sub-ccepAgeUMCU01,pB29+,,,UNK,unseen_or_ambiguous_to_UNK,False
sub-ccepAgeUMCU01,pB30+,,,UNK,unseen_or_ambiguous_to_UNK,False
sub-ccepAgeUMCU01,el095,,,UNK,unseen_or_ambiguous_to_UNK,False
sub-ccepAgeUMCU01,el096,,,UNK,unseen_or_ambiguous_to_UNK,False
sub-ccepAgeUMCU01,IH1,L,G&S_cingul-Mid-Post,lh_G&S_cingul-Mid-Post,unique_hemi_stem_match,True
sub-ccepAgeUMCU01,IH2,L,G_front_sup,lh_G_front_sup,unique_hemi_stem_match,True
sub-ccepAgeUMCU01,IH3,L,G&S_paracentral,UNK,unseen_or_ambiguous_to_UNK,False
sub-ccepAgeUMCU01,IH4,L,G&S_paracentral,UNK,unseen_or_ambiguous_to_UNK,False
sub-ccepAgeUMCU01,IH5,L,G_precuneus,UNK,unseen_or_ambiguous_to_UNK,False
sub-ccepAgeUMCU01,IH6,L,G_parietal_sup,UNK,unseen_or_ambiguous_to_UNK,False
sub-ccepAgeUMCU01,IH7,L,G_parietal_sup,UNK,unseen_or_ambiguous_to_UNK,False
sub-ccepAgeUMCU01,IH8,L,G_parietal_sup,UNK,unseen_or_ambiguous_to_UNK,False
sub-ccepAgeUMCU01,OC1,L,G_oc-temp_med-Lingual,UNK,unseen_or_ambiguous_to_UNK,False
sub-ccepAgeUMCU01,OC2,L,Pole_occipital,UNK,unseen_or_ambiguous_to_UNK,False
sub-ccepAgeUMCU01,OC3,L,G&S_occipital_inf,UNK,unseen_or_ambiguous_to_UNK,False
sub-ccepAgeUMCU01,OC4,L,G&S_occipital_inf,UNK,unseen_or_ambiguous_to_UNK,False
sub-ccepAgeUMCU01,OC5,L,G&S_occipital_inf,UNK,unseen_or_ambiguous_to_UNK,False
sub-ccepAgeUMCU01,OC6,L,G_occipital_middle,UNK,unseen_or_ambiguous_to_UNK,False
sub-ccepAgeUMCU01,OC7,L,G_occipital_middle,UNK,unseen_or_ambiguous_to_UNK,False
sub-ccepAgeUMCU01,OC8,L,G_temporal_inf,lh_G_temporal_inf,unique_hemi_stem_match,True
sub-ccepAgeUMCU01,el113,,,UNK,unseen_or_ambiguous_to_UNK,False
sub-ccepAgeUMCU01,el114,,,UNK,unseen_or_ambiguous_to_UNK,False
sub-ccepAgeUMCU01,el115,,,UNK,unseen_or_ambiguous_to_UNK,False
sub-ccepAgeUMCU01,el116,,,UNK,unseen_or_ambiguous_to_UNK,False
sub-ccepAgeUMCU01,el117,,,UNK,unseen_or_ambiguous_to_UNK,False
sub-ccepAgeUMCU01,el118,,,UNK,unseen_or_ambiguous_to_UNK,False
sub-ccepAgeUMCU01,el119,,,UNK,unseen_or_ambiguous_to_UNK,False
sub-ccepAgeUMCU01,el120,,,UNK,unseen_or_ambiguous_to_UNK,False
sub-ccepAgeUMCU01,el121,,,UNK,unseen_or_ambiguous_to_UNK,False
sub-ccepAgeUMCU01,el122,,,UNK,unseen_or_ambiguous_to_UNK,False
sub-ccepAgeUMCU01,el123,,,UNK,unseen_or_ambiguous_to_UNK,False
sub-ccepAgeUMCU01,el124,,,UNK,unseen_or_ambiguous_to_UNK,False
sub-ccepAgeUMCU01,el125,,,UNK,unseen_or_ambiguous_to_UNK,False
sub-ccepAgeUMCU01,el126,,,UNK,unseen_or_ambiguous_to_UNK,False
sub-ccepAgeUMCU01,el127,,,UNK,unseen_or_ambiguous_to_UNK,False
sub-ccepAgeUMCU01,el128,,,UNK,unseen_or_ambiguous_to_UNK,False
sub-ccepAgeUMCU01,thor+,,,UNK,unseen_or_ambiguous_to_UNK,False
sub-ccepAgeUMCU01,abdo+,,,UNK,unseen_or_ambiguous_to_UNK,False
sub-ccepAgeUMCU01,xyz+,,,UNK,unseen_or_ambiguous_to_UNK,False
sub-ccepAgeUMCU01,MKR2+,,,UNK,unseen_or_ambiguous_to_UNK,False
sub-ccepAgeUMCU02,FC01,L,G_pariet_inf-Supramar,lh_G_pariet_inf-Supramar,unique_hemi_stem_match,True
sub-ccepAgeUMCU02,FC02,L,G_pariet_inf-Supramar,lh_G_pariet_inf-Supramar,unique_hemi_stem_match,True
sub-ccepAgeUMCU02,FC03,L,G_pariet_inf-Supramar,lh_G_pariet_inf-Supramar,unique_hemi_stem_match,True
sub-ccepAgeUMCU02,FC04,L,S_postcentral,lh_S_postcentral,unique_hemi_stem_match,True
sub-ccepAgeUMCU02,FC05,L,G_postcentral,lh_G_postcentral,unique_hemi_stem_match,True
sub-ccepAgeUMCU02,FC06,L,G_postcentral,lh_G_postcentral,unique_hemi_stem_match,True
sub-ccepAgeUMCU02,FC07,L,G&S_subcentral,UNK,unseen_or_ambiguous_to_UNK,False
sub-ccepAgeUMCU02,FC08,L,G_front_inf-Opercular,UNK,unseen_or_ambiguous_to_UNK,False
sub-ccepAgeUMCU02,FC09,L,G_pariet_inf-Supramar,lh_G_pariet_inf-Supramar,unique_hemi_stem_match,True
sub-ccepAgeUMCU02,FC10,L,G_pariet_inf-Supramar,lh_G_pariet_inf-Supramar,unique_hemi_stem_match,True
sub-ccepAgeUMCU02,FC11,L,G_postcentral,lh_G_postcentral,unique_hemi_stem_match,True
sub-ccepAgeUMCU02,FC12,L,G_postcentral,lh_G_postcentral,unique_hemi_stem_match,True
sub-ccepAgeUMCU02,FC13,L,G_postcentral,lh_G_postcentral,unique_hemi_stem_match,True
sub-ccepAgeUMCU02,FC14,L,G_precentral,lh_G_precentral,unique_hemi_stem_match,True
sub-ccepAgeUMCU02,FC15,L,G_precentral,lh_G_precentral,unique_hemi_stem_match,True
sub-ccepAgeUMCU02,FC16,L,G_front_middle,lh_G_front_middle,unique_hemi_stem_match,True
sub-ccepAgeUMCU02,FC17,L,G_pariet_inf-Angular,UNK,unseen_or_ambiguous_to_UNK,False
sub-ccepAgeUMCU02,FC18,L,G_postcentral,lh_G_postcentral,unique_hemi_stem_match,True
sub-ccepAgeUMCU02,FC19,L,G_postcentral,lh_G_postcentral,unique_hemi_stem_match,True
sub-ccepAgeUMCU02,FC20,L,G_precentral,lh_G_precentral,unique_hemi_stem_match,True
sub-ccepAgeUMCU02,FC21,L,G_precentral,lh_G_precentral,unique_hemi_stem_match,True
sub-ccepAgeUMCU02,FC22,L,G_precentral,lh_G_precentral,unique_hemi_stem_match,True
sub-ccepAgeUMCU02,FC23,L,G_front_middle,lh_G_front_middle,unique_hemi_stem_match,True
sub-ccepAgeUMCU02,FC24,L,G_front_middle,lh_G_front_middle,unique_hemi_stem_match,True
sub-ccepAgeUMCU02,FC25,L,G_postcentral,lh_G_postcentral,unique_hemi_stem_match,True
sub-ccepAgeUMCU02,FC26,L,G_postcentral,lh_G_postcentral,unique_hemi_stem_match,True
sub-ccepAgeUMCU02,FC27,L,G_postcentral,lh_G_postcentral,unique_hemi_stem_match,True
sub-ccepAgeUMCU02,FC28,L,G_precentral,lh_G_precentral,unique_hemi_stem_match,True
sub-ccepAgeUMCU02,FC29,L,G_precentral,lh_G_precentral,unique_hemi_stem_match,True
sub-ccepAgeUMCU02,FC30,L,G_front_middle,lh_G_front_middle,unique_hemi_stem_match,True
sub-ccepAgeUMCU02,FC31,L,G_front_middle,lh_G_front_middle,unique_hemi_stem_match,True
sub-ccepAgeUMCU02,FC32,L,G_front_middle,lh_G_front_middle,unique_hemi_stem_match,True
sub-ccepAgeUMCU02,FC33,L,G_postcentral,lh_G_postcentral,unique_hemi_stem_match,True
sub-ccepAgeUMCU02,FC34,L,G_postcentral,lh_G_postcentral,unique_hemi_stem_match,True
sub-ccepAgeUMCU02,FC35,L,G_precentral,lh_G_precentral,unique_hemi_stem_match,True
sub-ccepAgeUMCU02,FC36,L,G_precentral,lh_G_precentral,unique_hemi_stem_match,True
sub-ccepAgeUMCU02,FC37,L,G_front_middle,lh_G_front_middle,unique_hemi_stem_match,True
sub-ccepAgeUMCU02,FC38,L,G_front_middle,lh_G_front_middle,unique_hemi_stem_match,True
sub-ccepAgeUMCU02,FC39,L,G_front_middle,lh_G_front_middle,unique_hemi_stem_match,True
sub-ccepAgeUMCU02,FC40,L,G_front_middle,lh_G_front_middle,unique_hemi_stem_match,True
sub-ccepAgeUMCU02,FC41,L,G_postcentral,lh_G_postcentral,unique_hemi_stem_match,True
sub-ccepAgeUMCU02,FC42,L,G_precentral,lh_G_precentral,unique_hemi_stem_match,True
sub-ccepAgeUMCU02,FC43,L,G_precentral,lh_G_precentral,unique_hemi_stem_match,True
sub-ccepAgeUMCU02,FC44,L,G_precentral,lh_G_precentral,unique_hemi_stem_match,True
sub-ccepAgeUMCU02,FC45,L,G_front_sup,lh_G_front_sup,unique_hemi_stem_match,True
sub-ccepAgeUMCU02,FC46,L,G_front_sup,lh_G_front_sup,unique_hemi_stem_match,True
sub-ccepAgeUMCU02,FC47,L,G_front_sup,lh_G_front_sup,unique_hemi_stem_match,True
sub-ccepAgeUMCU02,FC48,L,G_front_sup,lh_G_front_sup,unique_hemi_stem_match,True
sub-ccepAgeUMCU02,FB49,L,G_front_sup,lh_G_front_sup,unique_hemi_stem_match,True
sub-ccepAgeUMCU02,FB50,L,G_front_middle,lh_G_front_middle,unique_hemi_stem_match,True
sub-ccepAgeUMCU02,FB51,L,G_front_middle,lh_G_front_middle,unique_hemi_stem_match,True
sub-ccepAgeUMCU02,FB52,L,G_front_middle,lh_G_front_middle,unique_hemi_stem_match,True
sub-ccepAgeUMCU02,FB53,L,G_front_middle,lh_G_front_middle,unique_hemi_stem_match,True
sub-ccepAgeUMCU02,FB54,L,G_front_inf-Triangul,lh_G_front_inf-Triangul,unique_hemi_stem_match,True
sub-ccepAgeUMCU02,FB55,L,G_front_inf-Triangul,lh_G_front_inf-Triangul,unique_hemi_stem_match,True
sub-ccepAgeUMCU02,FB56,L,G_front_inf-Opercular,UNK,unseen_or_ambiguous_to_UNK,False
sub-ccepAgeUMCU02,FB57,L,G_front_sup,lh_G_front_sup,unique_hemi_stem_match,True
sub-ccepAgeUMCU02,FB58,L,G_front_middle,lh_G_front_middle,unique_hemi_stem_match,True
sub-ccepAgeUMCU02,FB59,L,G_front_middle,lh_G_front_middle,unique_hemi_stem_match,True
sub-ccepAgeUMCU02,FB60,L,G_front_middle,lh_G_front_middle,unique_hemi_stem_match,True
sub-ccepAgeUMCU02,FB61,L,G_front_middle,lh_G_front_middle,unique_hemi_stem_match,True
sub-ccepAgeUMCU02,FB62,L,G_front_inf-Triangul,lh_G_front_inf-Triangul,unique_hemi_stem_match,True
sub-ccepAgeUMCU02,FB63,L,G_front_inf-Triangul,lh_G_front_inf-Triangul,unique_hemi_stem_match,True
sub-ccepAgeUMCU02,FB64,L,G_temp_sup-Lateral,lh_G_temp_sup-Lateral,unique_hemi_stem_match,True
sub-ccepAgeUMCU02,MKR1+,,,UNK,unseen_or_ambiguous_to_UNK,False
sub-ccepAgeUMCU02,F01,L,G_front_sup,lh_G_front_sup,unique_hemi_stem_match,True
sub-ccepAgeUMCU02,F02,L,G_front_middle,lh_G_front_middle,unique_hemi_stem_match,True
sub-ccepAgeUMCU02,F03,L,G_front_middle,lh_G_front_middle,unique_hemi_stem_match,True
sub-ccepAgeUMCU02,F04,L,G_front_middle,lh_G_front_middle,unique_hemi_stem_match,True
sub-ccepAgeUMCU02,F05,L,G_front_middle,lh_G_front_middle,unique_hemi_stem_match,True
sub-ccepAgeUMCU02,F06,L,G_front_middle,lh_G_front_middle,unique_hemi_stem_match,True
sub-ccepAgeUMCU02,F07,L,G_front_middle,lh_G_front_middle,unique_hemi_stem_match,True
sub-ccepAgeUMCU02,F08,L,G_front_middle,lh_G_front_middle,unique_hemi_stem_match,True
sub-ccepAgeUMCU02,IH1,L,G_front_sup,lh_G_front_sup,unique_hemi_stem_match,True
sub-ccepAgeUMCU02,IH2,L,G_front_sup,lh_G_front_sup,unique_hemi_stem_match,True
sub-ccepAgeUMCU02,IH3,L,G_front_sup,lh_G_front_sup,unique_hemi_stem_match,True
sub-ccepAgeUMCU02,IH4,L,G_front_sup,lh_G_front_sup,unique_hemi_stem_match,True
sub-ccepAgeUMCU02,IH5,L,G_front_sup,lh_G_front_sup,unique_hemi_stem_match,True
sub-ccepAgeUMCU02,IH6,L,G_front_sup,lh_G_front_sup,unique_hemi_stem_match,True
sub-ccepAgeUMCU02,IH7,L,G_front_sup,lh_G_front_sup,unique_hemi_stem_match,True
sub-ccepAgeUMCU02,IH8,L,G_front_sup,lh_G_front_sup,unique_hemi_stem_match,True
sub-ccepAgeUMCU02,vT1,L,G_oc-temp_med-Parahip,lh_G_oc-temp_med-Parahip,unique_hemi_stem_match,True
sub-ccepAgeUMCU02,vT2,L,G_oc-temp_med-Parahip,lh_G_oc-temp_med-Parahip,unique_hemi_stem_match,True
sub-ccepAgeUMCU02,vT3,L,G_oc-temp_med-Parahip,lh_G_oc-temp_med-Parahip,unique_hemi_stem_match,True
sub-ccepAgeUMCU02,vT4,L,Pole_temporal,UNK,unseen_or_ambiguous_to_UNK,False
sub-ccepAgeUMCU02,vT5,L,Pole_temporal,UNK,unseen_or_ambiguous_to_UNK,False
sub-ccepAgeUMCU02,vT6,L,Pole_temporal,UNK,unseen_or_ambiguous_to_UNK,False
sub-ccepAgeUMCU02,vT7,L,Pole_temporal,UNK,unseen_or_ambiguous_to_UNK,False
sub-ccepAgeUMCU02,vT8,L,G_temp_sup-Lateral,lh_G_temp_sup-Lateral,unique_hemi_stem_match,True
sub-ccepAgeUMCU02,AH+,,,UNK,unseen_or_ambiguous_to_UNK,False
sub-ccepAgeUMCU02,ECG+,,,UNK,unseen_or_ambiguous_to_UNK,False
sub-ccepAgeUMCU02,orb+,,,UNK,unseen_or_ambiguous_to_UNK,False
sub-ccepAgeUMCU02,emg1+,,,UNK,unseen_or_ambiguous_to_UNK,False
sub-ccepAgeUMCU02,emg2+,,,UNK,unseen_or_ambiguous_to_UNK,False
sub-ccepAgeUMCU02,emg3+,,,UNK,unseen_or_ambiguous_to_UNK,False
sub-ccepAgeUMCU02,MKR2+,,,UNK,unseen_or_ambiguous_to_UNK,False
sub-ccepAgeUMCU03,C01,L,G_pariet_inf-Angular,UNK,unseen_or_ambiguous_to_UNK,False
sub-ccepAgeUMCU03,C02,L,G_pariet_inf-Supramar,lh_G_pariet_inf-Supramar,unique_hemi_stem_match,True
sub-ccepAgeUMCU03,C03,L,G_pariet_inf-Supramar,lh_G_pariet_inf-Supramar,unique_hemi_stem_match,True
sub-ccepAgeUMCU03,C04,L,G_pariet_inf-Supramar,lh_G_pariet_inf-Supramar,unique_hemi_stem_match,True
sub-ccepAgeUMCU03,C05,L,G_postcentral,lh_G_postcentral,unique_hemi_stem_match,True
sub-ccepAgeUMCU03,C06,L,G_precentral,lh_G_precentral,unique_hemi_stem_match,True
sub-ccepAgeUMCU03,C07,L,G_precentral,lh_G_precentral,unique_hemi_stem_match,True
sub-ccepAgeUMCU03,C08,L,G_front_middle,lh_G_front_middle,unique_hemi_stem_match,True
sub-ccepAgeUMCU03,C09,L,G_pariet_inf-Angular,UNK,unseen_or_ambiguous_to_UNK,False
sub-ccepAgeUMCU03,C10,L,G_pariet_inf-Angular,UNK,unseen_or_ambiguous_to_UNK,False
sub-ccepAgeUMCU03,C11,L,G_pariet_inf-Supramar,lh_G_pariet_inf-Supramar,unique_hemi_stem_match,True
sub-ccepAgeUMCU03,C12,L,G_postcentral,lh_G_postcentral,unique_hemi_stem_match,True
sub-ccepAgeUMCU03,C13,L,G_postcentral,lh_G_postcentral,unique_hemi_stem_match,True
sub-ccepAgeUMCU03,C14,L,G_precentral,lh_G_precentral,unique_hemi_stem_match,True
sub-ccepAgeUMCU03,C15,L,G_front_middle,lh_G_front_middle,unique_hemi_stem_match,True
sub-ccepAgeUMCU03,C16,L,G_front_middle,lh_G_front_middle,unique_hemi_stem_match,True
sub-ccepAgeUMCU03,C17,L,G_pariet_inf-Angular,UNK,unseen_or_ambiguous_to_UNK,False
sub-ccepAgeUMCU03,C18,L,G_parietal_sup,UNK,unseen_or_ambiguous_to_UNK,False
sub-ccepAgeUMCU03,C19,L,G_postcentral,lh_G_postcentral,unique_hemi_stem_match,True
sub-ccepAgeUMCU03,C20,L,G_postcentral,lh_G_postcentral,unique_hemi_stem_match,True
sub-ccepAgeUMCU03,C21,L,G_postcentral,lh_G_postcentral,unique_hemi_stem_match,True
sub-ccepAgeUMCU03,C22,L,G_precentral,lh_G_precentral,unique_hemi_stem_match,True
sub-ccepAgeUMCU03,C23,L,G_front_middle,lh_G_front_middle,unique_hemi_stem_match,True
sub-ccepAgeUMCU03,C24,L,G_front_middle,lh_G_front_middle,unique_hemi_stem_match,True
sub-ccepAgeUMCU03,C25,L,G_parietal_sup,UNK,unseen_or_ambiguous_to_UNK,False
sub-ccepAgeUMCU03,C26,L,G_parietal_sup,UNK,unseen_or_ambiguous_to_UNK,False
sub-ccepAgeUMCU03,C27,L,G_postcentral,lh_G_postcentral,unique_hemi_stem_match,True
sub-ccepAgeUMCU03,C28,L,G_postcentral,lh_G_postcentral,unique_hemi_stem_match,True
sub-ccepAgeUMCU03,C29,L,G_precentral,lh_G_precentral,unique_hemi_stem_match,True
sub-ccepAgeUMCU03,C30,L,G_precentral,lh_G_precentral,unique_hemi_stem_match,True
sub-ccepAgeUMCU03,C31,L,S_front_sup,lh_S_front_sup,unique_hemi_stem_match,True
sub-ccepAgeUMCU03,C32,L,S_front_sup,lh_S_front_sup,unique_hemi_stem_match,True
sub-ccepAgeUMCU03,C33,L,G_parietal_sup,UNK,unseen_or_ambiguous_to_UNK,False
sub-ccepAgeUMCU03,C34,L,G_parietal_sup,UNK,unseen_or_ambiguous_to_UNK,False
sub-ccepAgeUMCU03,C35,L,G_postcentral,lh_G_postcentral,unique_hemi_stem_match,True
sub-ccepAgeUMCU03,C36,L,G_precentral,lh_G_precentral,unique_hemi_stem_match,True
sub-ccepAgeUMCU03,C37,L,G_precentral,lh_G_precentral,unique_hemi_stem_match,True
sub-ccepAgeUMCU03,C38,L,G_front_sup,lh_G_front_sup,unique_hemi_stem_match,True
sub-ccepAgeUMCU03,C39,L,G_front_sup,lh_G_front_sup,unique_hemi_stem_match,True
sub-ccepAgeUMCU03,C40,L,G_front_sup,lh_G_front_sup,unique_hemi_stem_match,True
sub-ccepAgeUMCU03,C41,L,G_precuneus,UNK,unseen_or_ambiguous_to_UNK,False
sub-ccepAgeUMCU03,C42,L,G&S_paracentral,UNK,unseen_or_ambiguous_to_UNK,False
sub-ccepAgeUMCU03,C43,L,G_postcentral,lh_G_postcentral,unique_hemi_stem_match,True
sub-ccepAgeUMCU03,C44,L,G&S_paracentral,UNK,unseen_or_ambiguous_to_UNK,False
sub-ccepAgeUMCU03,C45,L,G_front_sup,lh_G_front_sup,unique_hemi_stem_match,True
sub-ccepAgeUMCU03,C46,L,G_front_sup,lh_G_front_sup,unique_hemi_stem_match,True
sub-ccepAgeUMCU03,C47,L,G_front_sup,lh_G_front_sup,unique_hemi_stem_match,True
sub-ccepAgeUMCU03,C48,L,G_front_sup,lh_G_front_sup,unique_hemi_stem_match,True
sub-ccepAgeUMCU03,F49,L,G_front_sup,lh_G_front_sup,unique_hemi_stem_match,True
sub-ccepAgeUMCU03,F50,L,G_front_sup,lh_G_front_sup,unique_hemi_stem_match,True
sub-ccepAgeUMCU03,F51,L,G_front_sup,lh_G_front_sup,unique_hemi_stem_match,True
sub-ccepAgeUMCU03,F52,L,G_front_middle,lh_G_front_middle,unique_hemi_stem_match,True
sub-ccepAgeUMCU03,F53,L,G_front_middle,lh_G_front_middle,unique_hemi_stem_match,True
sub-ccepAgeUMCU03,F54,L,G_front_middle,lh_G_front_middle,unique_hemi_stem_match,True
sub-ccepAgeUMCU03,F55,L,G_front_inf-Opercular,UNK,unseen_or_ambiguous_to_UNK,False
sub-ccepAgeUMCU03,F56,L,G_precentral,lh_G_precentral,unique_hemi_stem_match,True
sub-ccepAgeUMCU03,F57,L,G_front_sup,lh_G_front_sup,unique_hemi_stem_match,True
sub-ccepAgeUMCU03,F58,L,G_front_sup,lh_G_front_sup,unique_hemi_stem_match,True
sub-ccepAgeUMCU03,F59,L,G_front_sup,lh_G_front_sup,unique_hemi_stem_match,True
sub-ccepAgeUMCU03,F60,L,G_front_middle,lh_G_front_middle,unique_hemi_stem_match,True
sub-ccepAgeUMCU03,F61,L,G_front_middle,lh_G_front_middle,unique_hemi_stem_match,True
sub-ccepAgeUMCU03,F62,L,G_front_middle,lh_G_front_middle,unique_hemi_stem_match,True
sub-ccepAgeUMCU03,F63,L,G_front_inf-Opercular,UNK,unseen_or_ambiguous_to_UNK,False
sub-ccepAgeUMCU03,F64,L,G_front_inf-Opercular,UNK,unseen_or_ambiguous_to_UNK,False
sub-ccepAgeUMCU03,MKR1+,,,UNK,unseen_or_ambiguous_to_UNK,False
sub-ccepAgeUMCU03,IH1,L,G_precuneus,UNK,unseen_or_ambiguous_to_UNK,False
sub-ccepAgeUMCU03,IH2,L,S_subparietal,UNK,unseen_or_ambiguous_to_UNK,False
sub-ccepAgeUMCU03,IH3,L,G_cingul-Post-dorsal,lh_G_cingul-Post-dorsal,unique_hemi_stem_match,True
sub-ccepAgeUMCU03,IH4,L,G&S_cingul-Mid-Post,lh_G&S_cingul-Mid-Post,unique_hemi_stem_match,True
sub-ccepAgeUMCU03,IH5,L,G_front_sup,lh_G_front_sup,unique_hemi_stem_match,True
sub-ccepAgeUMCU03,IH6,L,G_front_sup,lh_G_front_sup,unique_hemi_stem_match,True
sub-ccepAgeUMCU03,IH7,L,G_front_sup,lh_G_front_sup,unique_hemi_stem_match,True
sub-ccepAgeUMCU03,IH8,L,G_front_sup,lh_G_front_sup,unique_hemi_stem_match,True
sub-ccepAgeUMCU03,el073,,,UNK,unseen_or_ambiguous_to_UNK,False
sub-ccepAgeUMCU03,el074,,,UNK,unseen_or_ambiguous_to_UNK,False
sub-ccepAgeUMCU03,el075,,,UNK,unseen_or_ambiguous_to_UNK,False
sub-ccepAgeUMCU03,el076,,,UNK,unseen_or_ambiguous_to_UNK,False
sub-ccepAgeUMCU03,el077,,,UNK,unseen_or_ambiguous_to_UNK,False
sub-ccepAgeUMCU03,el078,,,UNK,unseen_or_ambiguous_to_UNK,False
sub-ccepAgeUMCU03,el079,,,UNK,unseen_or_ambiguous_to_UNK,False
sub-ccepAgeUMCU03,el080,,,UNK,unseen_or_ambiguous_to_UNK,False
sub-ccepAgeUMCU03,el081,,,UNK,unseen_or_ambiguous_to_UNK,False
sub-ccepAgeUMCU03,el082,,,UNK,unseen_or_ambiguous_to_UNK,False
sub-ccepAgeUMCU03,el083,,,UNK,unseen_or_ambiguous_to_UNK,False
sub-ccepAgeUMCU03,el084,,,UNK,unseen_or_ambiguous_to_UNK,False
sub-ccepAgeUMCU03,el085,,,UNK,unseen_or_ambiguous_to_UNK,False
sub-ccepAgeUMCU03,el086,,,UNK,unseen_or_ambiguous_to_UNK,False
sub-ccepAgeUMCU03,el087,,,UNK,unseen_or_ambiguous_to_UNK,False
sub-ccepAgeUMCU03,el088,,,UNK,unseen_or_ambiguous_to_UNK,False
sub-ccepAgeUMCU03,AH+,,,UNK,unseen_or_ambiguous_to_UNK,False
sub-ccepAgeUMCU03,ECG+,,,UNK,unseen_or_ambiguous_to_UNK,False
sub-ccepAgeUMCU03,orb+,,,UNK,unseen_or_ambiguous_to_UNK,False
sub-ccepAgeUMCU03,emg1+,,,UNK,unseen_or_ambiguous_to_UNK,False
sub-ccepAgeUMCU03,emg2+,,,UNK,unseen_or_ambiguous_to_UNK,False
sub-ccepAgeUMCU03,emg3+,,,UNK,unseen_or_ambiguous_to_UNK,False
sub-ccepAgeUMCU03,el095,,,UNK,unseen_or_ambiguous_to_UNK,False
sub-ccepAgeUMCU03,el096,,,UNK,unseen_or_ambiguous_to_UNK,False
sub-ccepAgeUMCU03,el097,,,UNK,unseen_or_ambiguous_to_UNK,False
sub-ccepAgeUMCU03,el098,,,UNK,unseen_or_ambiguous_to_UNK,False
sub-ccepAgeUMCU03,el099,,,UNK,unseen_or_ambiguous_to_UNK,False
sub-ccepAgeUMCU03,el100,,,UNK,unseen_or_ambiguous_to_UNK,False
sub-ccepAgeUMCU03,el101,,,UNK,unseen_or_ambiguous_to_UNK,False
sub-ccepAgeUMCU03,el102,,,UNK,unseen_or_ambiguous_to_UNK,False
sub-ccepAgeUMCU03,el103,,,UNK,unseen_or_ambiguous_to_UNK,False
sub-ccepAgeUMCU03,el104,,,UNK,unseen_or_ambiguous_to_UNK,False
sub-ccepAgeUMCU03,el105,,,UNK,unseen_or_ambiguous_to_UNK,False
sub-ccepAgeUMCU03,el106,,,UNK,unseen_or_ambiguous_to_UNK,False
sub-ccepAgeUMCU03,el107,,,UNK,unseen_or_ambiguous_to_UNK,False
sub-ccepAgeUMCU03,el108,,,UNK,unseen_or_ambiguous_to_UNK,False
sub-ccepAgeUMCU03,el109,,,UNK,unseen_or_ambiguous_to_UNK,False
sub-ccepAgeUMCU03,el110,,,UNK,unseen_or_ambiguous_to_UNK,False
sub-ccepAgeUMCU03,el111,,,UNK,unseen_or_ambiguous_to_UNK,False
sub-ccepAgeUMCU03,el112,,,UNK,unseen_or_ambiguous_to_UNK,False
sub-ccepAgeUMCU03,el113,,,UNK,unseen_or_ambiguous_to_UNK,False
sub-ccepAgeUMCU03,el114,,,UNK,unseen_or_ambiguous_to_UNK,False
sub-ccepAgeUMCU03,el115,,,UNK,unseen_or_ambiguous_to_UNK,False
sub-ccepAgeUMCU03,el116,,,UNK,unseen_or_ambiguous_to_UNK,False
sub-ccepAgeUMCU03,el117,,,UNK,unseen_or_ambiguous_to_UNK,False
sub-ccepAgeUMCU03,el118,,,UNK,unseen_or_ambiguous_to_UNK,False
sub-ccepAgeUMCU03,el119,,,UNK,unseen_or_ambiguous_to_UNK,False
sub-ccepAgeUMCU03,el120,,,UNK,unseen_or_ambiguous_to_UNK,False
sub-ccepAgeUMCU03,el121,,,UNK,unseen_or_ambiguous_to_UNK,False
sub-ccepAgeUMCU03,el122,,,UNK,unseen_or_ambiguous_to_UNK,False
sub-ccepAgeUMCU03,el123,,,UNK,unseen_or_ambiguous_to_UNK,False
sub-ccepAgeUMCU03,el124,,,UNK,unseen_or_ambiguous_to_UNK,False
sub-ccepAgeUMCU03,el125,,,UNK,unseen_or_ambiguous_to_UNK,False
sub-ccepAgeUMCU03,el126,,,UNK,unseen_or_ambiguous_to_UNK,False
sub-ccepAgeUMCU03,el127,,,UNK,unseen_or_ambiguous_to_UNK,False
sub-ccepAgeUMCU03,el128,,,UNK,unseen_or_ambiguous_to_UNK,False
sub-ccepAgeUMCU03,thor+,,,UNK,unseen_or_ambiguous_to_UNK,False
sub-ccepAgeUMCU03,abdo+,,,UNK,unseen_or_ambiguous_to_UNK,False
sub-ccepAgeUMCU03,xyz+,,,UNK,unseen_or_ambiguous_to_UNK,False
sub-ccepAgeUMCU03,MKR2+,,,UNK,unseen_or_ambiguous_to_UNK,False
sub-ccepAgeUMCU04,TP1,R,G_oc-temp_lat-fusifor,UNK,unseen_or_ambiguous_to_UNK,False
sub-ccepAgeUMCU04,TP2,R,G&S_occipital_inf,rh_G&S_occipital_inf,unique_hemi_stem_match,True
sub-ccepAgeUMCU04,TP3,R,G&S_occipital_inf,rh_G&S_occipital_inf,unique_hemi_stem_match,True
sub-ccepAgeUMCU04,TP4,R,G_occipital_middle,rh_G_occipital_middle,unique_hemi_stem_match,True
sub-ccepAgeUMCU04,TP5,R,G_occipital_middle,rh_G_occipital_middle,unique_hemi_stem_match,True
sub-ccepAgeUMCU04,TP6,R,G_pariet_inf-Angular,rh_G_pariet_inf-Angular,unique_hemi_stem_match,True
sub-ccepAgeUMCU04,TP7,R,G_pariet_inf-Angular,rh_G_pariet_inf-Angular,unique_hemi_stem_match,True
sub-ccepAgeUMCU04,TP8,R,G_pariet_inf-Angular,rh_G_pariet_inf-Angular,unique_hemi_stem_match,True
sub-ccepAgeUMCU04,TP9,R,G_temporal_inf,rh_G_temporal_inf,unique_hemi_stem_match,True
sub-ccepAgeUMCU04,TP10,R,G_temporal_inf,rh_G_temporal_inf,unique_hemi_stem_match,True
sub-ccepAgeUMCU04,TP11,R,G&S_occipital_inf,rh_G&S_occipital_inf,unique_hemi_stem_match,True
sub-ccepAgeUMCU04,TP12,R,G_temporal_inf,rh_G_temporal_inf,unique_hemi_stem_match,True
sub-ccepAgeUMCU04,TP13,R,S_occipital_ant,UNK,unseen_or_ambiguous_to_UNK,False
sub-ccepAgeUMCU04,TP14,R,G_pariet_inf-Angular,rh_G_pariet_inf-Angular,unique_hemi_stem_match,True
sub-ccepAgeUMCU04,TP15,R,G_pariet_inf-Angular,rh_G_pariet_inf-Angular,unique_hemi_stem_match,True
sub-ccepAgeUMCU04,TP16,R,G_pariet_inf-Angular,rh_G_pariet_inf-Angular,unique_hemi_stem_match,True
sub-ccepAgeUMCU04,TP17,R,G_temporal_inf,rh_G_temporal_inf,unique_hemi_stem_match,True
sub-ccepAgeUMCU04,TP18,R,G_temporal_inf,rh_G_temporal_inf,unique_hemi_stem_match,True
sub-ccepAgeUMCU04,TP19,R,G_temporal_inf,rh_G_temporal_inf,unique_hemi_stem_match,True
sub-ccepAgeUMCU04,TP20,R,G_temporal_middle,rh_G_temporal_middle,unique_hemi_stem_match,True
sub-ccepAgeUMCU04,TP21,R,G_temporal_middle,rh_G_temporal_middle,unique_hemi_stem_match,True
sub-ccepAgeUMCU04,TP22,R,G_pariet_inf-Angular,rh_G_pariet_inf-Angular,unique_hemi_stem_match,True
sub-ccepAgeUMCU04,TP23,R,G_pariet_inf-Angular,rh_G_pariet_inf-Angular,unique_hemi_stem_match,True
sub-ccepAgeUMCU04,TP24,R,G_pariet_inf-Angular,rh_G_pariet_inf-Angular,unique_hemi_stem_match,True
sub-ccepAgeUMCU04,TP25,R,G_temporal_inf,rh_G_temporal_inf,unique_hemi_stem_match,True
sub-ccepAgeUMCU04,TP26,R,G_temporal_middle,rh_G_temporal_middle,unique_hemi_stem_match,True
sub-ccepAgeUMCU04,TP27,R,G_temporal_middle,rh_G_temporal_middle,unique_hemi_stem_match,True
sub-ccepAgeUMCU04,TP28,R,G_temporal_middle,rh_G_temporal_middle,unique_hemi_stem_match,True
sub-ccepAgeUMCU04,TP29,R,G_temporal_middle,rh_G_temporal_middle,unique_hemi_stem_match,True
sub-ccepAgeUMCU04,TP30,R,G_pariet_inf-Angular,rh_G_pariet_inf-Angular,unique_hemi_stem_match,True
sub-ccepAgeUMCU04,TP31,R,G_pariet_inf-Angular,rh_G_pariet_inf-Angular,unique_hemi_stem_match,True
sub-ccepAgeUMCU04,TP32,R,G_pariet_inf-Supramar,rh_G_pariet_inf-Supramar,unique_hemi_stem_match,True
sub-ccepAgeUMCU04,TPv1,R,G_cingul-Post-ventral,rh_G_cingul-Post-ventral,unique_hemi_stem_match,True
sub-ccepAgeUMCU04,TPv2,R,G_oc-temp_med-Lingual,rh_G_oc-temp_med-Lingual,unique_hemi_stem_match,True
sub-ccepAgeUMCU04,TPv3,R,G_oc-temp_med-Parahip,rh_G_oc-temp_med-Parahip,unique_hemi_stem_match,True
sub-ccepAgeUMCU04,TPv4,R,G_oc-temp_lat-fusifor,UNK,unseen_or_ambiguous_to_UNK,False
sub-ccepAgeUMCU04,TPv5,R,S_collat_transv_ant,rh_S_collat_transv_ant,unique_hemi_stem_match,True
sub-ccepAgeUMCU04,TPv6,R,G_temporal_inf,rh_G_temporal_inf,unique_hemi_stem_match,True
sub-ccepAgeUMCU04,TPv7,R,G_temporal_inf,rh_G_temporal_inf,unique_hemi_stem_match,True
sub-ccepAgeUMCU04,TPv8,R,G_temporal_inf,rh_G_temporal_inf,unique_hemi_stem_match,True
sub-ccepAgeUMCU04,TPa1,R,G_oc-temp_med-Lingual,rh_G_oc-temp_med-Lingual,unique_hemi_stem_match,True
sub-ccepAgeUMCU04,TPa2,R,G_oc-temp_med-Lingual,rh_G_oc-temp_med-Lingual,unique_hemi_stem_match,True
sub-ccepAgeUMCU04,TPa3,R,G_oc-temp_med-Lingual,rh_G_oc-temp_med-Lingual,unique_hemi_stem_match,True
sub-ccepAgeUMCU04,TPa4,R,Pole_occipital,UNK,unseen_or_ambiguous_to_UNK,False
sub-ccepAgeUMCU04,TPa5,R,G&S_occipital_inf,rh_G&S_occipital_inf,unique_hemi_stem_match,True
sub-ccepAgeUMCU04,TPa6,R,Pole_occipital,UNK,unseen_or_ambiguous_to_UNK,False
sub-ccepAgeUMCU04,TPa7,R,G_occipital_middle,rh_G_occipital_middle,unique_hemi_stem_match,True
sub-ccepAgeUMCU04,TPa8,R,G_occipital_middle,rh_G_occipital_middle,unique_hemi_stem_match,True
sub-ccepAgeUMCU04,TPa9,R,G_oc-temp_med-Lingual,rh_G_oc-temp_med-Lingual,unique_hemi_stem_match,True
sub-ccepAgeUMCU04,TPa10,R,G_oc-temp_med-Lingual,rh_G_oc-temp_med-Lingual,unique_hemi_stem_match,True
sub-ccepAgeUMCU04,TPa11,R,G_oc-temp_lat-fusifor,UNK,unseen_or_ambiguous_to_UNK,False
sub-ccepAgeUMCU04,TPa12,R,G_oc-temp_lat-fusifor,UNK,unseen_or_ambiguous_to_UNK,False
sub-ccepAgeUMCU04,TPa13,R,G&S_occipital_inf,rh_G&S_occipital_inf,unique_hemi_stem_match,True
sub-ccepAgeUMCU04,TPa14,R,G&S_occipital_inf,rh_G&S_occipital_inf,unique_hemi_stem_match,True
sub-ccepAgeUMCU04,TPa15,R,G&S_occipital_inf,rh_G&S_occipital_inf,unique_hemi_stem_match,True
sub-ccepAgeUMCU04,TPa16,R,G_occipital_middle,rh_G_occipital_middle,unique_hemi_stem_match,True
sub-ccepAgeUMCU04,Oc1,R,G_oc-temp_med-Lingual,rh_G_oc-temp_med-Lingual,unique_hemi_stem_match,True
sub-ccepAgeUMCU04,Oc2,R,G_oc-temp_med-Lingual,rh_G_oc-temp_med-Lingual,unique_hemi_stem_match,True
sub-ccepAgeUMCU04,Oc3,R,G_oc-temp_med-Lingual,rh_G_oc-temp_med-Lingual,unique_hemi_stem_match,True
sub-ccepAgeUMCU04,Oc4,R,Pole_occipital,UNK,unseen_or_ambiguous_to_UNK,False
sub-ccepAgeUMCU04,Oc5,R,Pole_occipital,UNK,unseen_or_ambiguous_to_UNK,False
sub-ccepAgeUMCU04,Oc6,R,Pole_occipital,UNK,unseen_or_ambiguous_to_UNK,False
sub-ccepAgeUMCU04,Oc7,R,Pole_occipital,UNK,unseen_or_ambiguous_to_UNK,False
sub-ccepAgeUMCU04,Oc8,R,S_oc_middle&Lunatus,UNK,unseen_or_ambiguous_to_UNK,False
sub-ccepAgeUMCU04,P01,R,S_oc_middle&Lunatus,UNK,unseen_or_ambiguous_to_UNK,False
sub-ccepAgeUMCU04,P02,R,G_occipital_sup,UNK,unseen_or_ambiguous_to_UNK,False
sub-ccepAgeUMCU04,P03,R,G_pariet_inf-Angular,rh_G_pariet_inf-Angular,unique_hemi_stem_match,True
sub-ccepAgeUMCU04,P04,R,S_intrapariet&P_trans,rh_S_intrapariet&P_trans,unique_hemi_stem_match,True
sub-ccepAgeUMCU04,P05,R,G_parietal_sup,rh_G_parietal_sup,unique_hemi_stem_match,True
sub-ccepAgeUMCU04,P06,R,G_parietal_sup,rh_G_parietal_sup,unique_hemi_stem_match,True
sub-ccepAgeUMCU04,P07,R,G_parietal_sup,rh_G_parietal_sup,unique_hemi_stem_match,True
sub-ccepAgeUMCU04,P08,R,G&S_paracentral,UNK,unseen_or_ambiguous_to_UNK,False
sub-ccepAgeUMCU04,P09,R,G_occipital_middle,rh_G_occipital_middle,unique_hemi_stem_match,True
sub-ccepAgeUMCU04,P10,R,G_pariet_inf-Angular,rh_G_pariet_inf-Angular,unique_hemi_stem_match,True
sub-ccepAgeUMCU04,P11,R,G_pariet_inf-Angular,rh_G_pariet_inf-Angular,unique_hemi_stem_match,True
sub-ccepAgeUMCU04,P12,R,G_pariet_inf-Angular,rh_G_pariet_inf-Angular,unique_hemi_stem_match,True
sub-ccepAgeUMCU04,P13,R,G_pariet_inf-Angular,rh_G_pariet_inf-Angular,unique_hemi_stem_match,True
sub-ccepAgeUMCU04,P14,R,G_parietal_sup,rh_G_parietal_sup,unique_hemi_stem_match,True
sub-ccepAgeUMCU04,P15,R,G_parietal_sup,rh_G_parietal_sup,unique_hemi_stem_match,True
sub-ccepAgeUMCU04,P16,R,G_postcentral,rh_G_postcentral,unique_hemi_stem_match,True
sub-ccepAgeUMCU04,el1,,,UNK,unseen_or_ambiguous_to_UNK,False
sub-ccepAgeUMCU04,el2,,,UNK,unseen_or_ambiguous_to_UNK,False
sub-ccepAgeUMCU04,el3,,,UNK,unseen_or_ambiguous_to_UNK,False
sub-ccepAgeUMCU04,el4,,,UNK,unseen_or_ambiguous_to_UNK,False
sub-ccepAgeUMCU04,D1,R,S_calcarine,UNK,unseen_or_ambiguous_to_UNK,False
sub-ccepAgeUMCU04,D2,R,S_calcarine,UNK,unseen_or_ambiguous_to_UNK,False
sub-ccepAgeUMCU04,D3,R,G_occipital_middle,rh_G_occipital_middle,unique_hemi_stem_match,True
sub-ccepAgeUMCU04,D4,R,S_oc_middle&Lunatus,UNK,unseen_or_ambiguous_to_UNK,False
sub-ccepAgeUMCU04,ECG1,,,UNK,unseen_or_ambiguous_to_UNK,False
sub-ccepAgeUMCU04,ECG2,,,UNK,unseen_or_ambiguous_to_UNK,False
sub-ccepAgeUMCU04,z91,,,UNK,unseen_or_ambiguous_to_UNK,False
sub-ccepAgeUMCU04,z92,,,UNK,unseen_or_ambiguous_to_UNK,False
sub-ccepAgeUMCU04,z93,,,UNK,unseen_or_ambiguous_to_UNK,False
sub-ccepAgeUMCU04,z94,,,UNK,unseen_or_ambiguous_to_UNK,False
sub-ccepAgeUMCU04,z95,,,UNK,unseen_or_ambiguous_to_UNK,False
sub-ccepAgeUMCU04,z96,,,UNK,unseen_or_ambiguous_to_UNK,False
sub-ccepAgeUMCU04,C33,R,G_precentral,rh_G_precentral,unique_hemi_stem_match,True
sub-ccepAgeUMCU04,C34,R,G_precentral,rh_G_precentral,unique_hemi_stem_match,True
sub-ccepAgeUMCU04,C35,R,G_precentral,rh_G_precentral,unique_hemi_stem_match,True
sub-ccepAgeUMCU04,C36,R,G_postcentral,rh_G_postcentral,unique_hemi_stem_match,True
sub-ccepAgeUMCU04,C37,R,G_pariet_inf-Supramar,rh_G_pariet_inf-Supramar,unique_hemi_stem_match,True
sub-ccepAgeUMCU04,C38,R,G_pariet_inf-Supramar,rh_G_pariet_inf-Supramar,unique_hemi_stem_match,True
sub-ccepAgeUMCU04,C39,R,G_pariet_inf-Angular,rh_G_pariet_inf-Angular,unique_hemi_stem_match,True
sub-ccepAgeUMCU04,C40,R,G_pariet_inf-Angular,rh_G_pariet_inf-Angular,unique_hemi_stem_match,True
sub-ccepAgeUMCU04,C41,R,G_front_inf-Opercular,UNK,unseen_or_ambiguous_to_UNK,False
sub-ccepAgeUMCU04,C42,R,G_front_middle,rh_G_front_middle,unique_hemi_stem_match,True
sub-ccepAgeUMCU04,C43,R,G_precentral,rh_G_precentral,unique_hemi_stem_match,True
sub-ccepAgeUMCU04,C44,R,G_precentral,rh_G_precentral,unique_hemi_stem_match,True
sub-ccepAgeUMCU04,C45,R,G_postcentral,rh_G_postcentral,unique_hemi_stem_match,True
sub-ccepAgeUMCU04,C46,R,G_postcentral,rh_G_postcentral,unique_hemi_stem_match,True
sub-ccepAgeUMCU04,C47,R,G_postcentral,rh_G_postcentral,unique_hemi_stem_match,True
sub-ccepAgeUMCU04,C48,R,G_postcentral,rh_G_postcentral,unique_hemi_stem_match,True
sub-ccepAgeUMCU04,C49,R,G_front_middle,rh_G_front_middle,unique_hemi_stem_match,True
sub-ccepAgeUMCU04,C50,R,G_front_middle,rh_G_front_middle,unique_hemi_stem_match,True
sub-ccepAgeUMCU04,C51,R,G_front_middle,rh_G_front_middle,unique_hemi_stem_match,True
sub-ccepAgeUMCU04,C52,R,G_front_middle,rh_G_front_middle,unique_hemi_stem_match,True
sub-ccepAgeUMCU04,C53,R,G_precentral,rh_G_precentral,unique_hemi_stem_match,True
sub-ccepAgeUMCU04,C54,R,G_precentral,rh_G_precentral,unique_hemi_stem_match,True
sub-ccepAgeUMCU04,C55,R,G_precentral,rh_G_precentral,unique_hemi_stem_match,True
sub-ccepAgeUMCU04,C56,R,G_postcentral,rh_G_postcentral,unique_hemi_stem_match,True
sub-ccepAgeUMCU04,C57,R,G_front_middle,rh_G_front_middle,unique_hemi_stem_match,True
sub-ccepAgeUMCU04,C58,R,G_front_middle,rh_G_front_middle,unique_hemi_stem_match,True
sub-ccepAgeUMCU04,C59,R,G_front_middle,rh_G_front_middle,unique_hemi_stem_match,True
sub-ccepAgeUMCU04,C60,R,G_front_middle,rh_G_front_middle,unique_hemi_stem_match,True
sub-ccepAgeUMCU04,C61,R,G_front_middle,rh_G_front_middle,unique_hemi_stem_match,True
sub-ccepAgeUMCU04,C62,R,G_precentral,rh_G_precentral,unique_hemi_stem_match,True
sub-ccepAgeUMCU04,C63,R,G_precentral,rh_G_precentral,unique_hemi_stem_match,True
sub-ccepAgeUMCU04,C64,R,G_postcentral,rh_G_postcentral,unique_hemi_stem_match,True
sub-ccepAgeUMCU05,P01,R,G_occipital_middle,rh_G_occipital_middle,unique_hemi_stem_match,True
sub-ccepAgeUMCU05,P02,R,G_occipital_middle,rh_G_occipital_middle,unique_hemi_stem_match,True
sub-ccepAgeUMCU05,P03,R,G_occipital_middle,rh_G_occipital_middle,unique_hemi_stem_match,True
sub-ccepAgeUMCU05,P04,R,G_occipital_middle,rh_G_occipital_middle,unique_hemi_stem_match,True
sub-ccepAgeUMCU05,P05,R,G_pariet_inf-Angular,rh_G_pariet_inf-Angular,unique_hemi_stem_match,True
sub-ccepAgeUMCU05,P06,R,G_pariet_inf-Angular,rh_G_pariet_inf-Angular,unique_hemi_stem_match,True
sub-ccepAgeUMCU05,P07,R,S_intrapariet&P_trans,rh_S_intrapariet&P_trans,unique_hemi_stem_match,True
sub-ccepAgeUMCU05,P08,R,G_parietal_sup,rh_G_parietal_sup,unique_hemi_stem_match,True
sub-ccepAgeUMCU05,P09,R,G_occipital_middle,rh_G_occipital_middle,unique_hemi_stem_match,True
sub-ccepAgeUMCU05,P10,R,G_occipital_middle,rh_G_occipital_middle,unique_hemi_stem_match,True
sub-ccepAgeUMCU05,P11,R,G_occipital_middle,rh_G_occipital_middle,unique_hemi_stem_match,True
sub-ccepAgeUMCU05,P12,R,G_occipital_middle,rh_G_occipital_middle,unique_hemi_stem_match,True
sub-ccepAgeUMCU05,P13,R,G_pariet_inf-Angular,rh_G_pariet_inf-Angular,unique_hemi_stem_match,True
sub-ccepAgeUMCU05,P14,R,G_pariet_inf-Angular,rh_G_pariet_inf-Angular,unique_hemi_stem_match,True
sub-ccepAgeUMCU05,P15,R,G_pariet_inf-Angular,rh_G_pariet_inf-Angular,unique_hemi_stem_match,True
sub-ccepAgeUMCU05,P16,R,G_parietal_sup,rh_G_parietal_sup,unique_hemi_stem_match,True
sub-ccepAgeUMCU05,P17,R,G&S_occipital_inf,rh_G&S_occipital_inf,unique_hemi_stem_match,True
sub-ccepAgeUMCU05,P18,R,G&S_occipital_inf,rh_G&S_occipital_inf,unique_hemi_stem_match,True
sub-ccepAgeUMCU05,P19,R,S_temporal_sup,rh_S_temporal_sup,unique_hemi_stem_match,True
sub-ccepAgeUMCU05,P20,R,S_temporal_sup,rh_S_temporal_sup,unique_hemi_stem_match,True
sub-ccepAgeUMCU05,P21,R,G_pariet_inf-Angular,rh_G_pariet_inf-Angular,unique_hemi_stem_match,True
sub-ccepAgeUMCU05,P22,R,G_pariet_inf-Angular,rh_G_pariet_inf-Angular,unique_hemi_stem_match,True
sub-ccepAgeUMCU05,P23,R,G_pariet_inf-Angular,rh_G_pariet_inf-Angular,unique_hemi_stem_match,True
sub-ccepAgeUMCU05,P24,R,G_parietal_sup,rh_G_parietal_sup,unique_hemi_stem_match,True
sub-ccepAgeUMCU05,P25,R,G_temporal_inf,rh_G_temporal_inf,unique_hemi_stem_match,True
sub-ccepAgeUMCU05,P26,R,G_temporal_inf,rh_G_temporal_inf,unique_hemi_stem_match,True
sub-ccepAgeUMCU05,P27,R,G_temporal_middle,rh_G_temporal_middle,unique_hemi_stem_match,True
sub-ccepAgeUMCU05,P28,R,G_pariet_inf-Angular,rh_G_pariet_inf-Angular,unique_hemi_stem_match,True
sub-ccepAgeUMCU05,P29,R,G_pariet_inf-Angular,rh_G_pariet_inf-Angular,unique_hemi_stem_match,True
sub-ccepAgeUMCU05,P30,R,G_pariet_inf-Angular,rh_G_pariet_inf-Angular,unique_hemi_stem_match,True
sub-ccepAgeUMCU05,P31,R,G_pariet_inf-Angular,rh_G_pariet_inf-Angular,unique_hemi_stem_match,True
sub-ccepAgeUMCU05,P32,R,G_parietal_sup,rh_G_parietal_sup,unique_hemi_stem_match,True
sub-ccepAgeUMCU05,P33,R,G_temporal_inf,rh_G_temporal_inf,unique_hemi_stem_match,True
sub-ccepAgeUMCU05,P34,R,G_temporal_inf,rh_G_temporal_inf,unique_hemi_stem_match,True
sub-ccepAgeUMCU05,P35,R,G_temporal_middle,rh_G_temporal_middle,unique_hemi_stem_match,True
sub-ccepAgeUMCU05,P36,R,G_temporal_middle,rh_G_temporal_middle,unique_hemi_stem_match,True
sub-ccepAgeUMCU05,P37,R,G_pariet_inf-Angular,rh_G_pariet_inf-Angular,unique_hemi_stem_match,True
sub-ccepAgeUMCU05,P38,R,G_pariet_inf-Angular,rh_G_pariet_inf-Angular,unique_hemi_stem_match,True
sub-ccepAgeUMCU05,P39,R,G_pariet_inf-Supramar,rh_G_pariet_inf-Supramar,unique_hemi_stem_match,True
sub-ccepAgeUMCU05,P40,R,G_pariet_inf-Supramar,rh_G_pariet_inf-Supramar,unique_hemi_stem_match,True
sub-ccepAgeUMCU05,P41,R,G_temporal_inf,rh_G_temporal_inf,unique_hemi_stem_match,True
sub-ccepAgeUMCU05,P42,R,G_temporal_inf,rh_G_temporal_inf,unique_hemi_stem_match,True
sub-ccepAgeUMCU05,P43,R,G_temporal_middle,rh_G_temporal_middle,unique_hemi_stem_match,True
sub-ccepAgeUMCU05,P44,R,G_temporal_middle,rh_G_temporal_middle,unique_hemi_stem_match,True
sub-ccepAgeUMCU05,P45,R,G_pariet_inf-Supramar,rh_G_pariet_inf-Supramar,unique_hemi_stem_match,True
sub-ccepAgeUMCU05,P46,R,G_pariet_inf-Supramar,rh_G_pariet_inf-Supramar,unique_hemi_stem_match,True
sub-ccepAgeUMCU05,P47,R,G_pariet_inf-Supramar,rh_G_pariet_inf-Supramar,unique_hemi_stem_match,True
sub-ccepAgeUMCU05,P48,R,G_pariet_inf-Supramar,rh_G_pariet_inf-Supramar,unique_hemi_stem_match,True
sub-ccepAgeUMCU05,P49,R,G_temporal_inf,rh_G_temporal_inf,unique_hemi_stem_match,True
sub-ccepAgeUMCU05,P50,R,G_temporal_inf,rh_G_temporal_inf,unique_hemi_stem_match,True
sub-ccepAgeUMCU05,P51,R,G_temporal_middle,rh_G_temporal_middle,unique_hemi_stem_match,True
sub-ccepAgeUMCU05,P52,R,G_temporal_middle,rh_G_temporal_middle,unique_hemi_stem_match,True
sub-ccepAgeUMCU05,P53,R,G_temp_sup-Lateral,rh_G_temp_sup-Lateral,unique_hemi_stem_match,True
sub-ccepAgeUMCU05,P54,R,G_pariet_inf-Supramar,rh_G_pariet_inf-Supramar,unique_hemi_stem_match,True
sub-ccepAgeUMCU05,P55,R,G_pariet_inf-Supramar,rh_G_pariet_inf-Supramar,unique_hemi_stem_match,True
sub-ccepAgeUMCU05,P56,R,G_pariet_inf-Supramar,rh_G_pariet_inf-Supramar,unique_hemi_stem_match,True
sub-ccepAgeUMCU05,P57,R,G_temporal_inf,rh_G_temporal_inf,unique_hemi_stem_match,True
sub-ccepAgeUMCU05,P58,R,G_temporal_inf,rh_G_temporal_inf,unique_hemi_stem_match,True
sub-ccepAgeUMCU05,P59,R,G_temporal_middle,rh_G_temporal_middle,unique_hemi_stem_match,True
sub-ccepAgeUMCU05,P60,R,G_temporal_middle,rh_G_temporal_middle,unique_hemi_stem_match,True
sub-ccepAgeUMCU05,P61,R,G_temp_sup-Lateral,rh_G_temp_sup-Lateral,unique_hemi_stem_match,True
sub-ccepAgeUMCU05,P62,R,G&S_subcentral,UNK,unseen_or_ambiguous_to_UNK,False
sub-ccepAgeUMCU05,P63,R,G_postcentral,rh_G_postcentral,unique_hemi_stem_match,True
sub-ccepAgeUMCU05,P64,R,G_postcentral,rh_G_postcentral,unique_hemi_stem_match,True
sub-ccepAgeUMCU05,MKR1+,,,UNK,unseen_or_ambiguous_to_UNK,False
sub-ccepAgeUMCU05,Oc1,R,G_oc-temp_med-Lingual,rh_G_oc-temp_med-Lingual,unique_hemi_stem_match,True
sub-ccepAgeUMCU05,Oc2,R,G_oc-temp_med-Lingual,rh_G_oc-temp_med-Lingual,unique_hemi_stem_match,True
sub-ccepAgeUMCU05,Oc3,R,G_oc-temp_med-Lingual,rh_G_oc-temp_med-Lingual,unique_hemi_stem_match,True
sub-ccepAgeUMCU05,Oc4,R,G_oc-temp_med-Lingual,rh_G_oc-temp_med-Lingual,unique_hemi_stem_match,True
sub-ccepAgeUMCU05,Oc5,R,G_cuneus,UNK,unseen_or_ambiguous_to_UNK,False
sub-ccepAgeUMCU05,Oc6,R,G_cuneus,UNK,unseen_or_ambiguous_to_UNK,False
sub-ccepAgeUMCU05,Oc7,R,G_cuneus,UNK,unseen_or_ambiguous_to_UNK,False
sub-ccepAgeUMCU05,Oc8,R,G_occipital_sup,UNK,unseen_or_ambiguous_to_UNK,False
sub-ccepAgeUMCU05,OB1,R,G_oc-temp_med-Lingual,rh_G_oc-temp_med-Lingual,unique_hemi_stem_match,True
sub-ccepAgeUMCU05,OB2,R,G_oc-temp_med-Lingual,rh_G_oc-temp_med-Lingual,unique_hemi_stem_match,True
sub-ccepAgeUMCU05,OB3,R,G_oc-temp_med-Lingual,rh_G_oc-temp_med-Lingual,unique_hemi_stem_match,True
sub-ccepAgeUMCU05,OB4,R,Pole_occipital,UNK,unseen_or_ambiguous_to_UNK,False
sub-ccepAgeUMCU05,OB5,R,Pole_occipital,UNK,unseen_or_ambiguous_to_UNK,False
sub-ccepAgeUMCU05,OB6,R,Pole_occipital,UNK,unseen_or_ambiguous_to_UNK,False
sub-ccepAgeUMCU05,OB7,R,Pole_occipital,UNK,unseen_or_ambiguous_to_UNK,False
sub-ccepAgeUMCU05,OB8,R,Pole_occipital,UNK,unseen_or_ambiguous_to_UNK,False
sub-ccepAgeUMCU05,PB1,R,G_oc-temp_med-Lingual,rh_G_oc-temp_med-Lingual,unique_hemi_stem_match,True
sub-ccepAgeUMCU05,PB2,R,G_oc-temp_med-Lingual,rh_G_oc-temp_med-Lingual,unique_hemi_stem_match,True
sub-ccepAgeUMCU05,PB3,R,Pole_occipital,UNK,unseen_or_ambiguous_to_UNK,False
sub-ccepAgeUMCU05,PB4,R,G&S_occipital_inf,rh_G&S_occipital_inf,unique_hemi_stem_match,True
sub-ccepAgeUMCU05,PB5,R,G&S_occipital_inf,rh_G&S_occipital_inf,unique_hemi_stem_match,True
sub-ccepAgeUMCU05,PB6,R,G&S_occipital_inf,rh_G&S_occipital_inf,unique_hemi_stem_match,True
sub-ccepAgeUMCU05,PB7,R,G&S_occipital_inf,rh_G&S_occipital_inf,unique_hemi_stem_match,True
sub-ccepAgeUMCU05,PB8,R,G&S_occipital_inf,rh_G&S_occipital_inf,unique_hemi_stem_match,True
sub-ccepAgeUMCU05,sT1,R,Pole_temporal,rh_Pole_temporal,unique_hemi_stem_match,True
sub-ccepAgeUMCU05,sT2,R,Pole_temporal,rh_Pole_temporal,unique_hemi_stem_match,True
sub-ccepAgeUMCU05,sT3,R,Pole_temporal,rh_Pole_temporal,unique_hemi_stem_match,True
sub-ccepAgeUMCU05,sT4,R,Pole_temporal,rh_Pole_temporal,unique_hemi_stem_match,True
sub-ccepAgeUMCU05,sT5,R,G_oc-temp_med-Parahip,rh_G_oc-temp_med-Parahip,unique_hemi_stem_match,True
sub-ccepAgeUMCU05,sT6,R,G_temporal_inf,rh_G_temporal_inf,unique_hemi_stem_match,True
sub-ccepAgeUMCU05,sT7,R,G_temporal_inf,rh_G_temporal_inf,unique_hemi_stem_match,True
sub-ccepAgeUMCU05,sT8,R,G_temporal_middle,rh_G_temporal_middle,unique_hemi_stem_match,True
sub-ccepAgeUMCU05,ECG1,,,UNK,unseen_or_ambiguous_to_UNK,False
sub-ccepAgeUMCU05,ECG2,,,UNK,unseen_or_ambiguous_to_UNK,False
sub-ccepAgeUMCU05,AH1,,,UNK,unseen_or_ambiguous_to_UNK,False
sub-ccepAgeUMCU05,AH2,,,UNK,unseen_or_ambiguous_to_UNK,False
sub-ccepAgeUMCU05,orb1,,,UNK,unseen_or_ambiguous_to_UNK,False
sub-ccepAgeUMCU05,orb2,,,UNK,unseen_or_ambiguous_to_UNK,False
sub-ccepAgeUMCU05,el103,,,UNK,unseen_or_ambiguous_to_UNK,False
sub-ccepAgeUMCU05,el104,,,UNK,unseen_or_ambiguous_to_UNK,False
sub-ccepAgeUMCU05,el105,,,UNK,unseen_or_ambiguous_to_UNK,False
sub-ccepAgeUMCU05,el106,,,UNK,unseen_or_ambiguous_to_UNK,False
sub-ccepAgeUMCU05,el107,,,UNK,unseen_or_ambiguous_to_UNK,False
sub-ccepAgeUMCU05,el108,,,UNK,unseen_or_ambiguous_to_UNK,False
sub-ccepAgeUMCU05,el109,,,UNK,unseen_or_ambiguous_to_UNK,False
sub-ccepAgeUMCU05,el110,,,UNK,unseen_or_ambiguous_to_UNK,False
sub-ccepAgeUMCU05,el111,,,UNK,unseen_or_ambiguous_to_UNK,False
sub-ccepAgeUMCU05,el112,,,UNK,unseen_or_ambiguous_to_UNK,False
sub-ccepAgeUMCU05,el113,,,UNK,unseen_or_ambiguous_to_UNK,False
sub-ccepAgeUMCU05,el114,,,UNK,unseen_or_ambiguous_to_UNK,False
sub-ccepAgeUMCU05,el115,,,UNK,unseen_or_ambiguous_to_UNK,False
sub-ccepAgeUMCU05,el116,,,UNK,unseen_or_ambiguous_to_UNK,False
sub-ccepAgeUMCU05,el117,,,UNK,unseen_or_ambiguous_to_UNK,False
sub-ccepAgeUMCU05,el118,,,UNK,unseen_or_ambiguous_to_UNK,False
sub-ccepAgeUMCU05,el119,,,UNK,unseen_or_ambiguous_to_UNK,False
sub-ccepAgeUMCU05,el120,,,UNK,unseen_or_ambiguous_to_UNK,False
sub-ccepAgeUMCU05,el121,,,UNK,unseen_or_ambiguous_to_UNK,False
sub-ccepAgeUMCU05,el122,,,UNK,unseen_or_ambiguous_to_UNK,False
sub-ccepAgeUMCU05,el123,,,UNK,unseen_or_ambiguous_to_UNK,False
sub-ccepAgeUMCU05,el124,,,UNK,unseen_or_ambiguous_to_UNK,False
sub-ccepAgeUMCU05,el125,,,UNK,unseen_or_ambiguous_to_UNK,False
sub-ccepAgeUMCU05,el126,,,UNK,unseen_or_ambiguous_to_UNK,False
sub-ccepAgeUMCU05,el127,,,UNK,unseen_or_ambiguous_to_UNK,False
sub-ccepAgeUMCU05,el128,,,UNK,unseen_or_ambiguous_to_UNK,False
sub-ccepAgeUMCU05,thor+,,,UNK,unseen_or_ambiguous_to_UNK,False
sub-ccepAgeUMCU05,abdo+,,,UNK,unseen_or_ambiguous_to_UNK,False
sub-ccepAgeUMCU05,xyz+,,,UNK,unseen_or_ambiguous_to_UNK,False
sub-ccepAgeUMCU05,MKR2+,,,UNK,unseen_or_ambiguous_to_UNK,False
sub-ccepAgeUMCU06,C01,R,G_front_middle,rh_G_front_middle,unique_hemi_stem_match,True
sub-ccepAgeUMCU06,C02,R,G_precentral,rh_G_precentral,unique_hemi_stem_match,True
sub-ccepAgeUMCU06,C03,R,G_precentral,rh_G_precentral,unique_hemi_stem_match,True
sub-ccepAgeUMCU06,C04,R,G_postcentral,rh_G_postcentral,unique_hemi_stem_match,True
sub-ccepAgeUMCU06,C05,R,G_postcentral,rh_G_postcentral,unique_hemi_stem_match,True
sub-ccepAgeUMCU06,C06,R,G_pariet_inf-Supramar,rh_G_pariet_inf-Supramar,unique_hemi_stem_match,True
sub-ccepAgeUMCU06,C07,R,G_pariet_inf-Supramar,rh_G_pariet_inf-Supramar,unique_hemi_stem_match,True
sub-ccepAgeUMCU06,C08,R,G_pariet_inf-Supramar,rh_G_pariet_inf-Supramar,unique_hemi_stem_match,True
sub-ccepAgeUMCU06,C09,R,G_front_middle,rh_G_front_middle,unique_hemi_stem_match,True
sub-ccepAgeUMCU06,C10,R,G_precentral,rh_G_precentral,unique_hemi_stem_match,True
sub-ccepAgeUMCU06,C11,R,G_precentral,rh_G_precentral,unique_hemi_stem_match,True
sub-ccepAgeUMCU06,C12,R,G_postcentral,rh_G_postcentral,unique_hemi_stem_match,True
sub-ccepAgeUMCU06,C13,R,G_postcentral,rh_G_postcentral,unique_hemi_stem_match,True
sub-ccepAgeUMCU06,C14,R,G_pariet_inf-Supramar,rh_G_pariet_inf-Supramar,unique_hemi_stem_match,True
sub-ccepAgeUMCU06,C15,R,G_pariet_inf-Supramar,rh_G_pariet_inf-Supramar,unique_hemi_stem_match,True
sub-ccepAgeUMCU06,C16,R,G_pariet_inf-Angular,rh_G_pariet_inf-Angular,unique_hemi_stem_match,True
sub-ccepAgeUMCU06,C17,R,G_front_middle,rh_G_front_middle,unique_hemi_stem_match,True
sub-ccepAgeUMCU06,C18,R,G_front_middle,rh_G_front_middle,unique_hemi_stem_match,True
sub-ccepAgeUMCU06,C19,R,G_precentral,rh_G_precentral,unique_hemi_stem_match,True
sub-ccepAgeUMCU06,C20,R,G_postcentral,rh_G_postcentral,unique_hemi_stem_match,True
sub-ccepAgeUMCU06,C21,R,G_postcentral,rh_G_postcentral,unique_hemi_stem_match,True
sub-ccepAgeUMCU06,C22,R,G_postcentral,rh_G_postcentral,unique_hemi_stem_match,True
sub-ccepAgeUMCU06,C23,R,G_pariet_inf-Supramar,rh_G_pariet_inf-Supramar,unique_hemi_stem_match,True
sub-ccepAgeUMCU06,C24,R,G_pariet_inf-Angular,rh_G_pariet_inf-Angular,unique_hemi_stem_match,True
sub-ccepAgeUMCU06,C25,R,G_front_middle,rh_G_front_middle,unique_hemi_stem_match,True
sub-ccepAgeUMCU06,C26,R,G_front_middle,rh_G_front_middle,unique_hemi_stem_match,True
sub-ccepAgeUMCU06,C27,R,G_front_middle,rh_G_front_middle,unique_hemi_stem_match,True
sub-ccepAgeUMCU06,C28,R,G_precentral,rh_G_precentral,unique_hemi_stem_match,True
sub-ccepAgeUMCU06,C29,R,G_precentral,rh_G_precentral,unique_hemi_stem_match,True
sub-ccepAgeUMCU06,C30,R,G_postcentral,rh_G_postcentral,unique_hemi_stem_match,True
sub-ccepAgeUMCU06,C31,R,G_parietal_sup,rh_G_parietal_sup,unique_hemi_stem_match,True
sub-ccepAgeUMCU06,C32,R,G_parietal_sup,rh_G_parietal_sup,unique_hemi_stem_match,True
sub-ccepAgeUMCU06,C33,R,G_front_sup,rh_G_front_sup,unique_hemi_stem_match,True
sub-ccepAgeUMCU06,C34,R,S_front_sup,rh_S_front_sup,unique_hemi_stem_match,True
sub-ccepAgeUMCU06,C35,R,G_front_sup,rh_G_front_sup,unique_hemi_stem_match,True
sub-ccepAgeUMCU06,C36,R,G_precentral,rh_G_precentral,unique_hemi_stem_match,True
sub-ccepAgeUMCU06,C37,R,G_precentral,rh_G_precentral,unique_hemi_stem_match,True
sub-ccepAgeUMCU06,C38,R,G_postcentral,rh_G_postcentral,unique_hemi_stem_match,True
sub-ccepAgeUMCU06,C39,R,G_parietal_sup,rh_G_parietal_sup,unique_hemi_stem_match,True
sub-ccepAgeUMCU06,C40,R,G_parietal_sup,rh_G_parietal_sup,unique_hemi_stem_match,True
sub-ccepAgeUMCU06,C41,R,G_front_sup,rh_G_front_sup,unique_hemi_stem_match,True
sub-ccepAgeUMCU06,C42,R,G_front_sup,rh_G_front_sup,unique_hemi_stem_match,True
sub-ccepAgeUMCU06,C43,R,G_front_sup,rh_G_front_sup,unique_hemi_stem_match,True
sub-ccepAgeUMCU06,C44,R,G_precentral,rh_G_precentral,unique_hemi_stem_match,True
sub-ccepAgeUMCU06,C45,R,G_precentral,rh_G_precentral,unique_hemi_stem_match,True
sub-ccepAgeUMCU06,C46,R,G_postcentral,rh_G_postcentral,unique_hemi_stem_match,True
sub-ccepAgeUMCU06,C47,R,G_parietal_sup,rh_G_parietal_sup,unique_hemi_stem_match,True
sub-ccepAgeUMCU06,C48,R,G_parietal_sup,rh_G_parietal_sup,unique_hemi_stem_match,True
sub-ccepAgeUMCU06,IH49,R,G_front_sup,rh_G_front_sup,unique_hemi_stem_match,True
sub-ccepAgeUMCU06,IH50,R,G_front_sup,rh_G_front_sup,unique_hemi_stem_match,True
sub-ccepAgeUMCU06,IH51,R,G_front_sup,rh_G_front_sup,unique_hemi_stem_match,True
sub-ccepAgeUMCU06,IH52,R,G&S_paracentral,UNK,unseen_or_ambiguous_to_UNK,False
sub-ccepAgeUMCU06,IH53,R,G&S_paracentral,UNK,unseen_or_ambiguous_to_UNK,False
sub-ccepAgeUMCU06,IH54,R,G&S_paracentral,UNK,unseen_or_ambiguous_to_UNK,False
sub-ccepAgeUMCU06,IH55,R,G_parietal_sup,rh_G_parietal_sup,unique_hemi_stem_match,True
sub-ccepAgeUMCU06,IH56,R,G_parietal_sup,rh_G_parietal_sup,unique_hemi_stem_match,True
sub-ccepAgeUMCU06,IH57,R,G_front_sup,rh_G_front_sup,unique_hemi_stem_match,True
sub-ccepAgeUMCU06,IH58,R,G_front_sup,rh_G_front_sup,unique_hemi_stem_match,True
sub-ccepAgeUMCU06,IH59,R,G_front_sup,rh_G_front_sup,unique_hemi_stem_match,True
sub-ccepAgeUMCU06,IH60,R,G&S_paracentral,UNK,unseen_or_ambiguous_to_UNK,False
sub-ccepAgeUMCU06,IH61,R,S_cingul-Marginalis,rh_S_cingul-Marginalis,unique_hemi_stem_match,True
sub-ccepAgeUMCU06,IH62,R,G_precuneus,rh_G_precuneus,unique_hemi_stem_match,True
sub-ccepAgeUMCU06,IH63,R,G_precuneus,rh_G_precuneus,unique_hemi_stem_match,True
sub-ccepAgeUMCU06,IH64,R,G_precuneus,rh_G_precuneus,unique_hemi_stem_match,True
sub-ccepAgeUMCU06,IH1,,,UNK,unseen_or_ambiguous_to_UNK,False
sub-ccepAgeUMCU06,IH2,,,UNK,unseen_or_ambiguous_to_UNK,False
sub-ccepAgeUMCU06,IH3,,,UNK,unseen_or_ambiguous_to_UNK,False
sub-ccepAgeUMCU06,IH4,,,UNK,unseen_or_ambiguous_to_UNK,False
sub-ccepAgeUMCU06,IH5,,,UNK,unseen_or_ambiguous_to_UNK,False
sub-ccepAgeUMCU06,IH6,,,UNK,unseen_or_ambiguous_to_UNK,False
sub-ccepAgeUMCU06,IH7,,,UNK,unseen_or_ambiguous_to_UNK,False
sub-ccepAgeUMCU06,IH8,,,UNK,unseen_or_ambiguous_to_UNK,False
sub-ccepAgeUMCU06,z1,,,UNK,unseen_or_ambiguous_to_UNK,False
sub-ccepAgeUMCU06,z2,,,UNK,unseen_or_ambiguous_to_UNK,False
sub-ccepAgeUMCU06,z3,,,UNK,unseen_or_ambiguous_to_UNK,False
sub-ccepAgeUMCU06,z4,,,UNK,unseen_or_ambiguous_to_UNK,False
sub-ccepAgeUMCU06,z5,,,UNK,unseen_or_ambiguous_to_UNK,False
sub-ccepAgeUMCU06,z6,,,UNK,unseen_or_ambiguous_to_UNK,False
sub-ccepAgeUMCU06,z7,,,UNK,unseen_or_ambiguous_to_UNK,False
sub-ccepAgeUMCU06,z8,,,UNK,unseen_or_ambiguous_to_UNK,False
sub-ccepAgeUMCU06,z9,,,UNK,unseen_or_ambiguous_to_UNK,False
sub-ccepAgeUMCU06,z10,,,UNK,unseen_or_ambiguous_to_UNK,False
sub-ccepAgeUMCU06,z11,,,UNK,unseen_or_ambiguous_to_UNK,False
sub-ccepAgeUMCU06,z12,,,UNK,unseen_or_ambiguous_to_UNK,False
sub-ccepAgeUMCU06,z13,,,UNK,unseen_or_ambiguous_to_UNK,False
sub-ccepAgeUMCU06,z14,,,UNK,unseen_or_ambiguous_to_UNK,False
sub-ccepAgeUMCU06,z15,,,UNK,unseen_or_ambiguous_to_UNK,False
sub-ccepAgeUMCU06,z16,,,UNK,unseen_or_ambiguous_to_UNK,False
sub-ccepAgeUMCU06,z17,,,UNK,unseen_or_ambiguous_to_UNK,False
sub-ccepAgeUMCU06,z18,,,UNK,unseen_or_ambiguous_to_UNK,False
sub-ccepAgeUMCU06,z19,,,UNK,unseen_or_ambiguous_to_UNK,False
sub-ccepAgeUMCU06,z20,,,UNK,unseen_or_ambiguous_to_UNK,False
sub-ccepAgeUMCU06,z21,,,UNK,unseen_or_ambiguous_to_UNK,False
sub-ccepAgeUMCU06,z22,,,UNK,unseen_or_ambiguous_to_UNK,False
sub-ccepAgeUMCU06,z23,,,UNK,unseen_or_ambiguous_to_UNK,False
sub-ccepAgeUMCU06,z24,,,UNK,unseen_or_ambiguous_to_UNK,False
sub-ccepAgeUMCU06,z25,,,UNK,unseen_or_ambiguous_to_UNK,False
sub-ccepAgeUMCU06,z26,,,UNK,unseen_or_ambiguous_to_UNK,False
sub-ccepAgeUMCU06,z27,,,UNK,unseen_or_ambiguous_to_UNK,False
sub-ccepAgeUMCU06,z28,,,UNK,unseen_or_ambiguous_to_UNK,False
sub-ccepAgeUMCU06,z29,,,UNK,unseen_or_ambiguous_to_UNK,False
sub-ccepAgeUMCU06,z30,,,UNK,unseen_or_ambiguous_to_UNK,False
sub-ccepAgeUMCU06,z31,,,UNK,unseen_or_ambiguous_to_UNK,False
sub-ccepAgeUMCU06,z32,,,UNK,unseen_or_ambiguous_to_UNK,False
sub-ccepAgeUMCU06,z33,,,UNK,unseen_or_ambiguous_to_UNK,False
sub-ccepAgeUMCU06,z34,,,UNK,unseen_or_ambiguous_to_UNK,False
sub-ccepAgeUMCU06,z35,,,UNK,unseen_or_ambiguous_to_UNK,False
sub-ccepAgeUMCU06,z36,,,UNK,unseen_or_ambiguous_to_UNK,False
sub-ccepAgeUMCU06,z37,,,UNK,unseen_or_ambiguous_to_UNK,False
sub-ccepAgeUMCU06,z38,,,UNK,unseen_or_ambiguous_to_UNK,False
sub-ccepAgeUMCU06,z39,,,UNK,unseen_or_ambiguous_to_UNK,False
sub-ccepAgeUMCU06,z40,,,UNK,unseen_or_ambiguous_to_UNK,False
sub-ccepAgeUMCU06,x33,,,UNK,unseen_or_ambiguous_to_UNK,False
sub-ccepAgeUMCU06,x34,,,UNK,unseen_or_ambiguous_to_UNK,False
sub-ccepAgeUMCU06,x35,,,UNK,unseen_or_ambiguous_to_UNK,False
sub-ccepAgeUMCU06,x36,,,UNK,unseen_or_ambiguous_to_UNK,False
sub-ccepAgeUMCU06,x37,,,UNK,unseen_or_ambiguous_to_UNK,False
sub-ccepAgeUMCU06,x38,,,UNK,unseen_or_ambiguous_to_UNK,False
sub-ccepAgeUMCU06,x39,,,UNK,unseen_or_ambiguous_to_UNK,False
sub-ccepAgeUMCU06,x40,,,UNK,unseen_or_ambiguous_to_UNK,False
sub-ccepAgeUMCU06,p121+,,,UNK,unseen_or_ambiguous_to_UNK,False
sub-ccepAgeUMCU06,p122+,,,UNK,unseen_or_ambiguous_to_UNK,False
sub-ccepAgeUMCU06,p123+,,,UNK,unseen_or_ambiguous_to_UNK,False
sub-ccepAgeUMCU06,emg2+,,,UNK,unseen_or_ambiguous_to_UNK,False
sub-ccepAgeUMCU06,emg1+,,,UNK,unseen_or_ambiguous_to_UNK,False
sub-ccepAgeUMCU06,orb+,,,UNK,unseen_or_ambiguous_to_UNK,False
sub-ccepAgeUMCU06,ECG+,,,UNK,unseen_or_ambiguous_to_UNK,False
sub-ccepAgeUMCU06,AH+,,,UNK,unseen_or_ambiguous_to_UNK,False
sub-ccepAgeUMCU07,TOc01,L,Pole_occipital,UNK,unseen_or_ambiguous_to_UNK,False
sub-ccepAgeUMCU07,TOc02,L,G_occipital_middle,UNK,unseen_or_ambiguous_to_UNK,False
sub-ccepAgeUMCU07,TOc03,L,G_occipital_middle,UNK,unseen_or_ambiguous_to_UNK,False
sub-ccepAgeUMCU07,TOc04,L,G&S_occipital_inf,UNK,unseen_or_ambiguous_to_UNK,False
sub-ccepAgeUMCU07,TOc05,L,G&S_occipital_inf,UNK,unseen_or_ambiguous_to_UNK,False
sub-ccepAgeUMCU07,TOc06,L,G_temporal_inf,lh_G_temporal_inf,unique_hemi_stem_match,True
sub-ccepAgeUMCU07,TOc07,L,S_temporal_inf,lh_S_temporal_inf,unique_hemi_stem_match,True
sub-ccepAgeUMCU07,TOc08,L,G_temporal_middle,lh_G_temporal_middle,unique_hemi_stem_match,True
sub-ccepAgeUMCU07,TOc09,L,Pole_occipital,UNK,unseen_or_ambiguous_to_UNK,False
sub-ccepAgeUMCU07,TOc10,L,Pole_occipital,UNK,unseen_or_ambiguous_to_UNK,False
sub-ccepAgeUMCU07,TOc11,L,G_occipital_middle,UNK,unseen_or_ambiguous_to_UNK,False
sub-ccepAgeUMCU07,TOc12,L,G_occipital_middle,UNK,unseen_or_ambiguous_to_UNK,False
sub-ccepAgeUMCU07,TOc13,L,G_occipital_middle,UNK,unseen_or_ambiguous_to_UNK,False
sub-ccepAgeUMCU07,TOc14,L,G_temporal_inf,lh_G_temporal_inf,unique_hemi_stem_match,True
sub-ccepAgeUMCU07,TOc15,L,G_temporal_middle,lh_G_temporal_middle,unique_hemi_stem_match,True
sub-ccepAgeUMCU07,TOc16,L,G_temporal_middle,lh_G_temporal_middle,unique_hemi_stem_match,True
sub-ccepAgeUMCU07,TOc17,L,G_occipital_middle,UNK,unseen_or_ambiguous_to_UNK,False
sub-ccepAgeUMCU07,TOc18,L,G_occipital_middle,UNK,unseen_or_ambiguous_to_UNK,False
sub-ccepAgeUMCU07,TOc19,L,G_occipital_middle,UNK,unseen_or_ambiguous_to_UNK,False
sub-ccepAgeUMCU07,TOc20,L,G_occipital_middle,UNK,unseen_or_ambiguous_to_UNK,False
sub-ccepAgeUMCU07,TOc21,L,S_occipital_ant,UNK,unseen_or_ambiguous_to_UNK,False
sub-ccepAgeUMCU07,TOc22,L,G_temporal_middle,lh_G_temporal_middle,unique_hemi_stem_match,True
sub-ccepAgeUMCU07,TOc23,L,G_temporal_middle,lh_G_temporal_middle,unique_hemi_stem_match,True
sub-ccepAgeUMCU07,TOc24,L,G_temporal_middle,lh_G_temporal_middle,unique_hemi_stem_match,True
sub-ccepAgeUMCU07,TOc25,L,G_occipital_sup,UNK,unseen_or_ambiguous_to_UNK,False
sub-ccepAgeUMCU07,TOc26,L,G_occipital_middle,UNK,unseen_or_ambiguous_to_UNK,False
sub-ccepAgeUMCU07,TOc27,L,G_occipital_middle,UNK,unseen_or_ambiguous_to_UNK,False
sub-ccepAgeUMCU07,TOc28,L,G_pariet_inf-Angular,UNK,unseen_or_ambiguous_to_UNK,False
sub-ccepAgeUMCU07,TOc29,L,G_pariet_inf-Angular,UNK,unseen_or_ambiguous_to_UNK,False
sub-ccepAgeUMCU07,TOc30,L,G_pariet_inf-Angular,UNK,unseen_or_ambiguous_to_UNK,False
sub-ccepAgeUMCU07,TOc31,L,G_pariet_inf-Angular,UNK,unseen_or_ambiguous_to_UNK,False
sub-ccepAgeUMCU07,TOc32,L,G_temp_sup-Plan_tempo,lh_G_temp_sup-Plan_tempo,unique_hemi_stem_match,True
sub-ccepAgeUMCU07,TOc33,L,G_occipital_sup,UNK,unseen_or_ambiguous_to_UNK,False
sub-ccepAgeUMCU07,TOc34,L,G_occipital_sup,UNK,unseen_or_ambiguous_to_UNK,False
sub-ccepAgeUMCU07,TOc35,L,G_pariet_inf-Angular,UNK,unseen_or_ambiguous_to_UNK,False
sub-ccepAgeUMCU07,TOc36,L,G_pariet_inf-Angular,UNK,unseen_or_ambiguous_to_UNK,False
sub-ccepAgeUMCU07,TOc37,L,G_pariet_inf-Angular,UNK,unseen_or_ambiguous_to_UNK,False
sub-ccepAgeUMCU07,TOc38,L,G_pariet_inf-Angular,UNK,unseen_or_ambiguous_to_UNK,False
sub-ccepAgeUMCU07,TOc39,L,G_pariet_inf-Supramar,lh_G_pariet_inf-Supramar,unique_hemi_stem_match,True
sub-ccepAgeUMCU07,TOc40,L,G_temp_sup-Plan_tempo,lh_G_temp_sup-Plan_tempo,unique_hemi_stem_match,True
sub-ccepAgeUMCU07,TOc41,L,G_parietal_sup,UNK,unseen_or_ambiguous_to_UNK,False
sub-ccepAgeUMCU07,TOc42,L,G_parietal_sup,UNK,unseen_or_ambiguous_to_UNK,False
sub-ccepAgeUMCU07,TOc43,L,G_pariet_inf-Angular,UNK,unseen_or_ambiguous_to_UNK,False
sub-ccepAgeUMCU07,TOc44,L,G_pariet_inf-Angular,UNK,unseen_or_ambiguous_to_UNK,False
sub-ccepAgeUMCU07,TOc45,L,G_pariet_inf-Angular,UNK,unseen_or_ambiguous_to_UNK,False
sub-ccepAgeUMCU07,TOc46,L,G_pariet_inf-Supramar,lh_G_pariet_inf-Supramar,unique_hemi_stem_match,True
sub-ccepAgeUMCU07,TOc47,L,G_pariet_inf-Supramar,lh_G_pariet_inf-Supramar,unique_hemi_stem_match,True
sub-ccepAgeUMCU07,TOc48,L,G_pariet_inf-Supramar,lh_G_pariet_inf-Supramar,unique_hemi_stem_match,True
sub-ccepAgeUMCU07,HOC49,L,G&S_cingul-Mid-Post,lh_G&S_cingul-Mid-Post,unique_hemi_stem_match,True
sub-ccepAgeUMCU07,HOC50,L,G_cingul-Post-dorsal,lh_G_cingul-Post-dorsal,unique_hemi_stem_match,True
sub-ccepAgeUMCU07,HOC51,L,G_precuneus,UNK,unseen_or_ambiguous_to_UNK,False
sub-ccepAgeUMCU07,HOC52,L,G_precuneus,UNK,unseen_or_ambiguous_to_UNK,False
sub-ccepAgeUMCU07,HOC53,L,G_precuneus,UNK,unseen_or_ambiguous_to_UNK,False
sub-ccepAgeUMCU07,HOC54,L,G_precuneus,UNK,unseen_or_ambiguous_to_UNK,False
sub-ccepAgeUMCU07,HOC55,L,G_precuneus,UNK,unseen_or_ambiguous_to_UNK,False
sub-ccepAgeUMCU07,HOC56,L,G_cuneus,UNK,unseen_or_ambiguous_to_UNK,False
sub-ccepAgeUMCU07,HOC57,L,G_front_sup,lh_G_front_sup,unique_hemi_stem_match,True
sub-ccepAgeUMCU07,HOC58,L,G_front_sup,lh_G_front_sup,unique_hemi_stem_match,True
sub-ccepAgeUMCU07,HOC59,L,G_precuneus,UNK,unseen_or_ambiguous_to_UNK,False
sub-ccepAgeUMCU07,HOC60,L,G_precuneus,UNK,unseen_or_ambiguous_to_UNK,False
sub-ccepAgeUMCU07,HOC61,L,G_precuneus,UNK,unseen_or_ambiguous_to_UNK,False
sub-ccepAgeUMCU07,HOC62,L,G_precuneus,UNK,unseen_or_ambiguous_to_UNK,False
sub-ccepAgeUMCU07,HOC63,L,G_cuneus,UNK,unseen_or_ambiguous_to_UNK,False
sub-ccepAgeUMCU07,HOC64,L,G_cuneus,UNK,unseen_or_ambiguous_to_UNK,False
sub-ccepAgeUMCU07,MKR1+,,,UNK,unseen_or_ambiguous_to_UNK,False
sub-ccepAgeUMCU07,LOc1,L,G_cingul-Post-dorsal,lh_G_cingul-Post-dorsal,unique_hemi_stem_match,True
sub-ccepAgeUMCU07,LOc2,L,G_cingul-Post-dorsal,lh_G_cingul-Post-dorsal,unique_hemi_stem_match,True
sub-ccepAgeUMCU07,LOc3,L,G_cingul-Post-dorsal,lh_G_cingul-Post-dorsal,unique_hemi_stem_match,True
sub-ccepAgeUMCU07,LOc4,L,G_precuneus,UNK,unseen_or_ambiguous_to_UNK,False
sub-ccepAgeUMCU07,LOc5,L,G_precuneus,UNK,unseen_or_ambiguous_to_UNK,False
sub-ccepAgeUMCU07,LOc6,L,G_cuneus,UNK,unseen_or_ambiguous_to_UNK,False
sub-ccepAgeUMCU07,LOc7,L,G_cuneus,UNK,unseen_or_ambiguous_to_UNK,False
sub-ccepAgeUMCU07,LOc8,L,S_calcarine,UNK,unseen_or_ambiguous_to_UNK,False
sub-ccepAgeUMCU07,sOc1,L,G_oc-temp_med-Lingual,UNK,unseen_or_ambiguous_to_UNK,False
sub-ccepAgeUMCU07,sOc2,L,G_oc-temp_med-Lingual,UNK,unseen_or_ambiguous_to_UNK,False
sub-ccepAgeUMCU07,sOc3,L,G&S_occipital_inf,UNK,unseen_or_ambiguous_to_UNK,False
sub-ccepAgeUMCU07,sOc4,L,G&S_occipital_inf,UNK,unseen_or_ambiguous_to_UNK,False
sub-ccepAgeUMCU07,sOc5,L,G_oc-temp_med-Lingual,UNK,unseen_or_ambiguous_to_UNK,False
sub-ccepAgeUMCU07,sOc6,L,G_oc-temp_med-Lingual,UNK,unseen_or_ambiguous_to_UNK,False
sub-ccepAgeUMCU07,sOc7,L,Pole_occipital,UNK,unseen_or_ambiguous_to_UNK,False
sub-ccepAgeUMCU07,sOc8,L,Pole_occipital,UNK,unseen_or_ambiguous_to_UNK,False
sub-ccepAgeUMCU07,sTa1,L,G_oc-temp_lat-fusifor,UNK,unseen_or_ambiguous_to_UNK,False
sub-ccepAgeUMCU07,sTa2,L,G_oc-temp_lat-fusifor,UNK,unseen_or_ambiguous_to_UNK,False
sub-ccepAgeUMCU07,sTa3,L,G_temporal_inf,lh_G_temporal_inf,unique_hemi_stem_match,True
sub-ccepAgeUMCU07,sTa4,L,G_temporal_inf,lh_G_temporal_inf,unique_hemi_stem_match,True
sub-ccepAgeUMCU07,sTa5,L,G_oc-temp_lat-fusifor,UNK,unseen_or_ambiguous_to_UNK,False
sub-ccepAgeUMCU07,sTa6,L,G_oc-temp_lat-fusifor,UNK,unseen_or_ambiguous_to_UNK,False
sub-ccepAgeUMCU07,sTa7,L,G_temporal_inf,lh_G_temporal_inf,unique_hemi_stem_match,True
sub-ccepAgeUMCU07,sTa8,L,S_temporal_inf,lh_S_temporal_inf,unique_hemi_stem_match,True
sub-ccepAgeUMCU07,AH+,,,UNK,unseen_or_ambiguous_to_UNK,False
sub-ccepAgeUMCU07,ECG+,,,UNK,unseen_or_ambiguous_to_UNK,False
sub-ccepAgeUMCU07,orb+,,,UNK,unseen_or_ambiguous_to_UNK,False
sub-ccepAgeUMCU07,EMG+,,,UNK,unseen_or_ambiguous_to_UNK,False
sub-ccepAgeUMCU07,R2+,,,UNK,unseen_or_ambiguous_to_UNK,False
sub-ccepAgeUMCU07,R3+,,,UNK,unseen_or_ambiguous_to_UNK,False
sub-ccepAgeUMCU07,R4+,,,UNK,unseen_or_ambiguous_to_UNK,False
sub-ccepAgeUMCU07,R5+,,,UNK,unseen_or_ambiguous_to_UNK,False
sub-ccepAgeUMCU07,sTv1,L,Pole_temporal,UNK,unseen_or_ambiguous_to_UNK,False
sub-ccepAgeUMCU07,sTv2,L,Pole_temporal,UNK,unseen_or_ambiguous_to_UNK,False
sub-ccepAgeUMCU07,sTv3,L,G_temporal_inf,lh_G_temporal_inf,unique_hemi_stem_match,True
sub-ccepAgeUMCU07,sTv4,L,G_temporal_inf,lh_G_temporal_inf,unique_hemi_stem_match,True
sub-ccepAgeUMCU07,sTv5,L,G_temporal_inf,lh_G_temporal_inf,unique_hemi_stem_match,True
sub-ccepAgeUMCU07,sTv6,L,G_temporal_inf,lh_G_temporal_inf,unique_hemi_stem_match,True
sub-ccepAgeUMCU07,sTv7,L,G_temporal_inf,lh_G_temporal_inf,unique_hemi_stem_match,True
sub-ccepAgeUMCU07,sTv8,L,G_temporal_inf,lh_G_temporal_inf,unique_hemi_stem_match,True
sub-ccepAgeUMCU07,vT1,L,G_oc-temp_med-Parahip,lh_G_oc-temp_med-Parahip,unique_hemi_stem_match,True
sub-ccepAgeUMCU07,vT2,L,G_oc-temp_med-Parahip,lh_G_oc-temp_med-Parahip,unique_hemi_stem_match,True
sub-ccepAgeUMCU07,vT3,L,G_oc-temp_med-Parahip,lh_G_oc-temp_med-Parahip,unique_hemi_stem_match,True
sub-ccepAgeUMCU07,vT4,L,Pole_temporal,UNK,unseen_or_ambiguous_to_UNK,False
sub-ccepAgeUMCU07,vT5,L,Pole_temporal,UNK,unseen_or_ambiguous_to_UNK,False
sub-ccepAgeUMCU07,vT6,L,Pole_temporal,UNK,unseen_or_ambiguous_to_UNK,False
sub-ccepAgeUMCU07,vT7,L,Pole_temporal,UNK,unseen_or_ambiguous_to_UNK,False
sub-ccepAgeUMCU07,vT8,L,G_temp_sup-Lateral,lh_G_temp_sup-Lateral,unique_hemi_stem_match,True
sub-ccepAgeUMCU07,T01,L,G_orbital,UNK,unseen_or_ambiguous_to_UNK,False
sub-ccepAgeUMCU07,T02,L,G_orbital,UNK,unseen_or_ambiguous_to_UNK,False
sub-ccepAgeUMCU07,T03,L,G_front_inf-Triangul,lh_G_front_inf-Triangul,unique_hemi_stem_match,True
sub-ccepAgeUMCU07,T04,L,G_front_inf-Triangul,lh_G_front_inf-Triangul,unique_hemi_stem_match,True
sub-ccepAgeUMCU07,T05,L,G_temp_sup-Lateral,lh_G_temp_sup-Lateral,unique_hemi_stem_match,True
sub-ccepAgeUMCU07,T06,L,G_temp_sup-Lateral,lh_G_temp_sup-Lateral,unique_hemi_stem_match,True
sub-ccepAgeUMCU07,T07,L,S_temporal_sup,lh_S_temporal_sup,unique_hemi_stem_match,True
sub-ccepAgeUMCU07,T08,L,G_temporal_middle,lh_G_temporal_middle,unique_hemi_stem_match,True
sub-ccepAgeUMCU07,X121,,,UNK,unseen_or_ambiguous_to_UNK,False
sub-ccepAgeUMCU07,X122,,,UNK,unseen_or_ambiguous_to_UNK,False
sub-ccepAgeUMCU07,X123,,,UNK,unseen_or_ambiguous_to_UNK,False
sub-ccepAgeUMCU07,X124,,,UNK,unseen_or_ambiguous_to_UNK,False
sub-ccepAgeUMCU07,X125,,,UNK,unseen_or_ambiguous_to_UNK,False
sub-ccepAgeUMCU07,X126,,,UNK,unseen_or_ambiguous_to_UNK,False
sub-ccepAgeUMCU07,X127,,,UNK,unseen_or_ambiguous_to_UNK,False
sub-ccepAgeUMCU07,X128,,,UNK,unseen_or_ambiguous_to_UNK,False
sub-ccepAgeUMCU07,MKR2+,,,UNK,unseen_or_ambiguous_to_UNK,False
sub-ccepAgeUMCU08,P01,R,G_parietal_sup,rh_G_parietal_sup,unique_hemi_stem_match,True
sub-ccepAgeUMCU08,P02,R,S_intrapariet&P_trans,rh_S_intrapariet&P_trans,unique_hemi_stem_match,True
sub-ccepAgeUMCU08,P03,R,G_pariet_inf-Angular,rh_G_pariet_inf-Angular,unique_hemi_stem_match,True
sub-ccepAgeUMCU08,P04,R,G_pariet_inf-Angular,rh_G_pariet_inf-Angular,unique_hemi_stem_match,True
sub-ccepAgeUMCU08,P05,R,G_pariet_inf-Angular,rh_G_pariet_inf-Angular,unique_hemi_stem_match,True
sub-ccepAgeUMCU08,P06,R,G_pariet_inf-Supramar,rh_G_pariet_inf-Supramar,unique_hemi_stem_match,True
sub-ccepAgeUMCU08,P07,R,G_pariet_inf-Supramar,rh_G_pariet_inf-Supramar,unique_hemi_stem_match,True
sub-ccepAgeUMCU08,P08,R,G_postcentral,rh_G_postcentral,unique_hemi_stem_match,True
sub-ccepAgeUMCU08,P09,R,G_cuneus,UNK,unseen_or_ambiguous_to_UNK,False
sub-ccepAgeUMCU08,P10,R,S_intrapariet&P_trans,rh_S_intrapariet&P_trans,unique_hemi_stem_match,True
sub-ccepAgeUMCU08,P11,R,G_pariet_inf-Angular,rh_G_pariet_inf-Angular,unique_hemi_stem_match,True
sub-ccepAgeUMCU08,P12,R,G_pariet_inf-Angular,rh_G_pariet_inf-Angular,unique_hemi_stem_match,True
sub-ccepAgeUMCU08,P13,R,G_pariet_inf-Angular,rh_G_pariet_inf-Angular,unique_hemi_stem_match,True
sub-ccepAgeUMCU08,P14,R,G_pariet_inf-Supramar,rh_G_pariet_inf-Supramar,unique_hemi_stem_match,True
sub-ccepAgeUMCU08,P15,R,G_temp_sup-Plan_tempo,rh_G_temp_sup-Plan_tempo,unique_hemi_stem_match,True
sub-ccepAgeUMCU08,P16,R,G_pariet_inf-Supramar,rh_G_pariet_inf-Supramar,unique_hemi_stem_match,True
sub-ccepAgeUMCU08,P17,R,G_cuneus,UNK,unseen_or_ambiguous_to_UNK,False
sub-ccepAgeUMCU08,P18,R,G_occipital_sup,UNK,unseen_or_ambiguous_to_UNK,False
sub-ccepAgeUMCU08,P19,R,G_occipital_middle,rh_G_occipital_middle,unique_hemi_stem_match,True
sub-ccepAgeUMCU08,P20,R,G_pariet_inf-Angular,rh_G_pariet_inf-Angular,unique_hemi_stem_match,True
sub-ccepAgeUMCU08,P21,R,G_pariet_inf-Angular,rh_G_pariet_inf-Angular,unique_hemi_stem_match,True
sub-ccepAgeUMCU08,P22,R,G_pariet_inf-Supramar,rh_G_pariet_inf-Supramar,unique_hemi_stem_match,True
sub-ccepAgeUMCU08,P23,R,G_pariet_inf-Supramar,rh_G_pariet_inf-Supramar,unique_hemi_stem_match,True
sub-ccepAgeUMCU08,P24,R,G_pariet_inf-Supramar,rh_G_pariet_inf-Supramar,unique_hemi_stem_match,True
sub-ccepAgeUMCU08,P25,R,G_occipital_sup,UNK,unseen_or_ambiguous_to_UNK,False
sub-ccepAgeUMCU08,P26,R,G_occipital_middle,rh_G_occipital_middle,unique_hemi_stem_match,True
sub-ccepAgeUMCU08,P27,R,G_occipital_middle,rh_G_occipital_middle,unique_hemi_stem_match,True
sub-ccepAgeUMCU08,P28,R,G_occipital_middle,rh_G_occipital_middle,unique_hemi_stem_match,True
sub-ccepAgeUMCU08,P29,R,G_pariet_inf-Angular,rh_G_pariet_inf-Angular,unique_hemi_stem_match,True
sub-ccepAgeUMCU08,P30,R,S_temporal_sup,rh_S_temporal_sup,unique_hemi_stem_match,True
sub-ccepAgeUMCU08,P31,R,G_pariet_inf-Angular,rh_G_pariet_inf-Angular,unique_hemi_stem_match,True
sub-ccepAgeUMCU08,P32,R,G_temp_sup-Lateral,rh_G_temp_sup-Lateral,unique_hemi_stem_match,True
sub-ccepAgeUMCU08,P33,R,Pole_occipital,UNK,unseen_or_ambiguous_to_UNK,False
sub-ccepAgeUMCU08,P34,R,Pole_occipital,UNK,unseen_or_ambiguous_to_UNK,False
sub-ccepAgeUMCU08,P35,R,G_occipital_middle,rh_G_occipital_middle,unique_hemi_stem_match,True
sub-ccepAgeUMCU08,P36,R,G_occipital_middle,rh_G_occipital_middle,unique_hemi_stem_match,True
sub-ccepAgeUMCU08,P37,R,G_occipital_middle,rh_G_occipital_middle,unique_hemi_stem_match,True
sub-ccepAgeUMCU08,P38,R,G_temporal_middle,rh_G_temporal_middle,unique_hemi_stem_match,True
sub-ccepAgeUMCU08,P39,R,G_pariet_inf-Angular,rh_G_pariet_inf-Angular,unique_hemi_stem_match,True
sub-ccepAgeUMCU08,P40,R,G_temporal_middle,rh_G_temporal_middle,unique_hemi_stem_match,True
sub-ccepAgeUMCU08,P41,R,Pole_occipital,UNK,unseen_or_ambiguous_to_UNK,False
sub-ccepAgeUMCU08,P42,R,Pole_occipital,UNK,unseen_or_ambiguous_to_UNK,False
sub-ccepAgeUMCU08,P43,R,G_occipital_middle,rh_G_occipital_middle,unique_hemi_stem_match,True
sub-ccepAgeUMCU08,P44,R,G_occipital_middle,rh_G_occipital_middle,unique_hemi_stem_match,True
sub-ccepAgeUMCU08,P45,R,G&S_occipital_inf,rh_G&S_occipital_inf,unique_hemi_stem_match,True
sub-ccepAgeUMCU08,P46,R,G_temporal_middle,rh_G_temporal_middle,unique_hemi_stem_match,True
sub-ccepAgeUMCU08,P47,R,G_temporal_middle,rh_G_temporal_middle,unique_hemi_stem_match,True
sub-ccepAgeUMCU08,P48,R,G_temporal_middle,rh_G_temporal_middle,unique_hemi_stem_match,True
sub-ccepAgeUMCU08,OT01,R,Pole_occipital,UNK,unseen_or_ambiguous_to_UNK,False
sub-ccepAgeUMCU08,OT02,R,G_occipital_middle,rh_G_occipital_middle,unique_hemi_stem_match,True
sub-ccepAgeUMCU08,OT03,R,G&S_occipital_inf,rh_G&S_occipital_inf,unique_hemi_stem_match,True
sub-ccepAgeUMCU08,OT04,R,G&S_occipital_inf,rh_G&S_occipital_inf,unique_hemi_stem_match,True
sub-ccepAgeUMCU08,OT05,R,G_temporal_inf,rh_G_temporal_inf,unique_hemi_stem_match,True
sub-ccepAgeUMCU08,OT06,R,G_temporal_middle,rh_G_temporal_middle,unique_hemi_stem_match,True
sub-ccepAgeUMCU08,OT07,R,G_temporal_middle,rh_G_temporal_middle,unique_hemi_stem_match,True
sub-ccepAgeUMCU08,OT08,R,G_temporal_middle,rh_G_temporal_middle,unique_hemi_stem_match,True
sub-ccepAgeUMCU08,OT09,R,Pole_occipital,UNK,unseen_or_ambiguous_to_UNK,False
sub-ccepAgeUMCU08,OT10,R,Pole_occipital,UNK,unseen_or_ambiguous_to_UNK,False
sub-ccepAgeUMCU08,OT11,R,G&S_occipital_inf,rh_G&S_occipital_inf,unique_hemi_stem_match,True
sub-ccepAgeUMCU08,OT12,R,G&S_occipital_inf,rh_G&S_occipital_inf,unique_hemi_stem_match,True
sub-ccepAgeUMCU08,OT13,R,G_temporal_inf,rh_G_temporal_inf,unique_hemi_stem_match,True
sub-ccepAgeUMCU08,OT14,R,G_temporal_inf,rh_G_temporal_inf,unique_hemi_stem_match,True
sub-ccepAgeUMCU08,OT15,R,G_temporal_inf,rh_G_temporal_inf,unique_hemi_stem_match,True
sub-ccepAgeUMCU08,OT16,R,G_temporal_middle,rh_G_temporal_middle,unique_hemi_stem_match,True
sub-ccepAgeUMCU08,el65,,,UNK,unseen_or_ambiguous_to_UNK,False
sub-ccepAgeUMCU08,el66,,,UNK,unseen_or_ambiguous_to_UNK,False
sub-ccepAgeUMCU08,Db1,R,S_temporal_sup,rh_S_temporal_sup,unique_hemi_stem_match,True
sub-ccepAgeUMCU08,Db2,R,S_temporal_sup,rh_S_temporal_sup,unique_hemi_stem_match,True
sub-ccepAgeUMCU08,Db3,R,S_temporal_sup,rh_S_temporal_sup,unique_hemi_stem_match,True
sub-ccepAgeUMCU08,Db4,R,S_occipital_ant,UNK,unseen_or_ambiguous_to_UNK,False
sub-ccepAgeUMCU08,Db5,R,S_occipital_ant,UNK,unseen_or_ambiguous_to_UNK,False
sub-ccepAgeUMCU08,Db6,R,S_temporal_sup,rh_S_temporal_sup,unique_hemi_stem_match,True
sub-ccepAgeUMCU08,el73,,,UNK,unseen_or_ambiguous_to_UNK,False
sub-ccepAgeUMCU08,el74,,,UNK,unseen_or_ambiguous_to_UNK,False
sub-ccepAgeUMCU08,Do1,R,S_temporal_sup,rh_S_temporal_sup,unique_hemi_stem_match,True
sub-ccepAgeUMCU08,Do2,R,S_temporal_sup,rh_S_temporal_sup,unique_hemi_stem_match,True
sub-ccepAgeUMCU08,Do3,R,S_temporal_sup,rh_S_temporal_sup,unique_hemi_stem_match,True
sub-ccepAgeUMCU08,Do4,R,S_occipital_ant,UNK,unseen_or_ambiguous_to_UNK,False
sub-ccepAgeUMCU08,Do5,R,S_occipital_ant,UNK,unseen_or_ambiguous_to_UNK,False
sub-ccepAgeUMCU08,Do6,R,S_occipital_ant,UNK,unseen_or_ambiguous_to_UNK,False
sub-ccepAgeUMCU08,z9,,,UNK,unseen_or_ambiguous_to_UNK,False
sub-ccepAgeUMCU08,z10,,,UNK,unseen_or_ambiguous_to_UNK,False
sub-ccepAgeUMCU08,z11,,,UNK,unseen_or_ambiguous_to_UNK,False
sub-ccepAgeUMCU08,z12,,,UNK,unseen_or_ambiguous_to_UNK,False
sub-ccepAgeUMCU08,z13,,,UNK,unseen_or_ambiguous_to_UNK,False
sub-ccepAgeUMCU08,z14,,,UNK,unseen_or_ambiguous_to_UNK,False
sub-ccepAgeUMCU08,z15,,,UNK,unseen_or_ambiguous_to_UNK,False
sub-ccepAgeUMCU08,z16,,,UNK,unseen_or_ambiguous_to_UNK,False
sub-ccepAgeUMCU08,z17,,,UNK,unseen_or_ambiguous_to_UNK,False
sub-ccepAgeUMCU08,z18,,,UNK,unseen_or_ambiguous_to_UNK,False
sub-ccepAgeUMCU08,z19,,,UNK,unseen_or_ambiguous_to_UNK,False
sub-ccepAgeUMCU08,z20,,,UNK,unseen_or_ambiguous_to_UNK,False
sub-ccepAgeUMCU08,z21,,,UNK,unseen_or_ambiguous_to_UNK,False
sub-ccepAgeUMCU08,z22,,,UNK,unseen_or_ambiguous_to_UNK,False
sub-ccepAgeUMCU08,z23,,,UNK,unseen_or_ambiguous_to_UNK,False
sub-ccepAgeUMCU08,z24,,,UNK,unseen_or_ambiguous_to_UNK,False
sub-ccepAgeUMCU08,z25,,,UNK,unseen_or_ambiguous_to_UNK,False
sub-ccepAgeUMCU08,z26,,,UNK,unseen_or_ambiguous_to_UNK,False
sub-ccepAgeUMCU08,z27,,,UNK,unseen_or_ambiguous_to_UNK,False
sub-ccepAgeUMCU08,z28,,,UNK,unseen_or_ambiguous_to_UNK,False
sub-ccepAgeUMCU08,z29,,,UNK,unseen_or_ambiguous_to_UNK,False
sub-ccepAgeUMCU08,z30,,,UNK,unseen_or_ambiguous_to_UNK,False
sub-ccepAgeUMCU08,z31,,,UNK,unseen_or_ambiguous_to_UNK,False
sub-ccepAgeUMCU08,z32,,,UNK,unseen_or_ambiguous_to_UNK,False
sub-ccepAgeUMCU08,z33,,,UNK,unseen_or_ambiguous_to_UNK,False
sub-ccepAgeUMCU08,z34,,,UNK,unseen_or_ambiguous_to_UNK,False
sub-ccepAgeUMCU08,z35,,,UNK,unseen_or_ambiguous_to_UNK,False
sub-ccepAgeUMCU08,z36,,,UNK,unseen_or_ambiguous_to_UNK,False
sub-ccepAgeUMCU08,z37,,,UNK,unseen_or_ambiguous_to_UNK,False
sub-ccepAgeUMCU08,z38,,,UNK,unseen_or_ambiguous_to_UNK,False
sub-ccepAgeUMCU08,z39,,,UNK,unseen_or_ambiguous_to_UNK,False
sub-ccepAgeUMCU08,z40,,,UNK,unseen_or_ambiguous_to_UNK,False
sub-ccepAgeUMCU08,x33,,,UNK,unseen_or_ambiguous_to_UNK,False
sub-ccepAgeUMCU08,x34,,,UNK,unseen_or_ambiguous_to_UNK,False
sub-ccepAgeUMCU08,x35,,,UNK,unseen_or_ambiguous_to_UNK,False
sub-ccepAgeUMCU08,x36,,,UNK,unseen_or_ambiguous_to_UNK,False
sub-ccepAgeUMCU08,x37,,,UNK,unseen_or_ambiguous_to_UNK,False
sub-ccepAgeUMCU08,x38,,,UNK,unseen_or_ambiguous_to_UNK,False
sub-ccepAgeUMCU08,x39,,,UNK,unseen_or_ambiguous_to_UNK,False
sub-ccepAgeUMCU08,x40,,,UNK,unseen_or_ambiguous_to_UNK,False
sub-ccepAgeUMCU08,p121+,,,UNK,unseen_or_ambiguous_to_UNK,False
sub-ccepAgeUMCU08,p122+,,,UNK,unseen_or_ambiguous_to_UNK,False
sub-ccepAgeUMCU08,p123+,,,UNK,unseen_or_ambiguous_to_UNK,False
sub-ccepAgeUMCU08,emg2+,,,UNK,unseen_or_ambiguous_to_UNK,False
sub-ccepAgeUMCU08,emg1+,,,UNK,unseen_or_ambiguous_to_UNK,False
sub-ccepAgeUMCU08,orb+,,,UNK,unseen_or_ambiguous_to_UNK,False
sub-ccepAgeUMCU08,ECG+,,,UNK,unseen_or_ambiguous_to_UNK,False
sub-ccepAgeUMCU08,AH+,,,UNK,unseen_or_ambiguous_to_UNK,False
sub-ccepAgeUMCU09,C17,L,G_precentral,lh_G_precentral,unique_hemi_stem_match,True
sub-ccepAgeUMCU09,C18,L,G_precentral,lh_G_precentral,unique_hemi_stem_match,True
sub-ccepAgeUMCU09,C19,L,G_postcentral,lh_G_postcentral,unique_hemi_stem_match,True
sub-ccepAgeUMCU09,C20,L,G_postcentral,lh_G_postcentral,unique_hemi_stem_match,True
sub-ccepAgeUMCU09,C21,L,G_parietal_sup,UNK,unseen_or_ambiguous_to_UNK,False
sub-ccepAgeUMCU09,C22,L,G_parietal_sup,UNK,unseen_or_ambiguous_to_UNK,False
sub-ccepAgeUMCU09,C23,L,G_parietal_sup,UNK,unseen_or_ambiguous_to_UNK,False
sub-ccepAgeUMCU09,C24,L,G_precuneus,UNK,unseen_or_ambiguous_to_UNK,False
sub-ccepAgeUMCU09,C25,L,G_postcentral,lh_G_postcentral,unique_hemi_stem_match,True
sub-ccepAgeUMCU09,C26,L,G_postcentral,lh_G_postcentral,unique_hemi_stem_match,True
sub-ccepAgeUMCU09,C27,L,G_postcentral,lh_G_postcentral,unique_hemi_stem_match,True
sub-ccepAgeUMCU09,C28,L,G_postcentral,lh_G_postcentral,unique_hemi_stem_match,True
sub-ccepAgeUMCU09,C29,L,G_parietal_sup,UNK,unseen_or_ambiguous_to_UNK,False
sub-ccepAgeUMCU09,C30,L,G_parietal_sup,UNK,unseen_or_ambiguous_to_UNK,False
sub-ccepAgeUMCU09,C31,L,G_parietal_sup,UNK,unseen_or_ambiguous_to_UNK,False
sub-ccepAgeUMCU09,C32,L,G_parietal_sup,UNK,unseen_or_ambiguous_to_UNK,False
sub-ccepAgeUMCU09,P33,L,G_occipital_middle,UNK,unseen_or_ambiguous_to_UNK,False
sub-ccepAgeUMCU09,P34,L,G_occipital_middle,UNK,unseen_or_ambiguous_to_UNK,False
sub-ccepAgeUMCU09,P35,L,G_occipital_middle,UNK,unseen_or_ambiguous_to_UNK,False
sub-ccepAgeUMCU09,P36,L,G_occipital_middle,UNK,unseen_or_ambiguous_to_UNK,False
sub-ccepAgeUMCU09,P37,L,S_temporal_sup,lh_S_temporal_sup,unique_hemi_stem_match,True
sub-ccepAgeUMCU09,P38,L,G_temporal_middle,lh_G_temporal_middle,unique_hemi_stem_match,True
sub-ccepAgeUMCU09,P39,L,G_pariet_inf-Supramar,lh_G_pariet_inf-Supramar,unique_hemi_stem_match,True
sub-ccepAgeUMCU09,P40,L,G_temp_sup-Lateral,lh_G_temp_sup-Lateral,unique_hemi_stem_match,True
sub-ccepAgeUMCU09,P41,L,G_occipital_sup,UNK,unseen_or_ambiguous_to_UNK,False
sub-ccepAgeUMCU09,P42,L,G_occipital_middle,UNK,unseen_or_ambiguous_to_UNK,False
sub-ccepAgeUMCU09,P43,L,G_occipital_middle,UNK,unseen_or_ambiguous_to_UNK,False
sub-ccepAgeUMCU09,P44,L,G_pariet_inf-Angular,UNK,unseen_or_ambiguous_to_UNK,False
sub-ccepAgeUMCU09,P45,L,G_pariet_inf-Angular,UNK,unseen_or_ambiguous_to_UNK,False
sub-ccepAgeUMCU09,P46,L,G_pariet_inf-Angular,UNK,unseen_or_ambiguous_to_UNK,False
sub-ccepAgeUMCU09,P47,L,G_pariet_inf-Supramar,lh_G_pariet_inf-Supramar,unique_hemi_stem_match,True
sub-ccepAgeUMCU09,P48,L,G_temp_sup-Plan_tempo,lh_G_temp_sup-Plan_tempo,unique_hemi_stem_match,True
sub-ccepAgeUMCU09,P49,L,G_occipital_sup,UNK,unseen_or_ambiguous_to_UNK,False
sub-ccepAgeUMCU09,P50,L,G_pariet_inf-Angular,UNK,unseen_or_ambiguous_to_UNK,False
sub-ccepAgeUMCU09,P51,L,G_pariet_inf-Angular,UNK,unseen_or_ambiguous_to_UNK,False
sub-ccepAgeUMCU09,P52,L,G_pariet_inf-Angular,UNK,unseen_or_ambiguous_to_UNK,False
sub-ccepAgeUMCU09,P53,L,G_pariet_inf-Angular,UNK,unseen_or_ambiguous_to_UNK,False
sub-ccepAgeUMCU09,P54,L,G_pariet_inf-Angular,UNK,unseen_or_ambiguous_to_UNK,False
sub-ccepAgeUMCU09,P55,L,G_pariet_inf-Supramar,lh_G_pariet_inf-Supramar,unique_hemi_stem_match,True
sub-ccepAgeUMCU09,P56,L,G_pariet_inf-Supramar,lh_G_pariet_inf-Supramar,unique_hemi_stem_match,True
sub-ccepAgeUMCU09,P57,L,G_occipital_sup,UNK,unseen_or_ambiguous_to_UNK,False
sub-ccepAgeUMCU09,P58,L,G_pariet_inf-Angular,UNK,unseen_or_ambiguous_to_UNK,False
sub-ccepAgeUMCU09,P59,L,G_pariet_inf-Angular,UNK,unseen_or_ambiguous_to_UNK,False
sub-ccepAgeUMCU09,P60,L,G_pariet_inf-Angular,UNK,unseen_or_ambiguous_to_UNK,False
sub-ccepAgeUMCU09,P61,L,G_pariet_inf-Angular,UNK,unseen_or_ambiguous_to_UNK,False
sub-ccepAgeUMCU09,P62,L,G_pariet_inf-Angular,UNK,unseen_or_ambiguous_to_UNK,False
sub-ccepAgeUMCU09,P63,L,G_pariet_inf-Supramar,lh_G_pariet_inf-Supramar,unique_hemi_stem_match,True
sub-ccepAgeUMCU09,P64,L,G_pariet_inf-Supramar,lh_G_pariet_inf-Supramar,unique_hemi_stem_match,True
sub-ccepAgeUMCU09,MKR1+,,,UNK,unseen_or_ambiguous_to_UNK,False
sub-ccepAgeUMCU09,Oc01,L,Pole_occipital,UNK,unseen_or_ambiguous_to_UNK,False
sub-ccepAgeUMCU09,Oc02,L,Pole_occipital,UNK,unseen_or_ambiguous_to_UNK,False
sub-ccepAgeUMCU09,Oc03,L,G_occipital_middle,UNK,unseen_or_ambiguous_to_UNK,False
sub-ccepAgeUMCU09,Oc04,L,G_occipital_middle,UNK,unseen_or_ambiguous_to_UNK,False
sub-ccepAgeUMCU09,Oc05,L,G_occipital_middle,UNK,unseen_or_ambiguous_to_UNK,False
sub-ccepAgeUMCU09,Oc06,L,G_occipital_middle,UNK,unseen_or_ambiguous_to_UNK,False
sub-ccepAgeUMCU09,Oc07,L,G_temporal_middle,lh_G_temporal_middle,unique_hemi_stem_match,True
sub-ccepAgeUMCU09,Oc08,L,G_temporal_middle,lh_G_temporal_middle,unique_hemi_stem_match,True
sub-ccepAgeUMCU09,Oc09,L,Pole_occipital,UNK,unseen_or_ambiguous_to_UNK,False
sub-ccepAgeUMCU09,Oc10,L,Pole_occipital,UNK,unseen_or_ambiguous_to_UNK,False
sub-ccepAgeUMCU09,Oc11,L,G_occipital_middle,UNK,unseen_or_ambiguous_to_UNK,False
sub-ccepAgeUMCU09,Oc12,L,G_occipital_middle,UNK,unseen_or_ambiguous_to_UNK,False
sub-ccepAgeUMCU09,Oc13,L,G_occipital_middle,UNK,unseen_or_ambiguous_to_UNK,False
sub-ccepAgeUMCU09,Oc14,L,G_occipital_middle,UNK,unseen_or_ambiguous_to_UNK,False
sub-ccepAgeUMCU09,Oc15,L,G_temporal_middle,lh_G_temporal_middle,unique_hemi_stem_match,True
sub-ccepAgeUMCU09,Oc16,L,G_temporal_middle,lh_G_temporal_middle,unique_hemi_stem_match,True
sub-ccepAgeUMCU09,x1,,,UNK,unseen_or_ambiguous_to_UNK,False
sub-ccepAgeUMCU09,x2,,,UNK,unseen_or_ambiguous_to_UNK,False
sub-ccepAgeUMCU09,D1,L,S_calcarine,UNK,unseen_or_ambiguous_to_UNK,False
sub-ccepAgeUMCU09,D2,L,S_parieto_occipital,UNK,unseen_or_ambiguous_to_UNK,False
sub-ccepAgeUMCU09,D3,L,S_parieto_occipital,UNK,unseen_or_ambiguous_to_UNK,False
sub-ccepAgeUMCU09,D4,L,S_calcarine,UNK,unseen_or_ambiguous_to_UNK,False
sub-ccepAgeUMCU09,D5,L,S_calcarine,UNK,unseen_or_ambiguous_to_UNK,False
sub-ccepAgeUMCU09,D6,L,S_oc_sup&transversal,UNK,unseen_or_ambiguous_to_UNK,False
sub-ccepAgeUMCU09,AH+,,,UNK,unseen_or_ambiguous_to_UNK,False
sub-ccepAgeUMCU09,ECG+,,,UNK,unseen_or_ambiguous_to_UNK,False
sub-ccepAgeUMCU09,ORB+,,,UNK,unseen_or_ambiguous_to_UNK,False
sub-ccepAgeUMCU09,EMG+,,,UNK,unseen_or_ambiguous_to_UNK,False
sub-ccepAgeUMCU09,p11+,,,UNK,unseen_or_ambiguous_to_UNK,False
sub-ccepAgeUMCU09,p12+,,,UNK,unseen_or_ambiguous_to_UNK,False
sub-ccepAgeUMCU09,el95,,,UNK,unseen_or_ambiguous_to_UNK,False
sub-ccepAgeUMCU09,el96,,,UNK,unseen_or_ambiguous_to_UNK,False
sub-ccepAgeUMCU09,T01,L,G_temp_sup-Lateral,lh_G_temp_sup-Lateral,unique_hemi_stem_match,True
sub-ccepAgeUMCU09,T02,L,G_temp_sup-Lateral,lh_G_temp_sup-Lateral,unique_hemi_stem_match,True
sub-ccepAgeUMCU09,T03,L,G_temp_sup-Lateral,lh_G_temp_sup-Lateral,unique_hemi_stem_match,True
sub-ccepAgeUMCU09,T04,L,G_temp_sup-Lateral,lh_G_temp_sup-Lateral,unique_hemi_stem_match,True
sub-ccepAgeUMCU09,T05,L,G_temp_sup-Lateral,lh_G_temp_sup-Lateral,unique_hemi_stem_match,True
sub-ccepAgeUMCU09,T06,L,G_temp_sup-Lateral,lh_G_temp_sup-Lateral,unique_hemi_stem_match,True
sub-ccepAgeUMCU09,T07,L,G_temporal_middle,lh_G_temporal_middle,unique_hemi_stem_match,True
sub-ccepAgeUMCU09,T08,L,G_temporal_middle,lh_G_temporal_middle,unique_hemi_stem_match,True
sub-ccepAgeUMCU09,T09,L,G_temp_sup-Lateral,lh_G_temp_sup-Lateral,unique_hemi_stem_match,True
sub-ccepAgeUMCU09,T10,L,G_temporal_middle,lh_G_temporal_middle,unique_hemi_stem_match,True
sub-ccepAgeUMCU09,T11,L,G_temporal_middle,lh_G_temporal_middle,unique_hemi_stem_match,True
sub-ccepAgeUMCU09,T12,L,G_temporal_middle,lh_G_temporal_middle,unique_hemi_stem_match,True
sub-ccepAgeUMCU09,T13,L,G_temporal_middle,lh_G_temporal_middle,unique_hemi_stem_match,True
sub-ccepAgeUMCU09,T14,L,G_temporal_middle,lh_G_temporal_middle,unique_hemi_stem_match,True
sub-ccepAgeUMCU09,T15,L,G_temporal_middle,lh_G_temporal_middle,unique_hemi_stem_match,True
sub-ccepAgeUMCU09,T16,L,G_temporal_inf,lh_G_temporal_inf,unique_hemi_stem_match,True
sub-ccepAgeUMCU09,F01,L,G_front_middle,lh_G_front_middle,unique_hemi_stem_match,True
sub-ccepAgeUMCU09,F02,L,G_front_middle,lh_G_front_middle,unique_hemi_stem_match,True
sub-ccepAgeUMCU09,F03,L,G_front_middle,lh_G_front_middle,unique_hemi_stem_match,True
sub-ccepAgeUMCU09,F04,L,G_front_inf-Opercular,UNK,unseen_or_ambiguous_to_UNK,False
sub-ccepAgeUMCU09,F05,L,G_precentral,lh_G_precentral,unique_hemi_stem_match,True
sub-ccepAgeUMCU09,F06,L,G_precentral,lh_G_precentral,unique_hemi_stem_match,True
sub-ccepAgeUMCU09,F07,L,G_precentral,lh_G_precentral,unique_hemi_stem_match,True
sub-ccepAgeUMCU09,F08,L,G_postcentral,lh_G_postcentral,unique_hemi_stem_match,True
sub-ccepAgeUMCU09,F09,L,G_front_inf-Triangul,lh_G_front_inf-Triangul,unique_hemi_stem_match,True
sub-ccepAgeUMCU09,F10,L,G_front_inf-Triangul,lh_G_front_inf-Triangul,unique_hemi_stem_match,True
sub-ccepAgeUMCU09,F11,L,G_front_inf-Opercular,UNK,unseen_or_ambiguous_to_UNK,False
sub-ccepAgeUMCU09,F12,L,G_precentral,lh_G_precentral,unique_hemi_stem_match,True
sub-ccepAgeUMCU09,F13,L,G_precentral,lh_G_precentral,unique_hemi_stem_match,True
sub-ccepAgeUMCU09,F14,L,G_postcentral,lh_G_postcentral,unique_hemi_stem_match,True
sub-ccepAgeUMCU09,F15,L,G_postcentral,lh_G_postcentral,unique_hemi_stem_match,True
sub-ccepAgeUMCU09,F16,L,S_postcentral,lh_S_postcentral,unique_hemi_stem_match,True
sub-ccepAgeUMCU09,MKR2+,,,UNK,unseen_or_ambiguous_to_UNK,False
sub-ccepAgeUMCU10,T01,L,G_occipital_middle,UNK,unseen_or_ambiguous_to_UNK,False
sub-ccepAgeUMCU10,T02,L,G_occipital_middle,UNK,unseen_or_ambiguous_to_UNK,False
sub-ccepAgeUMCU10,T03,L,G_temporal_middle,lh_G_temporal_middle,unique_hemi_stem_match,True
sub-ccepAgeUMCU10,T04,L,G_temporal_middle,lh_G_temporal_middle,unique_hemi_stem_match,True
sub-ccepAgeUMCU10,T05,L,G_temporal_middle,lh_G_temporal_middle,unique_hemi_stem_match,True
sub-ccepAgeUMCU10,T06,L,G_temporal_middle,lh_G_temporal_middle,unique_hemi_stem_match,True
sub-ccepAgeUMCU10,T07,L,G_temporal_middle,lh_G_temporal_middle,unique_hemi_stem_match,True
sub-ccepAgeUMCU10,T08,L,G_temporal_middle,lh_G_temporal_middle,unique_hemi_stem_match,True
sub-ccepAgeUMCU10,T09,L,G_occipital_middle,UNK,unseen_or_ambiguous_to_UNK,False
sub-ccepAgeUMCU10,T10,L,G_temporal_middle,lh_G_temporal_middle,unique_hemi_stem_match,True
sub-ccepAgeUMCU10,T11,L,G_temporal_middle,lh_G_temporal_middle,unique_hemi_stem_match,True
sub-ccepAgeUMCU10,T12,L,G_temporal_middle,lh_G_temporal_middle,unique_hemi_stem_match,True
sub-ccepAgeUMCU10,T13,L,G_temp_sup-Lateral,lh_G_temp_sup-Lateral,unique_hemi_stem_match,True
sub-ccepAgeUMCU10,T14,L,G_temp_sup-Lateral,lh_G_temp_sup-Lateral,unique_hemi_stem_match,True
sub-ccepAgeUMCU10,T15,L,G_temp_sup-Lateral,lh_G_temp_sup-Lateral,unique_hemi_stem_match,True
sub-ccepAgeUMCU10,T16,L,G_temporal_middle,lh_G_temporal_middle,unique_hemi_stem_match,True
sub-ccepAgeUMCU10,T17,L,G_occipital_middle,UNK,unseen_or_ambiguous_to_UNK,False
sub-ccepAgeUMCU10,T18,L,G_occipital_middle,UNK,unseen_or_ambiguous_to_UNK,False
sub-ccepAgeUMCU10,T19,L,G_temporal_middle,lh_G_temporal_middle,unique_hemi_stem_match,True
sub-ccepAgeUMCU10,T20,L,G_pariet_inf-Supramar,lh_G_pariet_inf-Supramar,unique_hemi_stem_match,True
sub-ccepAgeUMCU10,T21,L,G_temp_sup-Plan_tempo,lh_G_temp_sup-Plan_tempo,unique_hemi_stem_match,True
sub-ccepAgeUMCU10,T22,L,G_pariet_inf-Supramar,lh_G_pariet_inf-Supramar,unique_hemi_stem_match,True
sub-ccepAgeUMCU10,T23,L,G_pariet_inf-Supramar,lh_G_pariet_inf-Supramar,unique_hemi_stem_match,True
sub-ccepAgeUMCU10,T24,L,G_pariet_inf-Supramar,lh_G_pariet_inf-Supramar,unique_hemi_stem_match,True
sub-ccepAgeUMCU10,T25,L,G_occipital_middle,UNK,unseen_or_ambiguous_to_UNK,False
sub-ccepAgeUMCU10,T26,L,G_pariet_inf-Angular,UNK,unseen_or_ambiguous_to_UNK,False
sub-ccepAgeUMCU10,T27,L,S_temporal_sup,lh_S_temporal_sup,unique_hemi_stem_match,True
sub-ccepAgeUMCU10,T28,L,G_pariet_inf-Angular,UNK,unseen_or_ambiguous_to_UNK,False
sub-ccepAgeUMCU10,T29,L,G_pariet_inf-Supramar,lh_G_pariet_inf-Supramar,unique_hemi_stem_match,True
sub-ccepAgeUMCU10,T30,L,G_temp_sup-Plan_tempo,lh_G_temp_sup-Plan_tempo,unique_hemi_stem_match,True
sub-ccepAgeUMCU10,T31,L,G_pariet_inf-Supramar,lh_G_pariet_inf-Supramar,unique_hemi_stem_match,True
sub-ccepAgeUMCU10,T32,L,G&S_subcentral,UNK,unseen_or_ambiguous_to_UNK,False
sub-ccepAgeUMCU10,T33,L,G_pariet_inf-Angular,UNK,unseen_or_ambiguous_to_UNK,False
sub-ccepAgeUMCU10,T34,L,G_pariet_inf-Angular,UNK,unseen_or_ambiguous_to_UNK,False
sub-ccepAgeUMCU10,T35,L,G_pariet_inf-Angular,UNK,unseen_or_ambiguous_to_UNK,False
sub-ccepAgeUMCU10,T36,L,G_pariet_inf-Angular,UNK,unseen_or_ambiguous_to_UNK,False
sub-ccepAgeUMCU10,T37,L,G_pariet_inf-Supramar,lh_G_pariet_inf-Supramar,unique_hemi_stem_match,True
sub-ccepAgeUMCU10,T38,L,G_pariet_inf-Supramar,lh_G_pariet_inf-Supramar,unique_hemi_stem_match,True
sub-ccepAgeUMCU10,T39,L,G_pariet_inf-Supramar,lh_G_pariet_inf-Supramar,unique_hemi_stem_match,True
sub-ccepAgeUMCU10,T40,L,G_postcentral,lh_G_postcentral,unique_hemi_stem_match,True
sub-ccepAgeUMCU10,T41,L,G_pariet_inf-Angular,UNK,unseen_or_ambiguous_to_UNK,False
sub-ccepAgeUMCU10,T42,L,G_pariet_inf-Angular,UNK,unseen_or_ambiguous_to_UNK,False
sub-ccepAgeUMCU10,T43,L,G_pariet_inf-Angular,UNK,unseen_or_ambiguous_to_UNK,False
sub-ccepAgeUMCU10,T44,L,G_pariet_inf-Angular,UNK,unseen_or_ambiguous_to_UNK,False
sub-ccepAgeUMCU10,T45,L,G_pariet_inf-Supramar,lh_G_pariet_inf-Supramar,unique_hemi_stem_match,True
sub-ccepAgeUMCU10,T46,L,G_pariet_inf-Supramar,lh_G_pariet_inf-Supramar,unique_hemi_stem_match,True
sub-ccepAgeUMCU10,T47,L,S_postcentral,lh_S_postcentral,unique_hemi_stem_match,True
sub-ccepAgeUMCU10,T48,L,G_precentral,lh_G_precentral,unique_hemi_stem_match,True
sub-ccepAgeUMCU10,AT49,L,G_oc-temp_med-Parahip,lh_G_oc-temp_med-Parahip,unique_hemi_stem_match,True
sub-ccepAgeUMCU10,AT50,L,G_oc-temp_lat-fusifor,UNK,unseen_or_ambiguous_to_UNK,False
sub-ccepAgeUMCU10,AT51,L,G_oc-temp_lat-fusifor,UNK,unseen_or_ambiguous_to_UNK,False
sub-ccepAgeUMCU10,AT52,L,G_temporal_inf,lh_G_temporal_inf,unique_hemi_stem_match,True
sub-ccepAgeUMCU10,AT53,L,G_temporal_inf,lh_G_temporal_inf,unique_hemi_stem_match,True
sub-ccepAgeUMCU10,AT54,L,G_temporal_inf,lh_G_temporal_inf,unique_hemi_stem_match,True
sub-ccepAgeUMCU10,AT55,L,G_temporal_middle,lh_G_temporal_middle,unique_hemi_stem_match,True
sub-ccepAgeUMCU10,AT56,L,G_temp_sup-Lateral,lh_G_temp_sup-Lateral,unique_hemi_stem_match,True
sub-ccepAgeUMCU10,AT57,L,G_oc-temp_lat-fusifor,UNK,unseen_or_ambiguous_to_UNK,False
sub-ccepAgeUMCU10,AT58,L,G_oc-temp_lat-fusifor,UNK,unseen_or_ambiguous_to_UNK,False
sub-ccepAgeUMCU10,AT59,L,G_oc-temp_lat-fusifor,UNK,unseen_or_ambiguous_to_UNK,False
sub-ccepAgeUMCU10,AT60,L,G_oc-temp_lat-fusifor,UNK,unseen_or_ambiguous_to_UNK,False
sub-ccepAgeUMCU10,AT61,L,G_temporal_inf,lh_G_temporal_inf,unique_hemi_stem_match,True
sub-ccepAgeUMCU10,AT62,L,G_temporal_inf,lh_G_temporal_inf,unique_hemi_stem_match,True
sub-ccepAgeUMCU10,AT63,L,G_temporal_middle,lh_G_temporal_middle,unique_hemi_stem_match,True
sub-ccepAgeUMCU10,AT64,L,G_temp_sup-Lateral,lh_G_temp_sup-Lateral,unique_hemi_stem_match,True
sub-ccepAgeUMCU10,MKR1+,,,UNK,unseen_or_ambiguous_to_UNK,False
sub-ccepAgeUMCU10,F01,L,G_front_sup,lh_G_front_sup,unique_hemi_stem_match,True
sub-ccepAgeUMCU10,F02,L,G_front_sup,lh_G_front_sup,unique_hemi_stem_match,True
sub-ccepAgeUMCU10,F03,L,G_front_middle,lh_G_front_middle,unique_hemi_stem_match,True
sub-ccepAgeUMCU10,F04,L,G_front_middle,lh_G_front_middle,unique_hemi_stem_match,True
sub-ccepAgeUMCU10,F05,L,G_front_middle,lh_G_front_middle,unique_hemi_stem_match,True
sub-ccepAgeUMCU10,F06,L,G_precentral,lh_G_precentral,unique_hemi_stem_match,True
sub-ccepAgeUMCU10,F07,L,G_precentral,lh_G_precentral,unique_hemi_stem_match,True
sub-ccepAgeUMCU10,F08,L,G_precentral,lh_G_precentral,unique_hemi_stem_match,True
sub-ccepAgeUMCU10,F09,L,G_front_sup,lh_G_front_sup,unique_hemi_stem_match,True
sub-ccepAgeUMCU10,F10,L,G_front_sup,lh_G_front_sup,unique_hemi_stem_match,True
sub-ccepAgeUMCU10,F11,L,G_front_middle,lh_G_front_middle,unique_hemi_stem_match,True
sub-ccepAgeUMCU10,F12,L,G_front_middle,lh_G_front_middle,unique_hemi_stem_match,True
sub-ccepAgeUMCU10,F13,L,G_front_middle,lh_G_front_middle,unique_hemi_stem_match,True
sub-ccepAgeUMCU10,F14,L,G_front_inf-Opercular,UNK,unseen_or_ambiguous_to_UNK,False
sub-ccepAgeUMCU10,F15,L,G_front_inf-Opercular,UNK,unseen_or_ambiguous_to_UNK,False
sub-ccepAgeUMCU10,F16,L,G&S_subcentral,UNK,unseen_or_ambiguous_to_UNK,False
sub-ccepAgeUMCU10,x1,,,UNK,unseen_or_ambiguous_to_UNK,False
sub-ccepAgeUMCU10,x2,,,UNK,unseen_or_ambiguous_to_UNK,False
sub-ccepAgeUMCU10,x3,,,UNK,unseen_or_ambiguous_to_UNK,False
sub-ccepAgeUMCU10,x4,,,UNK,unseen_or_ambiguous_to_UNK,False
sub-ccepAgeUMCU10,x5,,,UNK,unseen_or_ambiguous_to_UNK,False
sub-ccepAgeUMCU10,x6,,,UNK,unseen_or_ambiguous_to_UNK,False
sub-ccepAgeUMCU10,x7,,,UNK,unseen_or_ambiguous_to_UNK,False
sub-ccepAgeUMCU10,x8,,,UNK,unseen_or_ambiguous_to_UNK,False
sub-ccepAgeUMCU10,AH+,,,UNK,unseen_or_ambiguous_to_UNK,False
sub-ccepAgeUMCU10,ECG+,,,UNK,unseen_or_ambiguous_to_UNK,False
sub-ccepAgeUMCU10,ORB+,,,UNK,unseen_or_ambiguous_to_UNK,False
sub-ccepAgeUMCU10,EMG+,,,UNK,unseen_or_ambiguous_to_UNK,False
sub-ccepAgeUMCU10,el093,,,UNK,unseen_or_ambiguous_to_UNK,False
sub-ccepAgeUMCU10,el094,,,UNK,unseen_or_ambiguous_to_UNK,False
sub-ccepAgeUMCU10,el095,,,UNK,unseen_or_ambiguous_to_UNK,False
sub-ccepAgeUMCU10,el096,,,UNK,unseen_or_ambiguous_to_UNK,False
sub-ccepAgeUMCU10,vT1,L,Pole_temporal,UNK,unseen_or_ambiguous_to_UNK,False
sub-ccepAgeUMCU10,vT2,L,Pole_temporal,UNK,unseen_or_ambiguous_to_UNK,False
sub-ccepAgeUMCU10,vT3,L,Pole_temporal,UNK,unseen_or_ambiguous_to_UNK,False
sub-ccepAgeUMCU10,vT4,L,Pole_temporal,UNK,unseen_or_ambiguous_to_UNK,False
sub-ccepAgeUMCU10,vT5,L,Pole_temporal,UNK,unseen_or_ambiguous_to_UNK,False
sub-ccepAgeUMCU10,vT6,L,G_temporal_middle,lh_G_temporal_middle,unique_hemi_stem_match,True
sub-ccepAgeUMCU10,vT7,L,G_temporal_inf,lh_G_temporal_inf,unique_hemi_stem_match,True
sub-ccepAgeUMCU10,vT8,L,G_temporal_middle,lh_G_temporal_middle,unique_hemi_stem_match,True
sub-ccepAgeUMCU10,sT1,L,Pole_temporal,UNK,unseen_or_ambiguous_to_UNK,False
sub-ccepAgeUMCU10,sT2,L,Pole_temporal,UNK,unseen_or_ambiguous_to_UNK,False
sub-ccepAgeUMCU10,sT3,L,Pole_temporal,UNK,unseen_or_ambiguous_to_UNK,False
sub-ccepAgeUMCU10,sT4,L,Pole_temporal,UNK,unseen_or_ambiguous_to_UNK,False
sub-ccepAgeUMCU10,sT5,L,Pole_temporal,UNK,unseen_or_ambiguous_to_UNK,False
sub-ccepAgeUMCU10,sT6,L,G_temporal_inf,lh_G_temporal_inf,unique_hemi_stem_match,True
sub-ccepAgeUMCU10,sT7,L,G_temporal_inf,lh_G_temporal_inf,unique_hemi_stem_match,True
sub-ccepAgeUMCU10,sT8,L,G_temporal_inf,lh_G_temporal_inf,unique_hemi_stem_match,True
sub-ccepAgeUMCU10,el113,,,UNK,unseen_or_ambiguous_to_UNK,False
sub-ccepAgeUMCU10,el114,,,UNK,unseen_or_ambiguous_to_UNK,False
sub-ccepAgeUMCU10,el115,,,UNK,unseen_or_ambiguous_to_UNK,False
sub-ccepAgeUMCU10,el116,,,UNK,unseen_or_ambiguous_to_UNK,False
sub-ccepAgeUMCU10,el117,,,UNK,unseen_or_ambiguous_to_UNK,False
sub-ccepAgeUMCU10,el118,,,UNK,unseen_or_ambiguous_to_UNK,False
sub-ccepAgeUMCU10,el119,,,UNK,unseen_or_ambiguous_to_UNK,False
sub-ccepAgeUMCU10,el120,,,UNK,unseen_or_ambiguous_to_UNK,False
sub-ccepAgeUMCU10,el121,,,UNK,unseen_or_ambiguous_to_UNK,False
sub-ccepAgeUMCU10,el122,,,UNK,unseen_or_ambiguous_to_UNK,False
sub-ccepAgeUMCU10,el123,,,UNK,unseen_or_ambiguous_to_UNK,False
sub-ccepAgeUMCU10,el124,,,UNK,unseen_or_ambiguous_to_UNK,False
sub-ccepAgeUMCU10,el125,,,UNK,unseen_or_ambiguous_to_UNK,False
sub-ccepAgeUMCU10,el126,,,UNK,unseen_or_ambiguous_to_UNK,False
sub-ccepAgeUMCU10,el127,,,UNK,unseen_or_ambiguous_to_UNK,False
sub-ccepAgeUMCU10,el128,,,UNK,unseen_or_ambiguous_to_UNK,False
sub-ccepAgeUMCU10,MKR2+,,,UNK,unseen_or_ambiguous_to_UNK,False
sub-ccepAgeUMCU11,F01,L,G_front_sup,lh_G_front_sup,unique_hemi_stem_match,True
sub-ccepAgeUMCU11,F02,L,G_front_sup,lh_G_front_sup,unique_hemi_stem_match,True
sub-ccepAgeUMCU11,F03,L,G_front_sup,lh_G_front_sup,unique_hemi_stem_match,True
sub-ccepAgeUMCU11,F04,L,G_front_sup,lh_G_front_sup,unique_hemi_stem_match,True
sub-ccepAgeUMCU11,F05,L,G_front_sup,lh_G_front_sup,unique_hemi_stem_match,True
sub-ccepAgeUMCU11,F06,L,G_front_middle,lh_G_front_middle,unique_hemi_stem_match,True
sub-ccepAgeUMCU11,F07,L,G_front_sup,lh_G_front_sup,unique_hemi_stem_match,True
sub-ccepAgeUMCU11,F08,L,G_front_sup,lh_G_front_sup,unique_hemi_stem_match,True
sub-ccepAgeUMCU11,F09,L,G_front_sup,lh_G_front_sup,unique_hemi_stem_match,True
sub-ccepAgeUMCU11,F10,L,G_front_middle,lh_G_front_middle,unique_hemi_stem_match,True
sub-ccepAgeUMCU11,F11,L,S_front_sup,lh_S_front_sup,unique_hemi_stem_match,True
sub-ccepAgeUMCU11,F12,L,S_front_sup,lh_S_front_sup,unique_hemi_stem_match,True
sub-ccepAgeUMCU11,F13,L,G_front_middle,lh_G_front_middle,unique_hemi_stem_match,True
sub-ccepAgeUMCU11,F14,L,G_front_middle,lh_G_front_middle,unique_hemi_stem_match,True
sub-ccepAgeUMCU11,F15,L,G_front_middle,lh_G_front_middle,unique_hemi_stem_match,True
sub-ccepAgeUMCU11,F16,L,G_front_middle,lh_G_front_middle,unique_hemi_stem_match,True
sub-ccepAgeUMCU11,F17,L,G&S_transv_frontopol,UNK,unseen_or_ambiguous_to_UNK,False
sub-ccepAgeUMCU11,F18,L,G_front_middle,lh_G_front_middle,unique_hemi_stem_match,True
sub-ccepAgeUMCU11,F19,L,G_front_middle,lh_G_front_middle,unique_hemi_stem_match,True
sub-ccepAgeUMCU11,F20,L,G_front_middle,lh_G_front_middle,unique_hemi_stem_match,True
sub-ccepAgeUMCU11,F21,L,G_front_middle,lh_G_front_middle,unique_hemi_stem_match,True
sub-ccepAgeUMCU11,F22,L,G_front_middle,lh_G_front_middle,unique_hemi_stem_match,True
sub-ccepAgeUMCU11,F23,L,G_front_middle,lh_G_front_middle,unique_hemi_stem_match,True
sub-ccepAgeUMCU11,F24,L,G_front_middle,lh_G_front_middle,unique_hemi_stem_match,True
sub-ccepAgeUMCU11,F25,L,G_front_middle,lh_G_front_middle,unique_hemi_stem_match,True
sub-ccepAgeUMCU11,F26,L,G_front_middle,lh_G_front_middle,unique_hemi_stem_match,True
sub-ccepAgeUMCU11,F27,L,G_front_middle,lh_G_front_middle,unique_hemi_stem_match,True
sub-ccepAgeUMCU11,F28,L,G_front_middle,lh_G_front_middle,unique_hemi_stem_match,True
sub-ccepAgeUMCU11,F29,L,G_front_middle,lh_G_front_middle,unique_hemi_stem_match,True
sub-ccepAgeUMCU11,F30,L,G_front_middle,lh_G_front_middle,unique_hemi_stem_match,True
sub-ccepAgeUMCU11,F31,L,G_front_middle,lh_G_front_middle,unique_hemi_stem_match,True
sub-ccepAgeUMCU11,F32,L,G_front_middle,lh_G_front_middle,unique_hemi_stem_match,True
sub-ccepAgeUMCU11,F33,L,G&S_frontomargin,UNK,unseen_or_ambiguous_to_UNK,False
sub-ccepAgeUMCU11,F34,L,G_front_middle,lh_G_front_middle,unique_hemi_stem_match,True
sub-ccepAgeUMCU11,F35,L,G_front_middle,lh_G_front_middle,unique_hemi_stem_match,True
sub-ccepAgeUMCU11,F36,L,G_front_middle,lh_G_front_middle,unique_hemi_stem_match,True
sub-ccepAgeUMCU11,F37,L,G_front_middle,lh_G_front_middle,unique_hemi_stem_match,True
sub-ccepAgeUMCU11,F38,L,G_front_middle,lh_G_front_middle,unique_hemi_stem_match,True
sub-ccepAgeUMCU11,F39,L,G_front_middle,lh_G_front_middle,unique_hemi_stem_match,True
sub-ccepAgeUMCU11,F40,L,G_precentral,lh_G_precentral,unique_hemi_stem_match,True
sub-ccepAgeUMCU11,F41,L,G_orbital,UNK,unseen_or_ambiguous_to_UNK,False
sub-ccepAgeUMCU11,F42,L,G_orbital,UNK,unseen_or_ambiguous_to_UNK,False
sub-ccepAgeUMCU11,F43,L,G_front_inf-Orbital,UNK,unseen_or_ambiguous_to_UNK,False
sub-ccepAgeUMCU11,F44,L,G_front_inf-Triangul,lh_G_front_inf-Triangul,unique_hemi_stem_match,True
sub-ccepAgeUMCU11,F45,L,G_front_inf-Triangul,lh_G_front_inf-Triangul,unique_hemi_stem_match,True
sub-ccepAgeUMCU11,F46,L,G_front_inf-Triangul,lh_G_front_inf-Triangul,unique_hemi_stem_match,True
sub-ccepAgeUMCU11,F47,L,G_precentral,lh_G_precentral,unique_hemi_stem_match,True
sub-ccepAgeUMCU11,F48,L,G_postcentral,lh_G_postcentral,unique_hemi_stem_match,True
sub-ccepAgeUMCU11,xx01,,,UNK,unseen_or_ambiguous_to_UNK,False
sub-ccepAgeUMCU11,xx02,,,UNK,unseen_or_ambiguous_to_UNK,False
sub-ccepAgeUMCU11,D1,L,G&S_cingul-Mid-Ant,UNK,unseen_or_ambiguous_to_UNK,False
sub-ccepAgeUMCU11,D2,L,S_front_sup,lh_S_front_sup,unique_hemi_stem_match,True
sub-ccepAgeUMCU11,D3,L,S_front_sup,lh_S_front_sup,unique_hemi_stem_match,True
sub-ccepAgeUMCU11,D4,L,S_front_sup,lh_S_front_sup,unique_hemi_stem_match,True
sub-ccepAgeUMCU11,D5,L,S_front_sup,lh_S_front_sup,unique_hemi_stem_match,True
sub-ccepAgeUMCU11,D6,L,S_front_sup,lh_S_front_sup,unique_hemi_stem_match,True
sub-ccepAgeUMCU11,IH1,L,G_front_sup,lh_G_front_sup,unique_hemi_stem_match,True
sub-ccepAgeUMCU11,IH2,L,G&S_cingul-Mid-Post,lh_G&S_cingul-Mid-Post,unique_hemi_stem_match,True
sub-ccepAgeUMCU11,IH3,L,G&S_cingul-Mid-Post,lh_G&S_cingul-Mid-Post,unique_hemi_stem_match,True
sub-ccepAgeUMCU11,IH4,L,G_front_sup,lh_G_front_sup,unique_hemi_stem_match,True
sub-ccepAgeUMCU11,IH5,L,G_front_sup,lh_G_front_sup,unique_hemi_stem_match,True
sub-ccepAgeUMCU11,IH6,L,G_front_sup,lh_G_front_sup,unique_hemi_stem_match,True
sub-ccepAgeUMCU11,IH7,L,G_front_sup,lh_G_front_sup,unique_hemi_stem_match,True
sub-ccepAgeUMCU11,IH8,L,G_front_sup,lh_G_front_sup,unique_hemi_stem_match,True
sub-ccepAgeUMCU11,MKR1+,,,UNK,unseen_or_ambiguous_to_UNK,False
sub-ccepAgeUMCU11,FB1,L,G_rectus,lh_G_rectus,unique_hemi_stem_match,True
sub-ccepAgeUMCU11,FB2,L,G_rectus,lh_G_rectus,unique_hemi_stem_match,True
sub-ccepAgeUMCU11,FB3,L,G_rectus,lh_G_rectus,unique_hemi_stem_match,True
sub-ccepAgeUMCU11,FB4,L,G_rectus,lh_G_rectus,unique_hemi_stem_match,True
sub-ccepAgeUMCU11,FB5,L,G_orbital,UNK,unseen_or_ambiguous_to_UNK,False
sub-ccepAgeUMCU11,FB6,L,G_orbital,UNK,unseen_or_ambiguous_to_UNK,False
sub-ccepAgeUMCU11,FB7,L,G_orbital,UNK,unseen_or_ambiguous_to_UNK,False
sub-ccepAgeUMCU11,FB8,L,G_front_inf-Orbital,UNK,unseen_or_ambiguous_to_UNK,False
sub-ccepAgeUMCU11,x01,,,UNK,unseen_or_ambiguous_to_UNK,False
sub-ccepAgeUMCU11,x02,,,UNK,unseen_or_ambiguous_to_UNK,False
sub-ccepAgeUMCU11,xx03,,,UNK,unseen_or_ambiguous_to_UNK,False
sub-ccepAgeUMCU11,xx04,,,UNK,unseen_or_ambiguous_to_UNK,False
sub-ccepAgeUMCU11,xx05,,,UNK,unseen_or_ambiguous_to_UNK,False
sub-ccepAgeUMCU11,xx06,,,UNK,unseen_or_ambiguous_to_UNK,False
sub-ccepAgeUMCU11,xx07,,,UNK,unseen_or_ambiguous_to_UNK,False
sub-ccepAgeUMCU11,xx08,,,UNK,unseen_or_ambiguous_to_UNK,False
sub-ccepAgeUMCU11,xx09,,,UNK,unseen_or_ambiguous_to_UNK,False
sub-ccepAgeUMCU11,xx10,,,UNK,unseen_or_ambiguous_to_UNK,False
sub-ccepAgeUMCU11,xx11,,,UNK,unseen_or_ambiguous_to_UNK,False
sub-ccepAgeUMCU11,xx12,,,UNK,unseen_or_ambiguous_to_UNK,False
sub-ccepAgeUMCU11,xx13,,,UNK,unseen_or_ambiguous_to_UNK,False
sub-ccepAgeUMCU11,xx14,,,UNK,unseen_or_ambiguous_to_UNK,False
sub-ccepAgeUMCU11,xx15,,,UNK,unseen_or_ambiguous_to_UNK,False
sub-ccepAgeUMCU11,xx16,,,UNK,unseen_or_ambiguous_to_UNK,False
sub-ccepAgeUMCU11,AH+,,,UNK,unseen_or_ambiguous_to_UNK,False
sub-ccepAgeUMCU11,ECG+,,,UNK,unseen_or_ambiguous_to_UNK,False
sub-ccepAgeUMCU11,Orb+,,,UNK,unseen_or_ambiguous_to_UNK,False
sub-ccepAgeUMCU11,EMG+,,,UNK,unseen_or_ambiguous_to_UNK,False
sub-ccepAgeUMCU11,xxx01,,,UNK,unseen_or_ambiguous_to_UNK,False
sub-ccepAgeUMCU11,xxx02,,,UNK,unseen_or_ambiguous_to_UNK,False
sub-ccepAgeUMCU11,xxx03,,,UNK,unseen_or_ambiguous_to_UNK,False
sub-ccepAgeUMCU11,xxx04,,,UNK,unseen_or_ambiguous_to_UNK,False
sub-ccepAgeUMCU11,MKR2+,,,UNK,unseen_or_ambiguous_to_UNK,False
sub-ccepAgeUMCU12,F01,R,G_orbital,rh_G_orbital,unique_hemi_stem_match,True
sub-ccepAgeUMCU12,F02,R,G_orbital,rh_G_orbital,unique_hemi_stem_match,True
sub-ccepAgeUMCU12,F03,R,G_orbital,rh_G_orbital,unique_hemi_stem_match,True
sub-ccepAgeUMCU12,F04,R,G_front_inf-Triangul,rh_G_front_inf-Triangul,unique_hemi_stem_match,True
sub-ccepAgeUMCU12,F05,R,G_front_inf-Triangul,rh_G_front_inf-Triangul,unique_hemi_stem_match,True
sub-ccepAgeUMCU12,F06,R,G_front_inf-Opercular,UNK,unseen_or_ambiguous_to_UNK,False
sub-ccepAgeUMCU12,F07,R,G_front_inf-Opercular,UNK,unseen_or_ambiguous_to_UNK,False
sub-ccepAgeUMCU12,F08,R,G_front_inf-Opercular,UNK,unseen_or_ambiguous_to_UNK,False
sub-ccepAgeUMCU12,F09,R,G_orbital,rh_G_orbital,unique_hemi_stem_match,True
sub-ccepAgeUMCU12,F10,R,G_orbital,rh_G_orbital,unique_hemi_stem_match,True
sub-ccepAgeUMCU12,F11,R,G_orbital,rh_G_orbital,unique_hemi_stem_match,True
sub-ccepAgeUMCU12,F12,R,G_front_inf-Triangul,rh_G_front_inf-Triangul,unique_hemi_stem_match,True
sub-ccepAgeUMCU12,F13,R,G_front_inf-Triangul,rh_G_front_inf-Triangul,unique_hemi_stem_match,True
sub-ccepAgeUMCU12,F14,R,G_front_inf-Triangul,rh_G_front_inf-Triangul,unique_hemi_stem_match,True
sub-ccepAgeUMCU12,F15,R,G_front_inf-Opercular,UNK,unseen_or_ambiguous_to_UNK,False
sub-ccepAgeUMCU12,F16,R,G_front_inf-Opercular,UNK,unseen_or_ambiguous_to_UNK,False
sub-ccepAgeUMCU12,F17,R,G_and_S_frontomargin,UNK,unseen_or_ambiguous_to_UNK,False
sub-ccepAgeUMCU12,F18,R,G_front_middle,rh_G_front_middle,unique_hemi_stem_match,True
sub-ccepAgeUMCU12,F19,R,G_front_middle,rh_G_front_middle,unique_hemi_stem_match,True
sub-ccepAgeUMCU12,F20,R,S_front_inf,rh_S_front_inf,unique_hemi_stem_match,True
sub-ccepAgeUMCU12,F21,R,G_front_middle,rh_G_front_middle,unique_hemi_stem_match,True
sub-ccepAgeUMCU12,F22,R,G_front_middle,rh_G_front_middle,unique_hemi_stem_match,True
sub-ccepAgeUMCU12,F23,R,S_front_inf,rh_S_front_inf,unique_hemi_stem_match,True
sub-ccepAgeUMCU12,F24,R,G_front_inf-Opercular,UNK,unseen_or_ambiguous_to_UNK,False
sub-ccepAgeUMCU12,F25,R,S_front_middle,rh_S_front_middle,unique_hemi_stem_match,True
sub-ccepAgeUMCU12,F26,R,S_front_middle,rh_S_front_middle,unique_hemi_stem_match,True
sub-ccepAgeUMCU12,F27,R,G_front_middle,rh_G_front_middle,unique_hemi_stem_match,True
sub-ccepAgeUMCU12,F28,R,G_front_middle,rh_G_front_middle,unique_hemi_stem_match,True
sub-ccepAgeUMCU12,F29,R,G_front_middle,rh_G_front_middle,unique_hemi_stem_match,True
sub-ccepAgeUMCU12,F30,R,G_front_middle,rh_G_front_middle,unique_hemi_stem_match,True
sub-ccepAgeUMCU12,F31,R,G_front_middle,rh_G_front_middle,unique_hemi_stem_match,True
sub-ccepAgeUMCU12,F32,R,G_front_middle,rh_G_front_middle,unique_hemi_stem_match,True
sub-ccepAgeUMCU12,F33,R,G_and_S_transv_frontopol,UNK,unseen_or_ambiguous_to_UNK,False
sub-ccepAgeUMCU12,F34,R,S_front_middle,rh_S_front_middle,unique_hemi_stem_match,True
sub-ccepAgeUMCU12,F35,R,S_front_middle,rh_S_front_middle,unique_hemi_stem_match,True
sub-ccepAgeUMCU12,F36,R,S_front_middle,rh_S_front_middle,unique_hemi_stem_match,True
sub-ccepAgeUMCU12,F37,R,G_front_middle,rh_G_front_middle,unique_hemi_stem_match,True
sub-ccepAgeUMCU12,F38,R,G_front_middle,rh_G_front_middle,unique_hemi_stem_match,True
sub-ccepAgeUMCU12,F39,R,G_front_middle,rh_G_front_middle,unique_hemi_stem_match,True
sub-ccepAgeUMCU12,F40,R,G_front_middle,rh_G_front_middle,unique_hemi_stem_match,True
sub-ccepAgeUMCU12,F41,R,G_front_sup,rh_G_front_sup,unique_hemi_stem_match,True
sub-ccepAgeUMCU12,F42,R,S_front_sup,rh_S_front_sup,unique_hemi_stem_match,True
sub-ccepAgeUMCU12,F43,R,G_front_sup,rh_G_front_sup,unique_hemi_stem_match,True
sub-ccepAgeUMCU12,F44,R,G_front_middle,rh_G_front_middle,unique_hemi_stem_match,True
sub-ccepAgeUMCU12,F45,R,G_front_middle,rh_G_front_middle,unique_hemi_stem_match,True
sub-ccepAgeUMCU12,F46,R,G_front_middle,rh_G_front_middle,unique_hemi_stem_match,True
sub-ccepAgeUMCU12,F47,R,G_front_middle,rh_G_front_middle,unique_hemi_stem_match,True
sub-ccepAgeUMCU12,F48,R,G_front_middle,rh_G_front_middle,unique_hemi_stem_match,True
sub-ccepAgeUMCU12,T49,R,G_pariet_inf-Angular,rh_G_pariet_inf-Angular,unique_hemi_stem_match,True
sub-ccepAgeUMCU12,T50,R,G_pariet_inf-Angular,rh_G_pariet_inf-Angular,unique_hemi_stem_match,True
sub-ccepAgeUMCU12,T51,R,G_pariet_inf-Supramar,rh_G_pariet_inf-Supramar,unique_hemi_stem_match,True
sub-ccepAgeUMCU12,T52,R,G_temp_sup-Lateral,rh_G_temp_sup-Lateral,unique_hemi_stem_match,True
sub-ccepAgeUMCU12,T53,R,G_temp_sup-Lateral,rh_G_temp_sup-Lateral,unique_hemi_stem_match,True
sub-ccepAgeUMCU12,T54,R,G_temp_sup-Lateral,rh_G_temp_sup-Lateral,unique_hemi_stem_match,True
sub-ccepAgeUMCU12,T55,R,G_temp_sup-Lateral,rh_G_temp_sup-Lateral,unique_hemi_stem_match,True
sub-ccepAgeUMCU12,T56,R,G_temporal_middle,rh_G_temporal_middle,unique_hemi_stem_match,True
sub-ccepAgeUMCU12,T57,R,S_temporal_sup,rh_S_temporal_sup,unique_hemi_stem_match,True
sub-ccepAgeUMCU12,T58,R,G_pariet_inf-Angular,rh_G_pariet_inf-Angular,unique_hemi_stem_match,True
sub-ccepAgeUMCU12,T59,R,G_pariet_inf-Angular,rh_G_pariet_inf-Angular,unique_hemi_stem_match,True
sub-ccepAgeUMCU12,T60,R,G_temp_sup-Lateral,rh_G_temp_sup-Lateral,unique_hemi_stem_match,True
sub-ccepAgeUMCU12,T61,R,G_temp_sup-Lateral,rh_G_temp_sup-Lateral,unique_hemi_stem_match,True
sub-ccepAgeUMCU12,T62,R,G_temporal_middle,rh_G_temporal_middle,unique_hemi_stem_match,True
sub-ccepAgeUMCU12,T63,R,G_temporal_middle,rh_G_temporal_middle,unique_hemi_stem_match,True
sub-ccepAgeUMCU12,T64,R,G_temporal_middle,rh_G_temporal_middle,unique_hemi_stem_match,True
sub-ccepAgeUMCU12,MKR1+,,,UNK,unseen_or_ambiguous_to_UNK,False
sub-ccepAgeUMCU12,vT1,R,Pole_temporal,rh_Pole_temporal,unique_hemi_stem_match,True
sub-ccepAgeUMCU12,vT2,R,Pole_temporal,rh_Pole_temporal,unique_hemi_stem_match,True
sub-ccepAgeUMCU12,vT3,R,Pole_temporal,rh_Pole_temporal,unique_hemi_stem_match,True
sub-ccepAgeUMCU12,vT4,R,Pole_temporal,rh_Pole_temporal,unique_hemi_stem_match,True
sub-ccepAgeUMCU12,vT5,R,Pole_temporal,rh_Pole_temporal,unique_hemi_stem_match,True
sub-ccepAgeUMCU12,vT6,R,G_temporal_middle,rh_G_temporal_middle,unique_hemi_stem_match,True
sub-ccepAgeUMCU12,vT7,R,G_temporal_middle,rh_G_temporal_middle,unique_hemi_stem_match,True
sub-ccepAgeUMCU12,vT8,R,G_temporal_middle,rh_G_temporal_middle,unique_hemi_stem_match,True
sub-ccepAgeUMCU12,sT1,R,G_oc-temp_med-Parahip,rh_G_oc-temp_med-Parahip,unique_hemi_stem_match,True
sub-ccepAgeUMCU12,sT2,R,G_oc-temp_med-Parahip,rh_G_oc-temp_med-Parahip,unique_hemi_stem_match,True
sub-ccepAgeUMCU12,sT3,R,S_collat_transv_ant,rh_S_collat_transv_ant,unique_hemi_stem_match,True
sub-ccepAgeUMCU12,sT4,R,G_temporal_inf,rh_G_temporal_inf,unique_hemi_stem_match,True
sub-ccepAgeUMCU12,sT5,R,G_temporal_inf,rh_G_temporal_inf,unique_hemi_stem_match,True
sub-ccepAgeUMCU12,sT6,R,G_temporal_inf,rh_G_temporal_inf,unique_hemi_stem_match,True
sub-ccepAgeUMCU12,sT7,R,G_temporal_middle,rh_G_temporal_middle,unique_hemi_stem_match,True
sub-ccepAgeUMCU12,sT8,R,G_temporal_middle,rh_G_temporal_middle,unique_hemi_stem_match,True
sub-ccepAgeUMCU12,xx09,,,UNK,unseen_or_ambiguous_to_UNK,False
sub-ccepAgeUMCU12,xx10,,,UNK,unseen_or_ambiguous_to_UNK,False
sub-ccepAgeUMCU12,xx11,,,UNK,unseen_or_ambiguous_to_UNK,False
sub-ccepAgeUMCU12,xx12,,,UNK,unseen_or_ambiguous_to_UNK,False
sub-ccepAgeUMCU12,D1,R,S_precentral-inf-part,rh_S_precentral-inf-part,unique_hemi_stem_match,True
sub-ccepAgeUMCU12,D2,R,S_front_inf,rh_S_front_inf,unique_hemi_stem_match,True
sub-ccepAgeUMCU12,D3,R,S_front_inf,rh_S_front_inf,unique_hemi_stem_match,True
sub-ccepAgeUMCU12,D4,R,S_precentral-inf-part,rh_S_precentral-inf-part,unique_hemi_stem_match,True
sub-ccepAgeUMCU12,AH+,,,UNK,unseen_or_ambiguous_to_UNK,False
sub-ccepAgeUMCU12,ECG+,,,UNK,unseen_or_ambiguous_to_UNK,False
sub-ccepAgeUMCU12,Orb+,,,UNK,unseen_or_ambiguous_to_UNK,False
sub-ccepAgeUMCU12,EMG+,,,UNK,unseen_or_ambiguous_to_UNK,False
sub-ccepAgeUMCU12,xxx01,,,UNK,unseen_or_ambiguous_to_UNK,False
sub-ccepAgeUMCU12,xxx02,,,UNK,unseen_or_ambiguous_to_UNK,False
sub-ccepAgeUMCU12,xxx03,,,UNK,unseen_or_ambiguous_to_UNK,False
sub-ccepAgeUMCU12,xxx04,,,UNK,unseen_or_ambiguous_to_UNK,False
sub-ccepAgeUMCU12,C01,R,G_front_sup,rh_G_front_sup,unique_hemi_stem_match,True
sub-ccepAgeUMCU12,C02,R,G_front_sup,rh_G_front_sup,unique_hemi_stem_match,True
sub-ccepAgeUMCU12,C03,R,G_front_middle,rh_G_front_middle,unique_hemi_stem_match,True
sub-ccepAgeUMCU12,C04,R,G_front_middle,rh_G_front_middle,unique_hemi_stem_match,True
sub-ccepAgeUMCU12,C05,R,G_precentral,rh_G_precentral,unique_hemi_stem_match,True
sub-ccepAgeUMCU12,C06,R,G_precentral,rh_G_precentral,unique_hemi_stem_match,True
sub-ccepAgeUMCU12,C07,R,G_and_S_subcentral,UNK,unseen_or_ambiguous_to_UNK,False
sub-ccepAgeUMCU12,C08,R,G_front_inf-Opercular,UNK,unseen_or_ambiguous_to_UNK,False
sub-ccepAgeUMCU12,C09,R,G_front_sup,rh_G_front_sup,unique_hemi_stem_match,True
sub-ccepAgeUMCU12,C10,R,G_precentral,rh_G_precentral,unique_hemi_stem_match,True
sub-ccepAgeUMCU12,C11,R,G_precentral,rh_G_precentral,unique_hemi_stem_match,True
sub-ccepAgeUMCU12,C12,R,G_precentral,rh_G_precentral,unique_hemi_stem_match,True
sub-ccepAgeUMCU12,C13,R,G_precentral,rh_G_precentral,unique_hemi_stem_match,True
sub-ccepAgeUMCU12,C14,R,G_and_S_subcentral,UNK,unseen_or_ambiguous_to_UNK,False
sub-ccepAgeUMCU12,C15,R,G_and_S_subcentral,UNK,unseen_or_ambiguous_to_UNK,False
sub-ccepAgeUMCU12,C16,R,G_and_S_subcentral,UNK,unseen_or_ambiguous_to_UNK,False
sub-ccepAgeUMCU12,C17,R,G_front_sup,rh_G_front_sup,unique_hemi_stem_match,True
sub-ccepAgeUMCU12,C18,R,G_precentral,rh_G_precentral,unique_hemi_stem_match,True
sub-ccepAgeUMCU12,C19,R,G_precentral,rh_G_precentral,unique_hemi_stem_match,True
sub-ccepAgeUMCU12,C20,R,G_postcentral,rh_G_postcentral,unique_hemi_stem_match,True
sub-ccepAgeUMCU12,C21,R,G_postcentral,rh_G_postcentral,unique_hemi_stem_match,True
sub-ccepAgeUMCU12,C22,R,G_postcentral,rh_G_postcentral,unique_hemi_stem_match,True
sub-ccepAgeUMCU12,C23,R,G_and_S_subcentral,UNK,unseen_or_ambiguous_to_UNK,False
sub-ccepAgeUMCU12,C24,R,G_temp_sup-Lateral,rh_G_temp_sup-Lateral,unique_hemi_stem_match,True
sub-ccepAgeUMCU12,C25,R,G_precentral,rh_G_precentral,unique_hemi_stem_match,True
sub-ccepAgeUMCU12,C26,R,G_precentral,rh_G_precentral,unique_hemi_stem_match,True
sub-ccepAgeUMCU12,C27,R,G_postcentral,rh_G_postcentral,unique_hemi_stem_match,True
sub-ccepAgeUMCU12,C28,R,G_postcentral,rh_G_postcentral,unique_hemi_stem_match,True
sub-ccepAgeUMCU12,C29,R,G_postcentral,rh_G_postcentral,unique_hemi_stem_match,True
sub-ccepAgeUMCU12,C30,R,G_pariet_inf-Supramar,rh_G_pariet_inf-Supramar,unique_hemi_stem_match,True
sub-ccepAgeUMCU12,C31,R,G_pariet_inf-Supramar,rh_G_pariet_inf-Supramar,unique_hemi_stem_match,True
sub-ccepAgeUMCU12,C32,R,G_temp_sup-Lateral,rh_G_temp_sup-Lateral,unique_hemi_stem_match,True
sub-ccepAgeUMCU12,thor+,,,UNK,unseen_or_ambiguous_to_UNK,False
sub-ccepAgeUMCU12,abdo+,,,UNK,unseen_or_ambiguous_to_UNK,False
sub-ccepAgeUMCU12,xyz+,,,UNK,unseen_or_ambiguous_to_UNK,False
sub-ccepAgeUMCU12,MKR2+,,,UNK,unseen_or_ambiguous_to_UNK,False
sub-ccepAgeUMCU13,T01,L,G_occipital_middle,UNK,unseen_or_ambiguous_to_UNK,False
sub-ccepAgeUMCU13,T02,L,G_temporal_middle,lh_G_temporal_middle,unique_hemi_stem_match,True
sub-ccepAgeUMCU13,T03,L,G_temporal_middle,lh_G_temporal_middle,unique_hemi_stem_match,True
sub-ccepAgeUMCU13,T04,L,G_temporal_inf,lh_G_temporal_inf,unique_hemi_stem_match,True
sub-ccepAgeUMCU13,T05,L,G_temporal_inf,lh_G_temporal_inf,unique_hemi_stem_match,True
sub-ccepAgeUMCU13,T06,L,S_temporal_inf,lh_S_temporal_inf,unique_hemi_stem_match,True
sub-ccepAgeUMCU13,T07,L,G_temporal_inf,lh_G_temporal_inf,unique_hemi_stem_match,True
sub-ccepAgeUMCU13,T08,L,G_temporal_inf,lh_G_temporal_inf,unique_hemi_stem_match,True
sub-ccepAgeUMCU13,T09,L,S_temporal_sup,lh_S_temporal_sup,unique_hemi_stem_match,True
sub-ccepAgeUMCU13,T10,L,G_temporal_middle,lh_G_temporal_middle,unique_hemi_stem_match,True
sub-ccepAgeUMCU13,T11,L,G_temporal_middle,lh_G_temporal_middle,unique_hemi_stem_match,True
sub-ccepAgeUMCU13,T12,L,G_temporal_middle,lh_G_temporal_middle,unique_hemi_stem_match,True
sub-ccepAgeUMCU13,T13,L,G_temporal_middle,lh_G_temporal_middle,unique_hemi_stem_match,True
sub-ccepAgeUMCU13,T14,L,G_temporal_middle,lh_G_temporal_middle,unique_hemi_stem_match,True
sub-ccepAgeUMCU13,T15,L,G_temporal_middle,lh_G_temporal_middle,unique_hemi_stem_match,True
sub-ccepAgeUMCU13,T16,L,G_temporal_middle,lh_G_temporal_middle,unique_hemi_stem_match,True
sub-ccepAgeUMCU13,T17,L,S_temporal_sup,lh_S_temporal_sup,unique_hemi_stem_match,True
sub-ccepAgeUMCU13,T18,L,G_pariet_inf-Angular,UNK,unseen_or_ambiguous_to_UNK,False
sub-ccepAgeUMCU13,T19,L,G_temp_sup-Plan_tempo,lh_G_temp_sup-Plan_tempo,unique_hemi_stem_match,True
sub-ccepAgeUMCU13,T20,L,G_temp_sup-Lateral,lh_G_temp_sup-Lateral,unique_hemi_stem_match,True
sub-ccepAgeUMCU13,T21,L,G_temp_sup-Lateral,lh_G_temp_sup-Lateral,unique_hemi_stem_match,True
sub-ccepAgeUMCU13,T22,L,G_temp_sup-Lateral,lh_G_temp_sup-Lateral,unique_hemi_stem_match,True
sub-ccepAgeUMCU13,T23,L,G_temp_sup-Lateral,lh_G_temp_sup-Lateral,unique_hemi_stem_match,True
sub-ccepAgeUMCU13,T24,L,G_temp_sup-Lateral,lh_G_temp_sup-Lateral,unique_hemi_stem_match,True
sub-ccepAgeUMCU13,T25,L,G_pariet_inf-Angular,UNK,unseen_or_ambiguous_to_UNK,False
sub-ccepAgeUMCU13,T26,L,G_pariet_inf-Supramar,lh_G_pariet_inf-Supramar,unique_hemi_stem_match,True
sub-ccepAgeUMCU13,T27,L,G_temp_sup-Plan_tempo,lh_G_temp_sup-Plan_tempo,unique_hemi_stem_match,True
sub-ccepAgeUMCU13,T28,L,G_pariet_inf-Supramar,lh_G_pariet_inf-Supramar,unique_hemi_stem_match,True
sub-ccepAgeUMCU13,T29,L,G_temp_sup-Lateral,lh_G_temp_sup-Lateral,unique_hemi_stem_match,True
sub-ccepAgeUMCU13,T30,L,G_temp_sup-Lateral,lh_G_temp_sup-Lateral,unique_hemi_stem_match,True
sub-ccepAgeUMCU13,T31,L,G_temp_sup-Lateral,lh_G_temp_sup-Lateral,unique_hemi_stem_match,True
sub-ccepAgeUMCU13,T32,L,G_temp_sup-Lateral,lh_G_temp_sup-Lateral,unique_hemi_stem_match,True
sub-ccepAgeUMCU13,C01,L,G_precentral,lh_G_precentral,unique_hemi_stem_match,True
sub-ccepAgeUMCU13,C02,L,G_precentral,lh_G_precentral,unique_hemi_stem_match,True
sub-ccepAgeUMCU13,C03,L,G_postcentral,lh_G_postcentral,unique_hemi_stem_match,True
sub-ccepAgeUMCU13,C04,L,G_postcentral,lh_G_postcentral,unique_hemi_stem_match,True
sub-ccepAgeUMCU13,C05,L,G_pariet_inf-Supramar,lh_G_pariet_inf-Supramar,unique_hemi_stem_match,True
sub-ccepAgeUMCU13,C06,L,G_pariet_inf-Supramar,lh_G_pariet_inf-Supramar,unique_hemi_stem_match,True
sub-ccepAgeUMCU13,C07,L,G_pariet_inf-Supramar,lh_G_pariet_inf-Supramar,unique_hemi_stem_match,True
sub-ccepAgeUMCU13,C08,L,G_parietal_sup,UNK,unseen_or_ambiguous_to_UNK,False
sub-ccepAgeUMCU13,C09,L,G&S_subcentral,UNK,unseen_or_ambiguous_to_UNK,False
sub-ccepAgeUMCU13,C10,L,G&S_subcentral,UNK,unseen_or_ambiguous_to_UNK,False
sub-ccepAgeUMCU13,C11,L,G_postcentral,lh_G_postcentral,unique_hemi_stem_match,True
sub-ccepAgeUMCU13,C12,L,G_postcentral,lh_G_postcentral,unique_hemi_stem_match,True
sub-ccepAgeUMCU13,C13,L,G_pariet_inf-Supramar,lh_G_pariet_inf-Supramar,unique_hemi_stem_match,True
sub-ccepAgeUMCU13,C14,L,G_pariet_inf-Supramar,lh_G_pariet_inf-Supramar,unique_hemi_stem_match,True
sub-ccepAgeUMCU13,C15,L,G_pariet_inf-Supramar,lh_G_pariet_inf-Supramar,unique_hemi_stem_match,True
sub-ccepAgeUMCU13,C16,L,G_pariet_inf-Supramar,lh_G_pariet_inf-Supramar,unique_hemi_stem_match,True
sub-ccepAgeUMCU13,sTv1,L,S_orbital-H_Shaped,lh_S_orbital-H_Shaped,unique_hemi_stem_match,True
sub-ccepAgeUMCU13,sTv2,L,S_orbital-H_Shaped,lh_S_orbital-H_Shaped,unique_hemi_stem_match,True
sub-ccepAgeUMCU13,sTv3,L,G_orbital,UNK,unseen_or_ambiguous_to_UNK,False
sub-ccepAgeUMCU13,sTv4,L,G_orbital,UNK,unseen_or_ambiguous_to_UNK,False
sub-ccepAgeUMCU13,sTv5,L,Pole_temporal,UNK,unseen_or_ambiguous_to_UNK,False
sub-ccepAgeUMCU13,sTv6,L,G_oc-temp_med-Parahip,lh_G_oc-temp_med-Parahip,unique_hemi_stem_match,True
sub-ccepAgeUMCU13,sTv7,L,Pole_temporal,UNK,unseen_or_ambiguous_to_UNK,False
sub-ccepAgeUMCU13,sTv8,L,G_temporal_inf,lh_G_temporal_inf,unique_hemi_stem_match,True
sub-ccepAgeUMCU13,sTa1,L,G_orbital,UNK,unseen_or_ambiguous_to_UNK,False
sub-ccepAgeUMCU13,sTa2,L,G_oc-temp_med-Parahip,lh_G_oc-temp_med-Parahip,unique_hemi_stem_match,True
sub-ccepAgeUMCU13,sTa3,L,G_oc-temp_med-Parahip,lh_G_oc-temp_med-Parahip,unique_hemi_stem_match,True
sub-ccepAgeUMCU13,sTa4,L,G_oc-temp_med-Parahip,lh_G_oc-temp_med-Parahip,unique_hemi_stem_match,True
sub-ccepAgeUMCU13,sTa5,L,G_oc-temp_med-Parahip,lh_G_oc-temp_med-Parahip,unique_hemi_stem_match,True
sub-ccepAgeUMCU13,sTa6,L,S_collat_transv_ant,UNK,unseen_or_ambiguous_to_UNK,False
sub-ccepAgeUMCU13,sTa7,L,S_oc-temp_med&Lingual,lh_S_oc-temp_med&Lingual,unique_hemi_stem_match,True
sub-ccepAgeUMCU13,sTa8,L,G_temporal_inf,lh_G_temporal_inf,unique_hemi_stem_match,True
sub-ccepAgeUMCU13,MKR1+,,,UNK,unseen_or_ambiguous_to_UNK,False
sub-ccepAgeUMCU13,el065,,,UNK,unseen_or_ambiguous_to_UNK,False
sub-ccepAgeUMCU13,el066,,,UNK,unseen_or_ambiguous_to_UNK,False
sub-ccepAgeUMCU13,el067,,,UNK,unseen_or_ambiguous_to_UNK,False
sub-ccepAgeUMCU13,el068,,,UNK,unseen_or_ambiguous_to_UNK,False
sub-ccepAgeUMCU13,el069,,,UNK,unseen_or_ambiguous_to_UNK,False
sub-ccepAgeUMCU13,el070,,,UNK,unseen_or_ambiguous_to_UNK,False
sub-ccepAgeUMCU13,el071,,,UNK,unseen_or_ambiguous_to_UNK,False
sub-ccepAgeUMCU13,el072,,,UNK,unseen_or_ambiguous_to_UNK,False
sub-ccepAgeUMCU13,el073,,,UNK,unseen_or_ambiguous_to_UNK,False
sub-ccepAgeUMCU13,el074,,,UNK,unseen_or_ambiguous_to_UNK,False
sub-ccepAgeUMCU13,el075,,,UNK,unseen_or_ambiguous_to_UNK,False
sub-ccepAgeUMCU13,el076,,,UNK,unseen_or_ambiguous_to_UNK,False
sub-ccepAgeUMCU13,el077,,,UNK,unseen_or_ambiguous_to_UNK,False
sub-ccepAgeUMCU13,el078,,,UNK,unseen_or_ambiguous_to_UNK,False
sub-ccepAgeUMCU13,el079,,,UNK,unseen_or_ambiguous_to_UNK,False
sub-ccepAgeUMCU13,el080,,,UNK,unseen_or_ambiguous_to_UNK,False
sub-ccepAgeUMCU13,el081,,,UNK,unseen_or_ambiguous_to_UNK,False
sub-ccepAgeUMCU13,el082,,,UNK,unseen_or_ambiguous_to_UNK,False
sub-ccepAgeUMCU13,el083,,,UNK,unseen_or_ambiguous_to_UNK,False
sub-ccepAgeUMCU13,el084,,,UNK,unseen_or_ambiguous_to_UNK,False
sub-ccepAgeUMCU13,el085,,,UNK,unseen_or_ambiguous_to_UNK,False
sub-ccepAgeUMCU13,el086,,,UNK,unseen_or_ambiguous_to_UNK,False
sub-ccepAgeUMCU13,el087,,,UNK,unseen_or_ambiguous_to_UNK,False
sub-ccepAgeUMCU13,el088,,,UNK,unseen_or_ambiguous_to_UNK,False
sub-ccepAgeUMCU13,AH+,,,UNK,unseen_or_ambiguous_to_UNK,False
sub-ccepAgeUMCU13,ECG+,,,UNK,unseen_or_ambiguous_to_UNK,False
sub-ccepAgeUMCU13,orb+,,,UNK,unseen_or_ambiguous_to_UNK,False
sub-ccepAgeUMCU13,EMG+,,,UNK,unseen_or_ambiguous_to_UNK,False
sub-ccepAgeUMCU13,el093,,,UNK,unseen_or_ambiguous_to_UNK,False
sub-ccepAgeUMCU13,el094,,,UNK,unseen_or_ambiguous_to_UNK,False
sub-ccepAgeUMCU13,el095,,,UNK,unseen_or_ambiguous_to_UNK,False
sub-ccepAgeUMCU13,el096,,,UNK,unseen_or_ambiguous_to_UNK,False
sub-ccepAgeUMCU13,MKR2+,,,UNK,unseen_or_ambiguous_to_UNK,False
sub-ccepAgeUMCU14,F01,L,G_front_sup,lh_G_front_sup,unique_hemi_stem_match,True
sub-ccepAgeUMCU14,F02,L,S_front_sup,lh_S_front_sup,unique_hemi_stem_match,True
sub-ccepAgeUMCU14,F03,L,G_front_sup,lh_G_front_sup,unique_hemi_stem_match,True
sub-ccepAgeUMCU14,F04,L,G_front_sup,lh_G_front_sup,unique_hemi_stem_match,True
sub-ccepAgeUMCU14,F05,L,G_front_sup,lh_G_front_sup,unique_hemi_stem_match,True
sub-ccepAgeUMCU14,F06,L,G_front_sup,lh_G_front_sup,unique_hemi_stem_match,True
sub-ccepAgeUMCU14,F07,L,S_front_sup,lh_S_front_sup,unique_hemi_stem_match,True
sub-ccepAgeUMCU14,F08,L,G&S_paracentral,UNK,unseen_or_ambiguous_to_UNK,False
sub-ccepAgeUMCU14,F09,L,S_front_sup,lh_S_front_sup,unique_hemi_stem_match,True
sub-ccepAgeUMCU14,F10,L,G_front_middle,lh_G_front_middle,unique_hemi_stem_match,True
sub-ccepAgeUMCU14,F11,L,G_front_sup,lh_G_front_sup,unique_hemi_stem_match,True
sub-ccepAgeUMCU14,F12,L,G_front_sup,lh_G_front_sup,unique_hemi_stem_match,True
sub-ccepAgeUMCU14,F13,L,G_front_sup,lh_G_front_sup,unique_hemi_stem_match,True
sub-ccepAgeUMCU14,F14,L,S_front_sup,lh_S_front_sup,unique_hemi_stem_match,True
sub-ccepAgeUMCU14,F15,L,S_front_sup,lh_S_front_sup,unique_hemi_stem_match,True
sub-ccepAgeUMCU14,F16,L,G_precentral,lh_G_precentral,unique_hemi_stem_match,True
sub-ccepAgeUMCU14,F17,L,G_front_middle,lh_G_front_middle,unique_hemi_stem_match,True
sub-ccepAgeUMCU14,F18,L,G_front_middle,lh_G_front_middle,unique_hemi_stem_match,True
sub-ccepAgeUMCU14,F19,L,G_front_middle,lh_G_front_middle,unique_hemi_stem_match,True
sub-ccepAgeUMCU14,F20,L,G_front_middle,lh_G_front_middle,unique_hemi_stem_match,True
sub-ccepAgeUMCU14,F21,L,G_front_middle,lh_G_front_middle,unique_hemi_stem_match,True
sub-ccepAgeUMCU14,F22,L,G_front_middle,lh_G_front_middle,unique_hemi_stem_match,True
sub-ccepAgeUMCU14,F23,L,G_precentral,lh_G_precentral,unique_hemi_stem_match,True
sub-ccepAgeUMCU14,F24,L,G_precentral,lh_G_precentral,unique_hemi_stem_match,True
sub-ccepAgeUMCU14,F25,L,G_front_middle,lh_G_front_middle,unique_hemi_stem_match,True
sub-ccepAgeUMCU14,F26,L,G_front_middle,lh_G_front_middle,unique_hemi_stem_match,True
sub-ccepAgeUMCU14,F27,L,G_front_middle,lh_G_front_middle,unique_hemi_stem_match,True
sub-ccepAgeUMCU14,F28,L,G_front_middle,lh_G_front_middle,unique_hemi_stem_match,True
sub-ccepAgeUMCU14,F29,L,G_precentral,lh_G_precentral,unique_hemi_stem_match,True
sub-ccepAgeUMCU14,F30,L,G_precentral,lh_G_precentral,unique_hemi_stem_match,True
sub-ccepAgeUMCU14,F31,L,G_postcentral,lh_G_postcentral,unique_hemi_stem_match,True
sub-ccepAgeUMCU14,F32,L,G_postcentral,lh_G_postcentral,unique_hemi_stem_match,True
sub-ccepAgeUMCU14,F33,L,G_front_middle,lh_G_front_middle,unique_hemi_stem_match,True
sub-ccepAgeUMCU14,F34,L,G_front_inf-Triangul,lh_G_front_inf-Triangul,unique_hemi_stem_match,True
sub-ccepAgeUMCU14,F35,L,G_front_inf-Opercular,UNK,unseen_or_ambiguous_to_UNK,False
sub-ccepAgeUMCU14,F36,L,G_precentral,lh_G_precentral,unique_hemi_stem_match,True
sub-ccepAgeUMCU14,F37,L,G_precentral,lh_G_precentral,unique_hemi_stem_match,True
sub-ccepAgeUMCU14,F38,L,G_postcentral,lh_G_postcentral,unique_hemi_stem_match,True
sub-ccepAgeUMCU14,F39,L,G_postcentral,lh_G_postcentral,unique_hemi_stem_match,True
sub-ccepAgeUMCU14,F40,L,G_postcentral,lh_G_postcentral,unique_hemi_stem_match,True
sub-ccepAgeUMCU14,F41,L,G_front_inf-Triangul,lh_G_front_inf-Triangul,unique_hemi_stem_match,True
sub-ccepAgeUMCU14,F42,L,G_front_inf-Triangul,lh_G_front_inf-Triangul,unique_hemi_stem_match,True
sub-ccepAgeUMCU14,F43,L,G_front_inf-Opercular,UNK,unseen_or_ambiguous_to_UNK,False
sub-ccepAgeUMCU14,F44,L,G_precentral,lh_G_precentral,unique_hemi_stem_match,True
sub-ccepAgeUMCU14,F45,L,G&S_subcentral,UNK,unseen_or_ambiguous_to_UNK,False
sub-ccepAgeUMCU14,F46,L,G&S_subcentral,UNK,unseen_or_ambiguous_to_UNK,False
sub-ccepAgeUMCU14,F47,L,G_postcentral,lh_G_postcentral,unique_hemi_stem_match,True
sub-ccepAgeUMCU14,F48,L,G_pariet_inf-Supramar,lh_G_pariet_inf-Supramar,unique_hemi_stem_match,True
sub-ccepAgeUMCU14,FB49,L,G_orbital,UNK,unseen_or_ambiguous_to_UNK,False
sub-ccepAgeUMCU14,FB50,L,G_orbital,UNK,unseen_or_ambiguous_to_UNK,False
sub-ccepAgeUMCU14,FB51,L,G_orbital,UNK,unseen_or_ambiguous_to_UNK,False
sub-ccepAgeUMCU14,FB52,L,G_front_inf-Triangul,lh_G_front_inf-Triangul,unique_hemi_stem_match,True
sub-ccepAgeUMCU14,FB53,L,G_front_inf-Triangul,lh_G_front_inf-Triangul,unique_hemi_stem_match,True
sub-ccepAgeUMCU14,FB54,L,G_front_inf-Opercular,UNK,unseen_or_ambiguous_to_UNK,False
sub-ccepAgeUMCU14,FB55,L,G_precentral,lh_G_precentral,unique_hemi_stem_match,True
sub-ccepAgeUMCU14,FB56,L,G&S_subcentral,UNK,unseen_or_ambiguous_to_UNK,False
sub-ccepAgeUMCU14,FB57,L,G_orbital,UNK,unseen_or_ambiguous_to_UNK,False
sub-ccepAgeUMCU14,FB58,L,G_orbital,UNK,unseen_or_ambiguous_to_UNK,False
sub-ccepAgeUMCU14,FB59,L,G_front_inf-Orbital,UNK,unseen_or_ambiguous_to_UNK,False
sub-ccepAgeUMCU14,FB60,L,G_front_inf-Triangul,lh_G_front_inf-Triangul,unique_hemi_stem_match,True
sub-ccepAgeUMCU14,FB61,L,G_front_inf-Triangul,lh_G_front_inf-Triangul,unique_hemi_stem_match,True
sub-ccepAgeUMCU14,FB62,L,G_front_inf-Opercular,UNK,unseen_or_ambiguous_to_UNK,False
sub-ccepAgeUMCU14,FB63,L,G_temp_sup-Lateral,lh_G_temp_sup-Lateral,unique_hemi_stem_match,True
sub-ccepAgeUMCU14,FB64,L,G_temp_sup-Lateral,lh_G_temp_sup-Lateral,unique_hemi_stem_match,True
sub-ccepAgeUMCU14,MKR1+,,,UNK,unseen_or_ambiguous_to_UNK,False
sub-ccepAgeUMCU14,IH1,L,G&S_cingul-Mid-Ant,UNK,unseen_or_ambiguous_to_UNK,False
sub-ccepAgeUMCU14,IH2,L,G_front_sup,lh_G_front_sup,unique_hemi_stem_match,True
sub-ccepAgeUMCU14,IH3,L,G_front_sup,lh_G_front_sup,unique_hemi_stem_match,True
sub-ccepAgeUMCU14,IH4,L,G_front_sup,lh_G_front_sup,unique_hemi_stem_match,True
sub-ccepAgeUMCU14,IH5,L,G_front_sup,lh_G_front_sup,unique_hemi_stem_match,True
sub-ccepAgeUMCU14,IH6,L,G_front_sup,lh_G_front_sup,unique_hemi_stem_match,True
sub-ccepAgeUMCU14,IH7,L,G_front_sup,lh_G_front_sup,unique_hemi_stem_match,True
sub-ccepAgeUMCU14,IH8,L,S_front_sup,lh_S_front_sup,unique_hemi_stem_match,True
sub-ccepAgeUMCU14,xx1,,,UNK,unseen_or_ambiguous_to_UNK,False
sub-ccepAgeUMCU14,xx2,,,UNK,unseen_or_ambiguous_to_UNK,False
sub-ccepAgeUMCU14,xx3,,,UNK,unseen_or_ambiguous_to_UNK,False
sub-ccepAgeUMCU14,xx4,,,UNK,unseen_or_ambiguous_to_UNK,False
sub-ccepAgeUMCU14,D1,L,G&S_cingul-Ant,lh_G&S_cingul-Ant,unique_hemi_stem_match,True
sub-ccepAgeUMCU14,D2,L,G&S_cingul-Ant,lh_G&S_cingul-Ant,unique_hemi_stem_match,True
sub-ccepAgeUMCU14,D3,L,G&S_cingul-Ant,lh_G&S_cingul-Ant,unique_hemi_stem_match,True
sub-ccepAgeUMCU14,D4,L,S_front_sup,lh_S_front_sup,unique_hemi_stem_match,True
sub-ccepAgeUMCU14,xx09,,,UNK,unseen_or_ambiguous_to_UNK,False
sub-ccepAgeUMCU14,xx10,,,UNK,unseen_or_ambiguous_to_UNK,False
sub-ccepAgeUMCU14,xx11,,,UNK,unseen_or_ambiguous_to_UNK,False
sub-ccepAgeUMCU14,xx12,,,UNK,unseen_or_ambiguous_to_UNK,False
sub-ccepAgeUMCU14,xxx5,,,UNK,unseen_or_ambiguous_to_UNK,False
sub-ccepAgeUMCU14,xxx6,,,UNK,unseen_or_ambiguous_to_UNK,False
sub-ccepAgeUMCU14,xxx7,,,UNK,unseen_or_ambiguous_to_UNK,False
sub-ccepAgeUMCU14,xxx8,,,UNK,unseen_or_ambiguous_to_UNK,False
sub-ccepAgeUMCU14,AH+,,,UNK,unseen_or_ambiguous_to_UNK,False
sub-ccepAgeUMCU14,ECG+,,,UNK,unseen_or_ambiguous_to_UNK,False
sub-ccepAgeUMCU14,Orb+,,,UNK,unseen_or_ambiguous_to_UNK,False
sub-ccepAgeUMCU14,EMG+,,,UNK,unseen_or_ambiguous_to_UNK,False
sub-ccepAgeUMCU14,xxx01,,,UNK,unseen_or_ambiguous_to_UNK,False
sub-ccepAgeUMCU14,xxx02,,,UNK,unseen_or_ambiguous_to_UNK,False
sub-ccepAgeUMCU14,xxx03,,,UNK,unseen_or_ambiguous_to_UNK,False
sub-ccepAgeUMCU14,xxx04,,,UNK,unseen_or_ambiguous_to_UNK,False
sub-ccepAgeUMCU14,x1,,,UNK,unseen_or_ambiguous_to_UNK,False
sub-ccepAgeUMCU14,x2,,,UNK,unseen_or_ambiguous_to_UNK,False
sub-ccepAgeUMCU14,x3,,,UNK,unseen_or_ambiguous_to_UNK,False
sub-ccepAgeUMCU14,x4,,,UNK,unseen_or_ambiguous_to_UNK,False
sub-ccepAgeUMCU14,x5,,,UNK,unseen_or_ambiguous_to_UNK,False
sub-ccepAgeUMCU14,x6,,,UNK,unseen_or_ambiguous_to_UNK,False
sub-ccepAgeUMCU14,x7,,,UNK,unseen_or_ambiguous_to_UNK,False
sub-ccepAgeUMCU14,x8,,,UNK,unseen_or_ambiguous_to_UNK,False
sub-ccepAgeUMCU14,x9,,,UNK,unseen_or_ambiguous_to_UNK,False
sub-ccepAgeUMCU14,x10,,,UNK,unseen_or_ambiguous_to_UNK,False
sub-ccepAgeUMCU14,x11,,,UNK,unseen_or_ambiguous_to_UNK,False
sub-ccepAgeUMCU14,x12,,,UNK,unseen_or_ambiguous_to_UNK,False
sub-ccepAgeUMCU14,x13,,,UNK,unseen_or_ambiguous_to_UNK,False
sub-ccepAgeUMCU14,x14,,,UNK,unseen_or_ambiguous_to_UNK,False
sub-ccepAgeUMCU14,x15,,,UNK,unseen_or_ambiguous_to_UNK,False
sub-ccepAgeUMCU14,x16,,,UNK,unseen_or_ambiguous_to_UNK,False
sub-ccepAgeUMCU14,x17,,,UNK,unseen_or_ambiguous_to_UNK,False
sub-ccepAgeUMCU14,x18,,,UNK,unseen_or_ambiguous_to_UNK,False
sub-ccepAgeUMCU14,x19,,,UNK,unseen_or_ambiguous_to_UNK,False
sub-ccepAgeUMCU14,x20,,,UNK,unseen_or_ambiguous_to_UNK,False
sub-ccepAgeUMCU14,x21,,,UNK,unseen_or_ambiguous_to_UNK,False
sub-ccepAgeUMCU14,x22,,,UNK,unseen_or_ambiguous_to_UNK,False
sub-ccepAgeUMCU14,x23,,,UNK,unseen_or_ambiguous_to_UNK,False
sub-ccepAgeUMCU14,x24,,,UNK,unseen_or_ambiguous_to_UNK,False
sub-ccepAgeUMCU14,x25,,,UNK,unseen_or_ambiguous_to_UNK,False
sub-ccepAgeUMCU14,x26,,,UNK,unseen_or_ambiguous_to_UNK,False
sub-ccepAgeUMCU14,x27,,,UNK,unseen_or_ambiguous_to_UNK,False
sub-ccepAgeUMCU14,x28,,,UNK,unseen_or_ambiguous_to_UNK,False
sub-ccepAgeUMCU14,x29,,,UNK,unseen_or_ambiguous_to_UNK,False
sub-ccepAgeUMCU14,x30,,,UNK,unseen_or_ambiguous_to_UNK,False
sub-ccepAgeUMCU14,x31,,,UNK,unseen_or_ambiguous_to_UNK,False
sub-ccepAgeUMCU14,x32,,,UNK,unseen_or_ambiguous_to_UNK,False
sub-ccepAgeUMCU14,thor+,,,UNK,unseen_or_ambiguous_to_UNK,False
sub-ccepAgeUMCU14,abdo+,,,UNK,unseen_or_ambiguous_to_UNK,False
sub-ccepAgeUMCU14,xyz+,,,UNK,unseen_or_ambiguous_to_UNK,False
sub-ccepAgeUMCU14,MKR2+,,,UNK,unseen_or_ambiguous_to_UNK,False
sub-ccepAgeUMCU15,AT01,R,G_occipital_sup,UNK,unseen_or_ambiguous_to_UNK,False
sub-ccepAgeUMCU15,AT02,R,G_occipital_sup,UNK,unseen_or_ambiguous_to_UNK,False
sub-ccepAgeUMCU15,AT03,R,G_occipital_middle,rh_G_occipital_middle,unique_hemi_stem_match,True
sub-ccepAgeUMCU15,AT04,R,G_pariet_inf-Angular,rh_G_pariet_inf-Angular,unique_hemi_stem_match,True
sub-ccepAgeUMCU15,AT05,R,G_pariet_inf-Angular,rh_G_pariet_inf-Angular,unique_hemi_stem_match,True
sub-ccepAgeUMCU15,AT06,R,G_pariet_inf-Angular,rh_G_pariet_inf-Angular,unique_hemi_stem_match,True
sub-ccepAgeUMCU15,AT07,R,G_pariet_inf-Angular,rh_G_pariet_inf-Angular,unique_hemi_stem_match,True
sub-ccepAgeUMCU15,AT08,R,G_pariet_inf-Supramar,rh_G_pariet_inf-Supramar,unique_hemi_stem_match,True
sub-ccepAgeUMCU15,AT09,R,G_occipital_sup,UNK,unseen_or_ambiguous_to_UNK,False
sub-ccepAgeUMCU15,AT10,R,G_occipital_sup,UNK,unseen_or_ambiguous_to_UNK,False
sub-ccepAgeUMCU15,AT11,R,G_occipital_middle,rh_G_occipital_middle,unique_hemi_stem_match,True
sub-ccepAgeUMCU15,AT12,R,G_occipital_middle,rh_G_occipital_middle,unique_hemi_stem_match,True
sub-ccepAgeUMCU15,AT13,R,G_pariet_inf-Angular,rh_G_pariet_inf-Angular,unique_hemi_stem_match,True
sub-ccepAgeUMCU15,AT14,R,G_pariet_inf-Angular,rh_G_pariet_inf-Angular,unique_hemi_stem_match,True
sub-ccepAgeUMCU15,AT15,R,G_pariet_inf-Angular,rh_G_pariet_inf-Angular,unique_hemi_stem_match,True
sub-ccepAgeUMCU15,AT16,R,G_temp_sup-Lateral,rh_G_temp_sup-Lateral,unique_hemi_stem_match,True
sub-ccepAgeUMCU15,AT17,R,Pole_occipital,UNK,unseen_or_ambiguous_to_UNK,False
sub-ccepAgeUMCU15,AT18,R,Pole_occipital,UNK,unseen_or_ambiguous_to_UNK,False
sub-ccepAgeUMCU15,AT19,R,G_occipital_middle,rh_G_occipital_middle,unique_hemi_stem_match,True
sub-ccepAgeUMCU15,AT20,R,G_occipital_middle,rh_G_occipital_middle,unique_hemi_stem_match,True
sub-ccepAgeUMCU15,AT21,R,G_occipital_middle,rh_G_occipital_middle,unique_hemi_stem_match,True
sub-ccepAgeUMCU15,AT22,R,G_temporal_middle,rh_G_temporal_middle,unique_hemi_stem_match,True
sub-ccepAgeUMCU15,AT23,R,G_temporal_middle,rh_G_temporal_middle,unique_hemi_stem_match,True
sub-ccepAgeUMCU15,AT24,R,G_temporal_middle,rh_G_temporal_middle,unique_hemi_stem_match,True
sub-ccepAgeUMCU15,AT25,R,Pole_occipital,UNK,unseen_or_ambiguous_to_UNK,False
sub-ccepAgeUMCU15,AT26,R,Pole_occipital,UNK,unseen_or_ambiguous_to_UNK,False
sub-ccepAgeUMCU15,AT27,R,S_oc_middle&Lunatus,UNK,unseen_or_ambiguous_to_UNK,False
sub-ccepAgeUMCU15,AT28,R,S_oc_middle&Lunatus,UNK,unseen_or_ambiguous_to_UNK,False
sub-ccepAgeUMCU15,AT29,R,G_occipital_middle,rh_G_occipital_middle,unique_hemi_stem_match,True
sub-ccepAgeUMCU15,AT30,R,G_temporal_inf,rh_G_temporal_inf,unique_hemi_stem_match,True
sub-ccepAgeUMCU15,AT31,R,G_temporal_inf,rh_G_temporal_inf,unique_hemi_stem_match,True
sub-ccepAgeUMCU15,AT32,R,G_temporal_inf,rh_G_temporal_inf,unique_hemi_stem_match,True
sub-ccepAgeUMCU15,sOc1,R,G_precuneus,rh_G_precuneus,unique_hemi_stem_match,True
sub-ccepAgeUMCU15,sOc2,R,G_oc-temp_med-Lingual,rh_G_oc-temp_med-Lingual,unique_hemi_stem_match,True
sub-ccepAgeUMCU15,sOc3,R,G_oc-temp_med-Lingual,rh_G_oc-temp_med-Lingual,unique_hemi_stem_match,True
sub-ccepAgeUMCU15,sOC4,R,G_oc-temp_lat-fusifor,UNK,unseen_or_ambiguous_to_UNK,False
sub-ccepAgeUMCU15,sOc5,R,G&S_occipital_inf,rh_G&S_occipital_inf,unique_hemi_stem_match,True
sub-ccepAgeUMCU15,sOc6,R,G&S_occipital_inf,rh_G&S_occipital_inf,unique_hemi_stem_match,True
sub-ccepAgeUMCU15,sOc7,R,Pole_occipital,UNK,unseen_or_ambiguous_to_UNK,False
sub-ccepAgeUMCU15,sOc8,R,S_oc_middle&Lunatus,UNK,unseen_or_ambiguous_to_UNK,False
sub-ccepAgeUMCU15,sTa1,R,G_oc-temp_med-Lingual,rh_G_oc-temp_med-Lingual,unique_hemi_stem_match,True
sub-ccepAgeUMCU15,sTa2,R,G_oc-temp_med-Lingual,rh_G_oc-temp_med-Lingual,unique_hemi_stem_match,True
sub-ccepAgeUMCU15,sTa3,R,G_oc-temp_lat-fusifor,UNK,unseen_or_ambiguous_to_UNK,False
sub-ccepAgeUMCU15,sTa4,R,S_oc-temp_lat,rh_S_oc-temp_lat,unique_hemi_stem_match,True
sub-ccepAgeUMCU15,sTa5,R,G&S_occipital_inf,rh_G&S_occipital_inf,unique_hemi_stem_match,True
sub-ccepAgeUMCU15,sTa6,R,G_occipital_middle,rh_G_occipital_middle,unique_hemi_stem_match,True
sub-ccepAgeUMCU15,sTa7,R,G_occipital_middle,rh_G_occipital_middle,unique_hemi_stem_match,True
sub-ccepAgeUMCU15,sTa8,R,G_occipital_middle,rh_G_occipital_middle,unique_hemi_stem_match,True
sub-ccepAgeUMCU15,sTv1,R,S_pericallosal,rh_S_pericallosal,unique_hemi_stem_match,True
sub-ccepAgeUMCU15,sTv2,R,G_cingul-Post-ventral,rh_G_cingul-Post-ventral,unique_hemi_stem_match,True
sub-ccepAgeUMCU15,sTv3,R,G_oc-temp_med-Lingual,rh_G_oc-temp_med-Lingual,unique_hemi_stem_match,True
sub-ccepAgeUMCU15,sTv4,R,G_oc-temp_lat-fusifor,UNK,unseen_or_ambiguous_to_UNK,False
sub-ccepAgeUMCU15,sTv5,R,G_oc-temp_lat-fusifor,UNK,unseen_or_ambiguous_to_UNK,False
sub-ccepAgeUMCU15,sTv6,R,S_oc-temp_lat,rh_S_oc-temp_lat,unique_hemi_stem_match,True
sub-ccepAgeUMCU15,sTv7,R,G_temporal_inf,rh_G_temporal_inf,unique_hemi_stem_match,True
sub-ccepAgeUMCU15,sTv8,R,G_temporal_inf,rh_G_temporal_inf,unique_hemi_stem_match,True
sub-ccepAgeUMCU15,T01,R,G_temporal_middle,rh_G_temporal_middle,unique_hemi_stem_match,True
sub-ccepAgeUMCU15,T02,R,G_temporal_middle,rh_G_temporal_middle,unique_hemi_stem_match,True
sub-ccepAgeUMCU15,T03,R,G_temporal_middle,rh_G_temporal_middle,unique_hemi_stem_match,True
sub-ccepAgeUMCU15,T04,R,G_temporal_middle,rh_G_temporal_middle,unique_hemi_stem_match,True
sub-ccepAgeUMCU15,T05,R,G_temporal_middle,rh_G_temporal_middle,unique_hemi_stem_match,True
sub-ccepAgeUMCU15,T06,R,G_temporal_middle,rh_G_temporal_middle,unique_hemi_stem_match,True
sub-ccepAgeUMCU15,T07,R,G_temporal_middle,rh_G_temporal_middle,unique_hemi_stem_match,True
sub-ccepAgeUMCU15,T08,R,G_temporal_middle,rh_G_temporal_middle,unique_hemi_stem_match,True
sub-ccepAgeUMCU15,MKR1+,,,UNK,unseen_or_ambiguous_to_UNK,False
sub-ccepAgeUMCU15,el065,,,UNK,unseen_or_ambiguous_to_UNK,False
sub-ccepAgeUMCU15,el066,,,UNK,unseen_or_ambiguous_to_UNK,False
sub-ccepAgeUMCU15,el067,,,UNK,unseen_or_ambiguous_to_UNK,False
sub-ccepAgeUMCU15,el068,,,UNK,unseen_or_ambiguous_to_UNK,False
sub-ccepAgeUMCU15,el069,,,UNK,unseen_or_ambiguous_to_UNK,False
sub-ccepAgeUMCU15,el070,,,UNK,unseen_or_ambiguous_to_UNK,False
sub-ccepAgeUMCU15,el071,,,UNK,unseen_or_ambiguous_to_UNK,False
sub-ccepAgeUMCU15,el072,,,UNK,unseen_or_ambiguous_to_UNK,False
sub-ccepAgeUMCU15,el073,,,UNK,unseen_or_ambiguous_to_UNK,False
sub-ccepAgeUMCU15,el074,,,UNK,unseen_or_ambiguous_to_UNK,False
sub-ccepAgeUMCU15,el075,,,UNK,unseen_or_ambiguous_to_UNK,False
sub-ccepAgeUMCU15,el076,,,UNK,unseen_or_ambiguous_to_UNK,False
sub-ccepAgeUMCU15,el077,,,UNK,unseen_or_ambiguous_to_UNK,False
sub-ccepAgeUMCU15,el078,,,UNK,unseen_or_ambiguous_to_UNK,False
sub-ccepAgeUMCU15,el079,,,UNK,unseen_or_ambiguous_to_UNK,False
sub-ccepAgeUMCU15,el080,,,UNK,unseen_or_ambiguous_to_UNK,False
sub-ccepAgeUMCU15,el081,,,UNK,unseen_or_ambiguous_to_UNK,False
sub-ccepAgeUMCU15,el082,,,UNK,unseen_or_ambiguous_to_UNK,False
sub-ccepAgeUMCU15,el083,,,UNK,unseen_or_ambiguous_to_UNK,False
sub-ccepAgeUMCU15,el084,,,UNK,unseen_or_ambiguous_to_UNK,False
sub-ccepAgeUMCU15,el085,,,UNK,unseen_or_ambiguous_to_UNK,False
sub-ccepAgeUMCU15,el086,,,UNK,unseen_or_ambiguous_to_UNK,False
sub-ccepAgeUMCU15,el087,,,UNK,unseen_or_ambiguous_to_UNK,False
sub-ccepAgeUMCU15,el088,,,UNK,unseen_or_ambiguous_to_UNK,False
sub-ccepAgeUMCU15,AH+,,,UNK,unseen_or_ambiguous_to_UNK,False
sub-ccepAgeUMCU15,ECG+,,,UNK,unseen_or_ambiguous_to_UNK,False
sub-ccepAgeUMCU15,orb+,,,UNK,unseen_or_ambiguous_to_UNK,False
sub-ccepAgeUMCU15,emg+,,,UNK,unseen_or_ambiguous_to_UNK,False
sub-ccepAgeUMCU15,el093,,,UNK,unseen_or_ambiguous_to_UNK,False
sub-ccepAgeUMCU15,el094,,,UNK,unseen_or_ambiguous_to_UNK,False
sub-ccepAgeUMCU15,el095,,,UNK,unseen_or_ambiguous_to_UNK,False
sub-ccepAgeUMCU15,el096,,,UNK,unseen_or_ambiguous_to_UNK,False
sub-ccepAgeUMCU15,el097,,,UNK,unseen_or_ambiguous_to_UNK,False
sub-ccepAgeUMCU15,el098,,,UNK,unseen_or_ambiguous_to_UNK,False
sub-ccepAgeUMCU15,el099,,,UNK,unseen_or_ambiguous_to_UNK,False
sub-ccepAgeUMCU15,el100,,,UNK,unseen_or_ambiguous_to_UNK,False
sub-ccepAgeUMCU15,el101,,,UNK,unseen_or_ambiguous_to_UNK,False
sub-ccepAgeUMCU15,el102,,,UNK,unseen_or_ambiguous_to_UNK,False
sub-ccepAgeUMCU15,el103,,,UNK,unseen_or_ambiguous_to_UNK,False
sub-ccepAgeUMCU15,el104,,,UNK,unseen_or_ambiguous_to_UNK,False
sub-ccepAgeUMCU15,el105,,,UNK,unseen_or_ambiguous_to_UNK,False
sub-ccepAgeUMCU15,el106,,,UNK,unseen_or_ambiguous_to_UNK,False
sub-ccepAgeUMCU15,el107,,,UNK,unseen_or_ambiguous_to_UNK,False
sub-ccepAgeUMCU15,el108,,,UNK,unseen_or_ambiguous_to_UNK,False
sub-ccepAgeUMCU15,el109,,,UNK,unseen_or_ambiguous_to_UNK,False
sub-ccepAgeUMCU15,el110,,,UNK,unseen_or_ambiguous_to_UNK,False
sub-ccepAgeUMCU15,el111,,,UNK,unseen_or_ambiguous_to_UNK,False
sub-ccepAgeUMCU15,el112,,,UNK,unseen_or_ambiguous_to_UNK,False
sub-ccepAgeUMCU15,el113,,,UNK,unseen_or_ambiguous_to_UNK,False
sub-ccepAgeUMCU15,el114,,,UNK,unseen_or_ambiguous_to_UNK,False
sub-ccepAgeUMCU15,el115,,,UNK,unseen_or_ambiguous_to_UNK,False
sub-ccepAgeUMCU15,el116,,,UNK,unseen_or_ambiguous_to_UNK,False
sub-ccepAgeUMCU15,el117,,,UNK,unseen_or_ambiguous_to_UNK,False
sub-ccepAgeUMCU15,el118,,,UNK,unseen_or_ambiguous_to_UNK,False
sub-ccepAgeUMCU15,el119,,,UNK,unseen_or_ambiguous_to_UNK,False
sub-ccepAgeUMCU15,el120,,,UNK,unseen_or_ambiguous_to_UNK,False
sub-ccepAgeUMCU15,el121,,,UNK,unseen_or_ambiguous_to_UNK,False
sub-ccepAgeUMCU15,el122,,,UNK,unseen_or_ambiguous_to_UNK,False
sub-ccepAgeUMCU15,el123,,,UNK,unseen_or_ambiguous_to_UNK,False
sub-ccepAgeUMCU15,el124,,,UNK,unseen_or_ambiguous_to_UNK,False
sub-ccepAgeUMCU15,el125,,,UNK,unseen_or_ambiguous_to_UNK,False
sub-ccepAgeUMCU15,el126,,,UNK,unseen_or_ambiguous_to_UNK,False
sub-ccepAgeUMCU15,el127,,,UNK,unseen_or_ambiguous_to_UNK,False
sub-ccepAgeUMCU15,el128,,,UNK,unseen_or_ambiguous_to_UNK,False
sub-ccepAgeUMCU15,thor+,,,UNK,unseen_or_ambiguous_to_UNK,False
sub-ccepAgeUMCU15,abdo+,,,UNK,unseen_or_ambiguous_to_UNK,False
sub-ccepAgeUMCU15,xyz+,,,UNK,unseen_or_ambiguous_to_UNK,False
sub-ccepAgeUMCU15,MKR2+,,,UNK,unseen_or_ambiguous_to_UNK,False
sub-ccepAgeUMCU16,T01,L,G_front_inf-Orbital,UNK,unseen_or_ambiguous_to_UNK,False
sub-ccepAgeUMCU16,T02,L,G_temp_sup-Lateral,lh_G_temp_sup-Lateral,unique_hemi_stem_match,True
sub-ccepAgeUMCU16,T03,L,G_temp_sup-Lateral,lh_G_temp_sup-Lateral,unique_hemi_stem_match,True
sub-ccepAgeUMCU16,T04,L,G_temp_sup-Lateral,lh_G_temp_sup-Lateral,unique_hemi_stem_match,True
sub-ccepAgeUMCU16,T05,L,G_temp_sup-Lateral,lh_G_temp_sup-Lateral,unique_hemi_stem_match,True
sub-ccepAgeUMCU16,T06,L,G_pariet_inf-Supramar,lh_G_pariet_inf-Supramar,unique_hemi_stem_match,True
sub-ccepAgeUMCU16,T07,L,G_temp_sup-Lateral,lh_G_temp_sup-Lateral,unique_hemi_stem_match,True
sub-ccepAgeUMCU16,T08,L,G_temp_sup-Plan_tempo,lh_G_temp_sup-Plan_tempo,unique_hemi_stem_match,True
sub-ccepAgeUMCU16,T09,L,G_temp_sup-Lateral,lh_G_temp_sup-Lateral,unique_hemi_stem_match,True
sub-ccepAgeUMCU16,T10,L,G_temp_sup-Lateral,lh_G_temp_sup-Lateral,unique_hemi_stem_match,True
sub-ccepAgeUMCU16,T11,L,G_temporal_middle,lh_G_temporal_middle,unique_hemi_stem_match,True
sub-ccepAgeUMCU16,T12,L,S_temporal_sup,lh_S_temporal_sup,unique_hemi_stem_match,True
sub-ccepAgeUMCU16,T13,L,S_temporal_sup,lh_S_temporal_sup,unique_hemi_stem_match,True
sub-ccepAgeUMCU16,T14,L,S_temporal_sup,lh_S_temporal_sup,unique_hemi_stem_match,True
sub-ccepAgeUMCU16,T15,L,G_temp_sup-Lateral,lh_G_temp_sup-Lateral,unique_hemi_stem_match,True
sub-ccepAgeUMCU16,T16,L,G_pariet_inf-Supramar,lh_G_pariet_inf-Supramar,unique_hemi_stem_match,True
sub-ccepAgeUMCU16,T17,L,G_temporal_middle,lh_G_temporal_middle,unique_hemi_stem_match,True
sub-ccepAgeUMCU16,T18,L,G_temporal_middle,lh_G_temporal_middle,unique_hemi_stem_match,True
sub-ccepAgeUMCU16,T19,L,G_temporal_middle,lh_G_temporal_middle,unique_hemi_stem_match,True
sub-ccepAgeUMCU16,T20,L,G_temporal_middle,lh_G_temporal_middle,unique_hemi_stem_match,True
sub-ccepAgeUMCU16,T21,L,G_temporal_middle,lh_G_temporal_middle,unique_hemi_stem_match,True
sub-ccepAgeUMCU16,T22,L,G_temporal_middle,lh_G_temporal_middle,unique_hemi_stem_match,True
sub-ccepAgeUMCU16,T23,L,G_temp_sup-Lateral,lh_G_temp_sup-Lateral,unique_hemi_stem_match,True
sub-ccepAgeUMCU16,T24,L,G_temp_sup-Lateral,lh_G_temp_sup-Lateral,unique_hemi_stem_match,True
sub-ccepAgeUMCU16,T25,L,G_temporal_inf,lh_G_temporal_inf,unique_hemi_stem_match,True
sub-ccepAgeUMCU16,T26,L,G_temporal_inf,lh_G_temporal_inf,unique_hemi_stem_match,True
sub-ccepAgeUMCU16,T27,L,G_temporal_inf,lh_G_temporal_inf,unique_hemi_stem_match,True
sub-ccepAgeUMCU16,T28,L,G_temporal_middle,lh_G_temporal_middle,unique_hemi_stem_match,True
sub-ccepAgeUMCU16,T29,L,G_temporal_middle,lh_G_temporal_middle,unique_hemi_stem_match,True
sub-ccepAgeUMCU16,T30,L,G_temporal_middle,lh_G_temporal_middle,unique_hemi_stem_match,True
sub-ccepAgeUMCU16,T31,L,G_temporal_middle,lh_G_temporal_middle,unique_hemi_stem_match,True
sub-ccepAgeUMCU16,T32,L,G&S_occipital_inf,UNK,unseen_or_ambiguous_to_UNK,False
sub-ccepAgeUMCU16,AT33,L,G_oc-temp_med-Lingual,UNK,unseen_or_ambiguous_to_UNK,False
sub-ccepAgeUMCU16,AT34,L,S_oc_middle&Lunatus,UNK,unseen_or_ambiguous_to_UNK,False
sub-ccepAgeUMCU16,AT35,L,G_occipital_middle,UNK,unseen_or_ambiguous_to_UNK,False
sub-ccepAgeUMCU16,AT36,L,G&S_occipital_inf,UNK,unseen_or_ambiguous_to_UNK,False
sub-ccepAgeUMCU16,AT37,L,G&S_occipital_inf,UNK,unseen_or_ambiguous_to_UNK,False
sub-ccepAgeUMCU16,AT38,L,G&S_occipital_inf,UNK,unseen_or_ambiguous_to_UNK,False
sub-ccepAgeUMCU16,AT39,L,G&S_occipital_inf,UNK,unseen_or_ambiguous_to_UNK,False
sub-ccepAgeUMCU16,AT40,L,G_temporal_middle,lh_G_temporal_middle,unique_hemi_stem_match,True
sub-ccepAgeUMCU16,AT41,L,Pole_occipital,UNK,unseen_or_ambiguous_to_UNK,False
sub-ccepAgeUMCU16,AT42,L,Pole_occipital,UNK,unseen_or_ambiguous_to_UNK,False
sub-ccepAgeUMCU16,AT43,L,Pole_occipital,UNK,unseen_or_ambiguous_to_UNK,False
sub-ccepAgeUMCU16,AT44,L,G_occipital_middle,UNK,unseen_or_ambiguous_to_UNK,False
sub-ccepAgeUMCU16,AT45,L,G_occipital_middle,UNK,unseen_or_ambiguous_to_UNK,False
sub-ccepAgeUMCU16,AT46,L,G&S_occipital_inf,UNK,unseen_or_ambiguous_to_UNK,False
sub-ccepAgeUMCU16,AT47,L,S_temporal_sup,lh_S_temporal_sup,unique_hemi_stem_match,True
sub-ccepAgeUMCU16,AT48,L,G_temporal_middle,lh_G_temporal_middle,unique_hemi_stem_match,True
sub-ccepAgeUMCU16,P49,L,G_postcentral,lh_G_postcentral,unique_hemi_stem_match,True
sub-ccepAgeUMCU16,P50,L,S_postcentral,lh_S_postcentral,unique_hemi_stem_match,True
sub-ccepAgeUMCU16,P51,L,S_postcentral,lh_S_postcentral,unique_hemi_stem_match,True
sub-ccepAgeUMCU16,P52,L,S_intrapariet&P_trans,UNK,unseen_or_ambiguous_to_UNK,False
sub-ccepAgeUMCU16,P53,L,G_pariet_inf-Angular,UNK,unseen_or_ambiguous_to_UNK,False
sub-ccepAgeUMCU16,P54,L,G_pariet_inf-Angular,UNK,unseen_or_ambiguous_to_UNK,False
sub-ccepAgeUMCU16,P55,L,S_temporal_sup,lh_S_temporal_sup,unique_hemi_stem_match,True
sub-ccepAgeUMCU16,P56,L,G_temporal_middle,lh_G_temporal_middle,unique_hemi_stem_match,True
sub-ccepAgeUMCU16,P57,L,S_central,lh_S_central,unique_hemi_stem_match,True
sub-ccepAgeUMCU16,P58,L,G_postcentral,lh_G_postcentral,unique_hemi_stem_match,True
sub-ccepAgeUMCU16,P59,L,S_postcentral,lh_S_postcentral,unique_hemi_stem_match,True
sub-ccepAgeUMCU16,P60,L,S_intrapariet&P_trans,UNK,unseen_or_ambiguous_to_UNK,False
sub-ccepAgeUMCU16,P61,L,S_intrapariet&P_trans,UNK,unseen_or_ambiguous_to_UNK,False
sub-ccepAgeUMCU16,P62,L,S_interm_prim-Jensen,lh_S_interm_prim-Jensen,unique_hemi_stem_match,True
sub-ccepAgeUMCU16,P63,L,S_temporal_sup,lh_S_temporal_sup,unique_hemi_stem_match,True
sub-ccepAgeUMCU16,P64,L,S_temporal_sup,lh_S_temporal_sup,unique_hemi_stem_match,True
sub-ccepAgeUMCU16,MKR1+,,,UNK,unseen_or_ambiguous_to_UNK,False
sub-ccepAgeUMCU16,sTv1,L,G_oc-temp_med-Parahip,lh_G_oc-temp_med-Parahip,unique_hemi_stem_match,True
sub-ccepAgeUMCU16,sTv2,L,G_oc-temp_med-Parahip,lh_G_oc-temp_med-Parahip,unique_hemi_stem_match,True
sub-ccepAgeUMCU16,sTv3,L,Pole_temporal,UNK,unseen_or_ambiguous_to_UNK,False
sub-ccepAgeUMCU16,sTv4,L,Pole_temporal,UNK,unseen_or_ambiguous_to_UNK,False
sub-ccepAgeUMCU16,sTv5,L,Pole_temporal,UNK,unseen_or_ambiguous_to_UNK,False
sub-ccepAgeUMCU16,sTv6,L,G_temp_sup-Lateral,lh_G_temp_sup-Lateral,unique_hemi_stem_match,True
sub-ccepAgeUMCU16,sTv7,L,G_temp_sup-Lateral,lh_G_temp_sup-Lateral,unique_hemi_stem_match,True
sub-ccepAgeUMCU16,sTv8,L,G_temp_sup-Lateral,lh_G_temp_sup-Lateral,unique_hemi_stem_match,True
sub-ccepAgeUMCU16,sTa1,L,G_oc-temp_med-Lingual,UNK,unseen_or_ambiguous_to_UNK,False
sub-ccepAgeUMCU16,sTa2,L,G_oc-temp_med-Lingual,UNK,unseen_or_ambiguous_to_UNK,False
sub-ccepAgeUMCU16,sTa3,L,G_oc-temp_med-Parahip,lh_G_oc-temp_med-Parahip,unique_hemi_stem_match,True
sub-ccepAgeUMCU16,sTa4,L,G_oc-temp_med-Parahip,lh_G_oc-temp_med-Parahip,unique_hemi_stem_match,True
sub-ccepAgeUMCU16,sTa5,L,G_oc-temp_med-Parahip,lh_G_oc-temp_med-Parahip,unique_hemi_stem_match,True
sub-ccepAgeUMCU16,sTa6,L,S_collat_transv_ant,UNK,unseen_or_ambiguous_to_UNK,False
sub-ccepAgeUMCU16,sTa7,L,G_temporal_inf,lh_G_temporal_inf,unique_hemi_stem_match,True
sub-ccepAgeUMCU16,sTa8,L,S_temporal_inf,lh_S_temporal_inf,unique_hemi_stem_match,True
sub-ccepAgeUMCU16,sOc1,L,S_calcarine,UNK,unseen_or_ambiguous_to_UNK,False
sub-ccepAgeUMCU16,sOc2,L,S_calcarine,UNK,unseen_or_ambiguous_to_UNK,False
sub-ccepAgeUMCU16,sOc3,L,G_oc-temp_med-Lingual,UNK,unseen_or_ambiguous_to_UNK,False
sub-ccepAgeUMCU16,sOc4,L,G_oc-temp_med-Lingual,UNK,unseen_or_ambiguous_to_UNK,False
sub-ccepAgeUMCU16,sOc5,L,S_oc-temp_med&Lingual,lh_S_oc-temp_med&Lingual,unique_hemi_stem_match,True
sub-ccepAgeUMCU16,sOc6,L,S_oc-temp_med&Lingual,lh_S_oc-temp_med&Lingual,unique_hemi_stem_match,True
sub-ccepAgeUMCU16,sOc7,L,G_oc-temp_lat-fusifor,UNK,unseen_or_ambiguous_to_UNK,False
sub-ccepAgeUMCU16,sOc8,L,G_oc-temp_lat-fusifor,UNK,unseen_or_ambiguous_to_UNK,False
sub-ccepAgeUMCU16,AH+,,,UNK,unseen_or_ambiguous_to_UNK,False
sub-ccepAgeUMCU16,ECG+,,,UNK,unseen_or_ambiguous_to_UNK,False
sub-ccepAgeUMCU16,orb+,,,UNK,unseen_or_ambiguous_to_UNK,False
sub-ccepAgeUMCU16,emg+,,,UNK,unseen_or_ambiguous_to_UNK,False
sub-ccepAgeUMCU16,el093,,,UNK,unseen_or_ambiguous_to_UNK,False
sub-ccepAgeUMCU16,el094,,,UNK,unseen_or_ambiguous_to_UNK,False
sub-ccepAgeUMCU16,el095,,,UNK,unseen_or_ambiguous_to_UNK,False
sub-ccepAgeUMCU16,el096,,,UNK,unseen_or_ambiguous_to_UNK,False
sub-ccepAgeUMCU16,el097,,,UNK,unseen_or_ambiguous_to_UNK,False
sub-ccepAgeUMCU16,el098,,,UNK,unseen_or_ambiguous_to_UNK,False
sub-ccepAgeUMCU16,el099,,,UNK,unseen_or_ambiguous_to_UNK,False
sub-ccepAgeUMCU16,el100,,,UNK,unseen_or_ambiguous_to_UNK,False
sub-ccepAgeUMCU16,el101,,,UNK,unseen_or_ambiguous_to_UNK,False
sub-ccepAgeUMCU16,el102,,,UNK,unseen_or_ambiguous_to_UNK,False
sub-ccepAgeUMCU16,el103,,,UNK,unseen_or_ambiguous_to_UNK,False
sub-ccepAgeUMCU16,el104,,,UNK,unseen_or_ambiguous_to_UNK,False
sub-ccepAgeUMCU16,el105,,,UNK,unseen_or_ambiguous_to_UNK,False
sub-ccepAgeUMCU16,el106,,,UNK,unseen_or_ambiguous_to_UNK,False
sub-ccepAgeUMCU16,el107,,,UNK,unseen_or_ambiguous_to_UNK,False
sub-ccepAgeUMCU16,el108,,,UNK,unseen_or_ambiguous_to_UNK,False
sub-ccepAgeUMCU16,el109,,,UNK,unseen_or_ambiguous_to_UNK,False
sub-ccepAgeUMCU16,el110,,,UNK,unseen_or_ambiguous_to_UNK,False
sub-ccepAgeUMCU16,el111,,,UNK,unseen_or_ambiguous_to_UNK,False
sub-ccepAgeUMCU16,el112,,,UNK,unseen_or_ambiguous_to_UNK,False
sub-ccepAgeUMCU16,el113,,,UNK,unseen_or_ambiguous_to_UNK,False
sub-ccepAgeUMCU16,el114,,,UNK,unseen_or_ambiguous_to_UNK,False
sub-ccepAgeUMCU16,el115,,,UNK,unseen_or_ambiguous_to_UNK,False
sub-ccepAgeUMCU16,el116,,,UNK,unseen_or_ambiguous_to_UNK,False
sub-ccepAgeUMCU16,el117,,,UNK,unseen_or_ambiguous_to_UNK,False
sub-ccepAgeUMCU16,el118,,,UNK,unseen_or_ambiguous_to_UNK,False
sub-ccepAgeUMCU16,el119,,,UNK,unseen_or_ambiguous_to_UNK,False
sub-ccepAgeUMCU16,el120,,,UNK,unseen_or_ambiguous_to_UNK,False
sub-ccepAgeUMCU16,el121,,,UNK,unseen_or_ambiguous_to_UNK,False
sub-ccepAgeUMCU16,el122,,,UNK,unseen_or_ambiguous_to_UNK,False
sub-ccepAgeUMCU16,el123,,,UNK,unseen_or_ambiguous_to_UNK,False
sub-ccepAgeUMCU16,el124,,,UNK,unseen_or_ambiguous_to_UNK,False
sub-ccepAgeUMCU16,el125,,,UNK,unseen_or_ambiguous_to_UNK,False
sub-ccepAgeUMCU16,el126,,,UNK,unseen_or_ambiguous_to_UNK,False
sub-ccepAgeUMCU16,el127,,,UNK,unseen_or_ambiguous_to_UNK,False
sub-ccepAgeUMCU16,el128,,,UNK,unseen_or_ambiguous_to_UNK,False
sub-ccepAgeUMCU16,thor+,,,UNK,unseen_or_ambiguous_to_UNK,False
sub-ccepAgeUMCU16,abdo+,,,UNK,unseen_or_ambiguous_to_UNK,False
sub-ccepAgeUMCU16,xyz+,,,UNK,unseen_or_ambiguous_to_UNK,False
sub-ccepAgeUMCU16,MKR2+,,,UNK,unseen_or_ambiguous_to_UNK,False
sub-ccepAgeUMCU17,CL01,L,G_parietal_sup,UNK,unseen_or_ambiguous_to_UNK,False
sub-ccepAgeUMCU17,CL02,L,G_parietal_sup,UNK,unseen_or_ambiguous_to_UNK,False
sub-ccepAgeUMCU17,CL03,L,G_parietal_sup,UNK,unseen_or_ambiguous_to_UNK,False
sub-ccepAgeUMCU17,CL04,L,G_parietal_sup,UNK,unseen_or_ambiguous_to_UNK,False
sub-ccepAgeUMCU17,CL05,L,G_parietal_sup,UNK,unseen_or_ambiguous_to_UNK,False
sub-ccepAgeUMCU17,CL06,L,G_parietal_sup,UNK,unseen_or_ambiguous_to_UNK,False
sub-ccepAgeUMCU17,CL07,L,G_postcentral,lh_G_postcentral,unique_hemi_stem_match,True
sub-ccepAgeUMCU17,CL08,L,G_precentral,lh_G_precentral,unique_hemi_stem_match,True
sub-ccepAgeUMCU17,CL09,L,G_parietal_sup,UNK,unseen_or_ambiguous_to_UNK,False
sub-ccepAgeUMCU17,CL10,L,G_parietal_sup,UNK,unseen_or_ambiguous_to_UNK,False
sub-ccepAgeUMCU17,CL11,L,G_parietal_sup,UNK,unseen_or_ambiguous_to_UNK,False
sub-ccepAgeUMCU17,CL12,L,G_parietal_sup,UNK,unseen_or_ambiguous_to_UNK,False
sub-ccepAgeUMCU17,CL13,L,G_parietal_sup,UNK,unseen_or_ambiguous_to_UNK,False
sub-ccepAgeUMCU17,CL14,L,G_parietal_sup,UNK,unseen_or_ambiguous_to_UNK,False
sub-ccepAgeUMCU17,CL15,L,G_postcentral,lh_G_postcentral,unique_hemi_stem_match,True
sub-ccepAgeUMCU17,CL16,L,G_precentral,lh_G_precentral,unique_hemi_stem_match,True
sub-ccepAgeUMCU17,IHaL1,L,G&S_cingul-Mid-Post,lh_G&S_cingul-Mid-Post,unique_hemi_stem_match,True
sub-ccepAgeUMCU17,IHaL2,L,G_cingul-Post-dorsal,lh_G_cingul-Post-dorsal,unique_hemi_stem_match,True
sub-ccepAgeUMCU17,IHaL3,L,G_cingul-Post-dorsal,lh_G_cingul-Post-dorsal,unique_hemi_stem_match,True
sub-ccepAgeUMCU17,IHaL4,L,G_precuneus,UNK,unseen_or_ambiguous_to_UNK,False
sub-ccepAgeUMCU17,IHaL5,L,G_precuneus,UNK,unseen_or_ambiguous_to_UNK,False
sub-ccepAgeUMCU17,IHaL6,L,G_precuneus,UNK,unseen_or_ambiguous_to_UNK,False
sub-ccepAgeUMCU17,IHaL7,L,G_precuneus,UNK,unseen_or_ambiguous_to_UNK,False
sub-ccepAgeUMCU17,IHaL8,L,G_parietal_sup,UNK,unseen_or_ambiguous_to_UNK,False
sub-ccepAgeUMCU17,IHvL1,L,G&S_cingul-Mid-Post,lh_G&S_cingul-Mid-Post,unique_hemi_stem_match,True
sub-ccepAgeUMCU17,IHvL2,L,G&S_cingul-Mid-Post,lh_G&S_cingul-Mid-Post,unique_hemi_stem_match,True
sub-ccepAgeUMCU17,IHvL3,L,G_front_sup,lh_G_front_sup,unique_hemi_stem_match,True
sub-ccepAgeUMCU17,IHvL4,L,G&S_paracentral,UNK,unseen_or_ambiguous_to_UNK,False
sub-ccepAgeUMCU17,IHvL5,L,G&S_paracentral,UNK,unseen_or_ambiguous_to_UNK,False
sub-ccepAgeUMCU17,IHvL6,L,G&S_paracentral,UNK,unseen_or_ambiguous_to_UNK,False
sub-ccepAgeUMCU17,IHvL7,L,G&S_paracentral,UNK,unseen_or_ambiguous_to_UNK,False
sub-ccepAgeUMCU17,IHvL8,L,G_parietal_sup,UNK,unseen_or_ambiguous_to_UNK,False
sub-ccepAgeUMCU17,CR01,R,G_precuneus,rh_G_precuneus,unique_hemi_stem_match,True
sub-ccepAgeUMCU17,CR02,R,G_precuneus,rh_G_precuneus,unique_hemi_stem_match,True
sub-ccepAgeUMCU17,CR03,R,G_precuneus,rh_G_precuneus,unique_hemi_stem_match,True
sub-ccepAgeUMCU17,CR04,R,G_precuneus,rh_G_precuneus,unique_hemi_stem_match,True
sub-ccepAgeUMCU17,CR05,R,G_precuneus,rh_G_precuneus,unique_hemi_stem_match,True
sub-ccepAgeUMCU17,CR06,R,G&S_paracentral,UNK,unseen_or_ambiguous_to_UNK,False
sub-ccepAgeUMCU17,CR07,R,G&S_paracentral,UNK,unseen_or_ambiguous_to_UNK,False
sub-ccepAgeUMCU17,CR08,R,G&S_paracentral,UNK,unseen_or_ambiguous_to_UNK,False
sub-ccepAgeUMCU17,CR09,R,G_precuneus,rh_G_precuneus,unique_hemi_stem_match,True
sub-ccepAgeUMCU17,CR10,R,G_precuneus,rh_G_precuneus,unique_hemi_stem_match,True
sub-ccepAgeUMCU17,CR11,R,G_precuneus,rh_G_precuneus,unique_hemi_stem_match,True
sub-ccepAgeUMCU17,CR12,R,G_precuneus,rh_G_precuneus,unique_hemi_stem_match,True
sub-ccepAgeUMCU17,CR13,R,G_precuneus,rh_G_precuneus,unique_hemi_stem_match,True
sub-ccepAgeUMCU17,CR14,R,G&S_paracentral,UNK,unseen_or_ambiguous_to_UNK,False
sub-ccepAgeUMCU17,CR15,R,G&S_paracentral,UNK,unseen_or_ambiguous_to_UNK,False
sub-ccepAgeUMCU17,CR16,R,G&S_paracentral,UNK,unseen_or_ambiguous_to_UNK,False
sub-ccepAgeUMCU17,IHaR1,R,G&S_cingul-Mid-Post,rh_G&S_cingul-Mid-Post,unique_hemi_stem_match,True
sub-ccepAgeUMCU17,IHaR2,R,G&S_cingul-Mid-Post,rh_G&S_cingul-Mid-Post,unique_hemi_stem_match,True
sub-ccepAgeUMCU17,IHaR3,R,G_cingul-Post-dorsal,rh_G_cingul-Post-dorsal,unique_hemi_stem_match,True
sub-ccepAgeUMCU17,IHaR4,R,G&S_paracentral,UNK,unseen_or_ambiguous_to_UNK,False
sub-ccepAgeUMCU17,IHaR5,R,G&S_paracentral,UNK,unseen_or_ambiguous_to_UNK,False
sub-ccepAgeUMCU17,IHaR6,R,G_precuneus,rh_G_precuneus,unique_hemi_stem_match,True
sub-ccepAgeUMCU17,IHaR7,R,G_precuneus,rh_G_precuneus,unique_hemi_stem_match,True
sub-ccepAgeUMCU17,IHaR8,R,G_precuneus,rh_G_precuneus,unique_hemi_stem_match,True
sub-ccepAgeUMCU17,IHvR1,R,G&S_cingul-Mid-Post,rh_G&S_cingul-Mid-Post,unique_hemi_stem_match,True
sub-ccepAgeUMCU17,IHvR2,R,G&S_cingul-Mid-Post,rh_G&S_cingul-Mid-Post,unique_hemi_stem_match,True
sub-ccepAgeUMCU17,IHvR3,R,G_cingul-Post-dorsal,rh_G_cingul-Post-dorsal,unique_hemi_stem_match,True
sub-ccepAgeUMCU17,IHvR4,R,G&S_paracentral,UNK,unseen_or_ambiguous_to_UNK,False
sub-ccepAgeUMCU17,IHvR5,R,G&S_paracentral,UNK,unseen_or_ambiguous_to_UNK,False
sub-ccepAgeUMCU17,IHvR6,R,G&S_paracentral,UNK,unseen_or_ambiguous_to_UNK,False
sub-ccepAgeUMCU17,IHvR7,R,G&S_paracentral,UNK,unseen_or_ambiguous_to_UNK,False
sub-ccepAgeUMCU17,IHvR8,R,G_precuneus,rh_G_precuneus,unique_hemi_stem_match,True
sub-ccepAgeUMCU17,MKR1+,,,UNK,unseen_or_ambiguous_to_UNK,False
sub-ccepAgeUMCU17,XX01,,,UNK,unseen_or_ambiguous_to_UNK,False
sub-ccepAgeUMCU17,XX02,,,UNK,unseen_or_ambiguous_to_UNK,False
sub-ccepAgeUMCU17,XX03,,,UNK,unseen_or_ambiguous_to_UNK,False
sub-ccepAgeUMCU17,XX04,,,UNK,unseen_or_ambiguous_to_UNK,False
sub-ccepAgeUMCU17,XX05,,,UNK,unseen_or_ambiguous_to_UNK,False
sub-ccepAgeUMCU17,XX06,,,UNK,unseen_or_ambiguous_to_UNK,False
sub-ccepAgeUMCU17,XX07,,,UNK,unseen_or_ambiguous_to_UNK,False
sub-ccepAgeUMCU17,XX08,,,UNK,unseen_or_ambiguous_to_UNK,False
sub-ccepAgeUMCU17,XX09,,,UNK,unseen_or_ambiguous_to_UNK,False
sub-ccepAgeUMCU17,XX10,,,UNK,unseen_or_ambiguous_to_UNK,False
sub-ccepAgeUMCU17,XX11,,,UNK,unseen_or_ambiguous_to_UNK,False
sub-ccepAgeUMCU17,XX12,,,UNK,unseen_or_ambiguous_to_UNK,False
sub-ccepAgeUMCU17,XX13,,,UNK,unseen_or_ambiguous_to_UNK,False
sub-ccepAgeUMCU17,XX14,,,UNK,unseen_or_ambiguous_to_UNK,False
sub-ccepAgeUMCU17,XX15,,,UNK,unseen_or_ambiguous_to_UNK,False
sub-ccepAgeUMCU17,XX16,,,UNK,unseen_or_ambiguous_to_UNK,False
sub-ccepAgeUMCU17,XX17,,,UNK,unseen_or_ambiguous_to_UNK,False
sub-ccepAgeUMCU17,XX18,,,UNK,unseen_or_ambiguous_to_UNK,False
sub-ccepAgeUMCU17,XX19,,,UNK,unseen_or_ambiguous_to_UNK,False
sub-ccepAgeUMCU17,XX20,,,UNK,unseen_or_ambiguous_to_UNK,False
sub-ccepAgeUMCU17,XX21,,,UNK,unseen_or_ambiguous_to_UNK,False
sub-ccepAgeUMCU17,XX22,,,UNK,unseen_or_ambiguous_to_UNK,False
sub-ccepAgeUMCU17,XX23,,,UNK,unseen_or_ambiguous_to_UNK,False
sub-ccepAgeUMCU17,XX24,,,UNK,unseen_or_ambiguous_to_UNK,False
sub-ccepAgeUMCU17,AH+,,,UNK,unseen_or_ambiguous_to_UNK,False
sub-ccepAgeUMCU17,ECG+,,,UNK,unseen_or_ambiguous_to_UNK,False
sub-ccepAgeUMCU17,ORB+,,,UNK,unseen_or_ambiguous_to_UNK,False
sub-ccepAgeUMCU17,EMG+,,,UNK,unseen_or_ambiguous_to_UNK,False
sub-ccepAgeUMCU17,MKR2+,,,UNK,unseen_or_ambiguous_to_UNK,False
sub-ccepAgeUMCU18,FH01,L,G_front_sup,lh_G_front_sup,unique_hemi_stem_match,True
sub-ccepAgeUMCU18,FH02,L,G_front_sup,lh_G_front_sup,unique_hemi_stem_match,True
sub-ccepAgeUMCU18,FH03,L,G_front_middle,lh_G_front_middle,unique_hemi_stem_match,True
sub-ccepAgeUMCU18,FH04,L,G_front_middle,lh_G_front_middle,unique_hemi_stem_match,True
sub-ccepAgeUMCU18,FH05,L,G_front_middle,lh_G_front_middle,unique_hemi_stem_match,True
sub-ccepAgeUMCU18,FH06,L,S_front_sup,lh_S_front_sup,unique_hemi_stem_match,True
sub-ccepAgeUMCU18,FH07,L,S_front_sup,lh_S_front_sup,unique_hemi_stem_match,True
sub-ccepAgeUMCU18,FH08,L,G_precentral,lh_G_precentral,unique_hemi_stem_match,True
sub-ccepAgeUMCU18,FH09,L,S_front_sup,lh_S_front_sup,unique_hemi_stem_match,True
sub-ccepAgeUMCU18,FH10,L,G_front_middle,lh_G_front_middle,unique_hemi_stem_match,True
sub-ccepAgeUMCU18,FH11,L,G_front_middle,lh_G_front_middle,unique_hemi_stem_match,True
sub-ccepAgeUMCU18,FH12,L,G_front_middle,lh_G_front_middle,unique_hemi_stem_match,True
sub-ccepAgeUMCU18,FH13,L,G_front_middle,lh_G_front_middle,unique_hemi_stem_match,True
sub-ccepAgeUMCU18,FH14,L,G_front_middle,lh_G_front_middle,unique_hemi_stem_match,True
sub-ccepAgeUMCU18,FH15,L,G_precentral,lh_G_precentral,unique_hemi_stem_match,True
sub-ccepAgeUMCU18,FH16,L,G_postcentral,lh_G_postcentral,unique_hemi_stem_match,True
sub-ccepAgeUMCU18,FH17,L,G_front_middle,lh_G_front_middle,unique_hemi_stem_match,True
sub-ccepAgeUMCU18,FH18,L,G_front_middle,lh_G_front_middle,unique_hemi_stem_match,True
sub-ccepAgeUMCU18,FH19,L,G_front_middle,lh_G_front_middle,unique_hemi_stem_match,True
sub-ccepAgeUMCU18,FH20,L,G_front_middle,lh_G_front_middle,unique_hemi_stem_match,True
sub-ccepAgeUMCU18,FH21,L,G_front_middle,lh_G_front_middle,unique_hemi_stem_match,True
sub-ccepAgeUMCU18,FH22,L,G_front_middle,lh_G_front_middle,unique_hemi_stem_match,True
sub-ccepAgeUMCU18,FH23,L,G_precentral,lh_G_precentral,unique_hemi_stem_match,True
sub-ccepAgeUMCU18,FH24,L,G_postcentral,lh_G_postcentral,unique_hemi_stem_match,True
sub-ccepAgeUMCU18,FH25,L,G_front_middle,lh_G_front_middle,unique_hemi_stem_match,True
sub-ccepAgeUMCU18,FH26,L,G_front_middle,lh_G_front_middle,unique_hemi_stem_match,True
sub-ccepAgeUMCU18,FH27,L,G_front_middle,lh_G_front_middle,unique_hemi_stem_match,True
sub-ccepAgeUMCU18,FH28,L,G_front_middle,lh_G_front_middle,unique_hemi_stem_match,True
sub-ccepAgeUMCU18,FH29,L,G_front_middle,lh_G_front_middle,unique_hemi_stem_match,True
sub-ccepAgeUMCU18,FH30,L,G_precentral,lh_G_precentral,unique_hemi_stem_match,True
sub-ccepAgeUMCU18,FH31,L,G_precentral,lh_G_precentral,unique_hemi_stem_match,True
sub-ccepAgeUMCU18,FH32,L,G_postcentral,lh_G_postcentral,unique_hemi_stem_match,True
sub-ccepAgeUMCU18,FL01,L,G_front_middle,lh_G_front_middle,unique_hemi_stem_match,True
sub-ccepAgeUMCU18,FL02,L,G_front_middle,lh_G_front_middle,unique_hemi_stem_match,True
sub-ccepAgeUMCU18,FL03,L,S_front_inf,lh_S_front_inf,unique_hemi_stem_match,True
sub-ccepAgeUMCU18,FL04,L,G_front_inf-Opercular,UNK,unseen_or_ambiguous_to_UNK,False
sub-ccepAgeUMCU18,FL05,L,G_precentral,lh_G_precentral,unique_hemi_stem_match,True
sub-ccepAgeUMCU18,FL06,L,G_precentral,lh_G_precentral,unique_hemi_stem_match,True
sub-ccepAgeUMCU18,FL07,L,G_postcentral,lh_G_postcentral,unique_hemi_stem_match,True
sub-ccepAgeUMCU18,FL08,L,G&S_subcentral,UNK,unseen_or_ambiguous_to_UNK,False
sub-ccepAgeUMCU18,FL09,L,G_front_middle,lh_G_front_middle,unique_hemi_stem_match,True
sub-ccepAgeUMCU18,FL10,L,G_front_inf-Triangul,lh_G_front_inf-Triangul,unique_hemi_stem_match,True
sub-ccepAgeUMCU18,FL11,L,G_front_inf-Triangul,lh_G_front_inf-Triangul,unique_hemi_stem_match,True
sub-ccepAgeUMCU18,FL12,L,G_front_inf-Opercular,UNK,unseen_or_ambiguous_to_UNK,False
sub-ccepAgeUMCU18,FL13,L,G_front_inf-Opercular,UNK,unseen_or_ambiguous_to_UNK,False
sub-ccepAgeUMCU18,FL14,L,G_precentral,lh_G_precentral,unique_hemi_stem_match,True
sub-ccepAgeUMCU18,FL15,L,G&S_subcentral,UNK,unseen_or_ambiguous_to_UNK,False
sub-ccepAgeUMCU18,FL16,L,G&S_subcentral,UNK,unseen_or_ambiguous_to_UNK,False
sub-ccepAgeUMCU18,FL17,L,S_orbital_lateral,UNK,unseen_or_ambiguous_to_UNK,False
sub-ccepAgeUMCU18,FL18,L,G_front_middle,lh_G_front_middle,unique_hemi_stem_match,True
sub-ccepAgeUMCU18,FL19,L,G_front_inf-Triangul,lh_G_front_inf-Triangul,unique_hemi_stem_match,True
sub-ccepAgeUMCU18,FL20,L,G_front_inf-Triangul,lh_G_front_inf-Triangul,unique_hemi_stem_match,True
sub-ccepAgeUMCU18,FL21,L,G_front_inf-Opercular,UNK,unseen_or_ambiguous_to_UNK,False
sub-ccepAgeUMCU18,FL22,L,G&S_subcentral,UNK,unseen_or_ambiguous_to_UNK,False
sub-ccepAgeUMCU18,FL23,L,G_temp_sup-Lateral,lh_G_temp_sup-Lateral,unique_hemi_stem_match,True
sub-ccepAgeUMCU18,FL24,L,G_temp_sup-Lateral,lh_G_temp_sup-Lateral,unique_hemi_stem_match,True
sub-ccepAgeUMCU18,FL25,L,G_front_inf-Orbital,UNK,unseen_or_ambiguous_to_UNK,False
sub-ccepAgeUMCU18,FL26,L,G_front_inf-Triangul,lh_G_front_inf-Triangul,unique_hemi_stem_match,True
sub-ccepAgeUMCU18,FL27,L,G_front_inf-Triangul,lh_G_front_inf-Triangul,unique_hemi_stem_match,True
sub-ccepAgeUMCU18,FL28,L,G_temp_sup-Lateral,lh_G_temp_sup-Lateral,unique_hemi_stem_match,True
sub-ccepAgeUMCU18,FL29,L,G_temp_sup-Lateral,lh_G_temp_sup-Lateral,unique_hemi_stem_match,True
sub-ccepAgeUMCU18,FL30,L,G_temp_sup-Lateral,lh_G_temp_sup-Lateral,unique_hemi_stem_match,True
sub-ccepAgeUMCU18,FL31,L,G_temporal_middle,lh_G_temporal_middle,unique_hemi_stem_match,True
sub-ccepAgeUMCU18,FL32,L,G_temp_sup-Lateral,lh_G_temp_sup-Lateral,unique_hemi_stem_match,True
sub-ccepAgeUMCU18,MKR1+,,,UNK,unseen_or_ambiguous_to_UNK,False
sub-ccepAgeUMCU18,xx01,,,UNK,unseen_or_ambiguous_to_UNK,False
sub-ccepAgeUMCU18,xx02,,,UNK,unseen_or_ambiguous_to_UNK,False
sub-ccepAgeUMCU18,xx03,,,UNK,unseen_or_ambiguous_to_UNK,False
sub-ccepAgeUMCU18,xx04,,,UNK,unseen_or_ambiguous_to_UNK,False
sub-ccepAgeUMCU18,xx05,,,UNK,unseen_or_ambiguous_to_UNK,False
sub-ccepAgeUMCU18,xx06,,,UNK,unseen_or_ambiguous_to_UNK,False
sub-ccepAgeUMCU18,xx07,,,UNK,unseen_or_ambiguous_to_UNK,False
sub-ccepAgeUMCU18,xx08,,,UNK,unseen_or_ambiguous_to_UNK,False
sub-ccepAgeUMCU18,xx09,,,UNK,unseen_or_ambiguous_to_UNK,False
sub-ccepAgeUMCU18,xx10,,,UNK,unseen_or_ambiguous_to_UNK,False
sub-ccepAgeUMCU18,xx11,,,UNK,unseen_or_ambiguous_to_UNK,False
sub-ccepAgeUMCU18,xx12,,,UNK,unseen_or_ambiguous_to_UNK,False
sub-ccepAgeUMCU18,xx13,,,UNK,unseen_or_ambiguous_to_UNK,False
sub-ccepAgeUMCU18,xx14,,,UNK,unseen_or_ambiguous_to_UNK,False
sub-ccepAgeUMCU18,xx15,,,UNK,unseen_or_ambiguous_to_UNK,False
sub-ccepAgeUMCU18,xx16,,,UNK,unseen_or_ambiguous_to_UNK,False
sub-ccepAgeUMCU18,xx17,,,UNK,unseen_or_ambiguous_to_UNK,False
sub-ccepAgeUMCU18,xx18,,,UNK,unseen_or_ambiguous_to_UNK,False
sub-ccepAgeUMCU18,xx19,,,UNK,unseen_or_ambiguous_to_UNK,False
sub-ccepAgeUMCU18,xx20,,,UNK,unseen_or_ambiguous_to_UNK,False
sub-ccepAgeUMCU18,xx21,,,UNK,unseen_or_ambiguous_to_UNK,False
sub-ccepAgeUMCU18,xx22,,,UNK,unseen_or_ambiguous_to_UNK,False
sub-ccepAgeUMCU18,xx23,,,UNK,unseen_or_ambiguous_to_UNK,False
sub-ccepAgeUMCU18,xx24,,,UNK,unseen_or_ambiguous_to_UNK,False
sub-ccepAgeUMCU18,AH+,,,UNK,unseen_or_ambiguous_to_UNK,False
sub-ccepAgeUMCU18,ECG+,,,UNK,unseen_or_ambiguous_to_UNK,False
sub-ccepAgeUMCU18,orb+,,,UNK,unseen_or_ambiguous_to_UNK,False
sub-ccepAgeUMCU18,EMG+,,,UNK,unseen_or_ambiguous_to_UNK,False
sub-ccepAgeUMCU18,R2+,,,UNK,unseen_or_ambiguous_to_UNK,False
sub-ccepAgeUMCU18,R3+,,,UNK,unseen_or_ambiguous_to_UNK,False
sub-ccepAgeUMCU18,R4+,,,UNK,unseen_or_ambiguous_to_UNK,False
sub-ccepAgeUMCU18,R5+,,,UNK,unseen_or_ambiguous_to_UNK,False
sub-ccepAgeUMCU18,MKR2+,,,UNK,unseen_or_ambiguous_to_UNK,False
sub-ccepAgeUMCU19,PT01,L,G_pariet_inf-Angular,UNK,unseen_or_ambiguous_to_UNK,False
sub-ccepAgeUMCU19,PT02,L,G_pariet_inf-Angular,UNK,unseen_or_ambiguous_to_UNK,False
sub-ccepAgeUMCU19,PT03,L,G_pariet_inf-Angular,UNK,unseen_or_ambiguous_to_UNK,False
sub-ccepAgeUMCU19,PT04,L,S_temporal_sup,lh_S_temporal_sup,unique_hemi_stem_match,True
sub-ccepAgeUMCU19,PT05,L,G_temporal_middle,lh_G_temporal_middle,unique_hemi_stem_match,True
sub-ccepAgeUMCU19,PT06,L,G_temporal_middle,lh_G_temporal_middle,unique_hemi_stem_match,True
sub-ccepAgeUMCU19,PT07,L,G_temporal_middle,lh_G_temporal_middle,unique_hemi_stem_match,True
sub-ccepAgeUMCU19,PT08,L,G_temporal_middle,lh_G_temporal_middle,unique_hemi_stem_match,True
sub-ccepAgeUMCU19,PT09,L,G_pariet_inf-Angular,UNK,unseen_or_ambiguous_to_UNK,False
sub-ccepAgeUMCU19,PT10,L,G_pariet_inf-Angular,UNK,unseen_or_ambiguous_to_UNK,False
sub-ccepAgeUMCU19,PT11,L,G_pariet_inf-Angular,UNK,unseen_or_ambiguous_to_UNK,False
sub-ccepAgeUMCU19,PT12,L,S_temporal_sup,lh_S_temporal_sup,unique_hemi_stem_match,True
sub-ccepAgeUMCU19,PT13,L,S_temporal_sup,lh_S_temporal_sup,unique_hemi_stem_match,True
sub-ccepAgeUMCU19,PT14,L,S_temporal_sup,lh_S_temporal_sup,unique_hemi_stem_match,True
sub-ccepAgeUMCU19,PT15,L,G_temp_sup-Lateral,lh_G_temp_sup-Lateral,unique_hemi_stem_match,True
sub-ccepAgeUMCU19,PT16,L,G_temp_sup-Lateral,lh_G_temp_sup-Lateral,unique_hemi_stem_match,True
sub-ccepAgeUMCU19,PT17,L,G_parietal_sup,UNK,unseen_or_ambiguous_to_UNK,False
sub-ccepAgeUMCU19,PT18,L,G_pariet_inf-Angular,UNK,unseen_or_ambiguous_to_UNK,False
sub-ccepAgeUMCU19,PT19,L,G_pariet_inf-Angular,UNK,unseen_or_ambiguous_to_UNK,False
sub-ccepAgeUMCU19,PT20,L,S_temporal_sup,lh_S_temporal_sup,unique_hemi_stem_match,True
sub-ccepAgeUMCU19,PT21,L,G_pariet_inf-Supramar,lh_G_pariet_inf-Supramar,unique_hemi_stem_match,True
sub-ccepAgeUMCU19,PT22,L,G_temp_sup-Plan_tempo,lh_G_temp_sup-Plan_tempo,unique_hemi_stem_match,True
sub-ccepAgeUMCU19,PT23,L,G_temp_sup-Lateral,lh_G_temp_sup-Lateral,unique_hemi_stem_match,True
sub-ccepAgeUMCU19,PT24,L,G_temp_sup-Lateral,lh_G_temp_sup-Lateral,unique_hemi_stem_match,True
sub-ccepAgeUMCU19,PT25,L,G_parietal_sup,UNK,unseen_or_ambiguous_to_UNK,False
sub-ccepAgeUMCU19,PT26,L,G_pariet_inf-Angular,UNK,unseen_or_ambiguous_to_UNK,False
sub-ccepAgeUMCU19,PT27,L,G_pariet_inf-Angular,UNK,unseen_or_ambiguous_to_UNK,False
sub-ccepAgeUMCU19,PT28,L,G_pariet_inf-Angular,UNK,unseen_or_ambiguous_to_UNK,False
sub-ccepAgeUMCU19,PT29,L,G_pariet_inf-Supramar,lh_G_pariet_inf-Supramar,unique_hemi_stem_match,True
sub-ccepAgeUMCU19,PT30,L,G_pariet_inf-Supramar,lh_G_pariet_inf-Supramar,unique_hemi_stem_match,True
sub-ccepAgeUMCU19,PT31,L,G_pariet_inf-Supramar,lh_G_pariet_inf-Supramar,unique_hemi_stem_match,True
sub-ccepAgeUMCU19,PT32,L,G&S_subcentral,UNK,unseen_or_ambiguous_to_UNK,False
sub-ccepAgeUMCU19,T33,L,Pole_temporal,UNK,unseen_or_ambiguous_to_UNK,False
sub-ccepAgeUMCU19,T34,L,G_temp_sup-Lateral,lh_G_temp_sup-Lateral,unique_hemi_stem_match,True
sub-ccepAgeUMCU19,T35,L,Pole_temporal,UNK,unseen_or_ambiguous_to_UNK,False
sub-ccepAgeUMCU19,T36,L,G_temp_sup-Lateral,lh_G_temp_sup-Lateral,unique_hemi_stem_match,True
sub-ccepAgeUMCU19,T37,L,G_temporal_middle,lh_G_temporal_middle,unique_hemi_stem_match,True
sub-ccepAgeUMCU19,T38,L,G_temporal_middle,lh_G_temporal_middle,unique_hemi_stem_match,True
sub-ccepAgeUMCU19,T39,L,S_temporal_sup,lh_S_temporal_sup,unique_hemi_stem_match,True
sub-ccepAgeUMCU19,T40,L,G_temporal_middle,lh_G_temporal_middle,unique_hemi_stem_match,True
sub-ccepAgeUMCU19,T41,L,Pole_temporal,UNK,unseen_or_ambiguous_to_UNK,False
sub-ccepAgeUMCU19,T42,L,Pole_temporal,UNK,unseen_or_ambiguous_to_UNK,False
sub-ccepAgeUMCU19,T43,L,Pole_temporal,UNK,unseen_or_ambiguous_to_UNK,False
sub-ccepAgeUMCU19,T44,L,G_temporal_middle,lh_G_temporal_middle,unique_hemi_stem_match,True
sub-ccepAgeUMCU19,T45,L,G_temporal_middle,lh_G_temporal_middle,unique_hemi_stem_match,True
sub-ccepAgeUMCU19,T46,L,G_temporal_middle,lh_G_temporal_middle,unique_hemi_stem_match,True
sub-ccepAgeUMCU19,T47,L,G_temporal_middle,lh_G_temporal_middle,unique_hemi_stem_match,True
sub-ccepAgeUMCU19,T48,L,G_temporal_middle,lh_G_temporal_middle,unique_hemi_stem_match,True
sub-ccepAgeUMCU19,el049,,,UNK,unseen_or_ambiguous_to_UNK,False
sub-ccepAgeUMCU19,el050,,,UNK,unseen_or_ambiguous_to_UNK,False
sub-ccepAgeUMCU19,el051,,,UNK,unseen_or_ambiguous_to_UNK,False
sub-ccepAgeUMCU19,P52,L,G_pariet_inf-Angular,UNK,unseen_or_ambiguous_to_UNK,False
sub-ccepAgeUMCU19,P53,L,G_pariet_inf-Angular,UNK,unseen_or_ambiguous_to_UNK,False
sub-ccepAgeUMCU19,P54,L,G_pariet_inf-Supramar,lh_G_pariet_inf-Supramar,unique_hemi_stem_match,True
sub-ccepAgeUMCU19,P55,L,G_pariet_inf-Supramar,lh_G_pariet_inf-Supramar,unique_hemi_stem_match,True
sub-ccepAgeUMCU19,P56,L,G_pariet_inf-Supramar,lh_G_pariet_inf-Supramar,unique_hemi_stem_match,True
sub-ccepAgeUMCU19,el057,,,UNK,unseen_or_ambiguous_to_UNK,False
sub-ccepAgeUMCU19,el058,,,UNK,unseen_or_ambiguous_to_UNK,False
sub-ccepAgeUMCU19,el059,,,UNK,unseen_or_ambiguous_to_UNK,False
sub-ccepAgeUMCU19,P60,L,G_postcentral,lh_G_postcentral,unique_hemi_stem_match,True
sub-ccepAgeUMCU19,P61,L,G_postcentral,lh_G_postcentral,unique_hemi_stem_match,True
sub-ccepAgeUMCU19,P62,L,G_postcentral,lh_G_postcentral,unique_hemi_stem_match,True
sub-ccepAgeUMCU19,P63,L,G_postcentral,lh_G_postcentral,unique_hemi_stem_match,True
sub-ccepAgeUMCU19,P64,L,G_postcentral,lh_G_postcentral,unique_hemi_stem_match,True
sub-ccepAgeUMCU19,MKR1+,,,UNK,unseen_or_ambiguous_to_UNK,False
sub-ccepAgeUMCU19,sT1,L,Pole_temporal,UNK,unseen_or_ambiguous_to_UNK,False
sub-ccepAgeUMCU19,sT2,L,Pole_temporal,UNK,unseen_or_ambiguous_to_UNK,False
sub-ccepAgeUMCU19,sT3,L,Pole_temporal,UNK,unseen_or_ambiguous_to_UNK,False
sub-ccepAgeUMCU19,sT4,L,G_temporal_inf,lh_G_temporal_inf,unique_hemi_stem_match,True
sub-ccepAgeUMCU19,sT5,L,G_temporal_inf,lh_G_temporal_inf,unique_hemi_stem_match,True
sub-ccepAgeUMCU19,sT6,L,G_temporal_inf,lh_G_temporal_inf,unique_hemi_stem_match,True
sub-ccepAgeUMCU19,sT7,L,G_temporal_inf,lh_G_temporal_inf,unique_hemi_stem_match,True
sub-ccepAgeUMCU19,sT8,L,G_temporal_inf,lh_G_temporal_inf,unique_hemi_stem_match,True
sub-ccepAgeUMCU19,aT1,L,G_oc-temp_med-Parahip,lh_G_oc-temp_med-Parahip,unique_hemi_stem_match,True
sub-ccepAgeUMCU19,aT2,L,Pole_temporal,UNK,unseen_or_ambiguous_to_UNK,False
sub-ccepAgeUMCU19,aT3,L,Pole_temporal,UNK,unseen_or_ambiguous_to_UNK,False
sub-ccepAgeUMCU19,aT4,L,Pole_temporal,UNK,unseen_or_ambiguous_to_UNK,False
sub-ccepAgeUMCU19,aT5,L,Pole_temporal,UNK,unseen_or_ambiguous_to_UNK,False
sub-ccepAgeUMCU19,aT6,L,G_temp_sup-Lateral,lh_G_temp_sup-Lateral,unique_hemi_stem_match,True
sub-ccepAgeUMCU19,aT7,L,G_temp_sup-Lateral,lh_G_temp_sup-Lateral,unique_hemi_stem_match,True
sub-ccepAgeUMCU19,aT8,L,G_temp_sup-Lateral,lh_G_temp_sup-Lateral,unique_hemi_stem_match,True
sub-ccepAgeUMCU19,el081,,,UNK,unseen_or_ambiguous_to_UNK,False
sub-ccepAgeUMCU19,el082,,,UNK,unseen_or_ambiguous_to_UNK,False
sub-ccepAgeUMCU19,el083,,,UNK,unseen_or_ambiguous_to_UNK,False
sub-ccepAgeUMCU19,el084,,,UNK,unseen_or_ambiguous_to_UNK,False
sub-ccepAgeUMCU19,el085,,,UNK,unseen_or_ambiguous_to_UNK,False
sub-ccepAgeUMCU19,el086,,,UNK,unseen_or_ambiguous_to_UNK,False
sub-ccepAgeUMCU19,el087,,,UNK,unseen_or_ambiguous_to_UNK,False
sub-ccepAgeUMCU19,el088,,,UNK,unseen_or_ambiguous_to_UNK,False
sub-ccepAgeUMCU19,AH+,,,UNK,unseen_or_ambiguous_to_UNK,False
sub-ccepAgeUMCU19,ECG+,,,UNK,unseen_or_ambiguous_to_UNK,False
sub-ccepAgeUMCU19,orb+,,,UNK,unseen_or_ambiguous_to_UNK,False
sub-ccepAgeUMCU19,emg+,,,UNK,unseen_or_ambiguous_to_UNK,False
sub-ccepAgeUMCU19,el093,,,UNK,unseen_or_ambiguous_to_UNK,False
sub-ccepAgeUMCU19,el094,,,UNK,unseen_or_ambiguous_to_UNK,False
sub-ccepAgeUMCU19,el095,,,UNK,unseen_or_ambiguous_to_UNK,False
sub-ccepAgeUMCU19,el096,,,UNK,unseen_or_ambiguous_to_UNK,False
sub-ccepAgeUMCU19,el097,,,UNK,unseen_or_ambiguous_to_UNK,False
sub-ccepAgeUMCU19,el098,,,UNK,unseen_or_ambiguous_to_UNK,False
sub-ccepAgeUMCU19,el099,,,UNK,unseen_or_ambiguous_to_UNK,False
sub-ccepAgeUMCU19,el100,,,UNK,unseen_or_ambiguous_to_UNK,False
sub-ccepAgeUMCU19,el101,,,UNK,unseen_or_ambiguous_to_UNK,False
sub-ccepAgeUMCU19,el102,,,UNK,unseen_or_ambiguous_to_UNK,False
sub-ccepAgeUMCU19,el103,,,UNK,unseen_or_ambiguous_to_UNK,False
sub-ccepAgeUMCU19,el104,,,UNK,unseen_or_ambiguous_to_UNK,False
sub-ccepAgeUMCU19,el105,,,UNK,unseen_or_ambiguous_to_UNK,False
sub-ccepAgeUMCU19,el106,,,UNK,unseen_or_ambiguous_to_UNK,False
sub-ccepAgeUMCU19,el107,,,UNK,unseen_or_ambiguous_to_UNK,False
sub-ccepAgeUMCU19,el108,,,UNK,unseen_or_ambiguous_to_UNK,False
sub-ccepAgeUMCU19,el109,,,UNK,unseen_or_ambiguous_to_UNK,False
sub-ccepAgeUMCU19,el110,,,UNK,unseen_or_ambiguous_to_UNK,False
sub-ccepAgeUMCU19,el111,,,UNK,unseen_or_ambiguous_to_UNK,False
sub-ccepAgeUMCU19,el112,,,UNK,unseen_or_ambiguous_to_UNK,False
sub-ccepAgeUMCU19,el113,,,UNK,unseen_or_ambiguous_to_UNK,False
sub-ccepAgeUMCU19,el114,,,UNK,unseen_or_ambiguous_to_UNK,False
sub-ccepAgeUMCU19,el115,,,UNK,unseen_or_ambiguous_to_UNK,False
sub-ccepAgeUMCU19,el116,,,UNK,unseen_or_ambiguous_to_UNK,False
sub-ccepAgeUMCU19,el117,,,UNK,unseen_or_ambiguous_to_UNK,False
sub-ccepAgeUMCU19,el118,,,UNK,unseen_or_ambiguous_to_UNK,False
sub-ccepAgeUMCU19,el119,,,UNK,unseen_or_ambiguous_to_UNK,False
sub-ccepAgeUMCU19,el120,,,UNK,unseen_or_ambiguous_to_UNK,False
sub-ccepAgeUMCU19,el121,,,UNK,unseen_or_ambiguous_to_UNK,False
sub-ccepAgeUMCU19,el122,,,UNK,unseen_or_ambiguous_to_UNK,False
sub-ccepAgeUMCU19,el123,,,UNK,unseen_or_ambiguous_to_UNK,False
sub-ccepAgeUMCU19,el124,,,UNK,unseen_or_ambiguous_to_UNK,False
sub-ccepAgeUMCU19,el125,,,UNK,unseen_or_ambiguous_to_UNK,False
sub-ccepAgeUMCU19,el126,,,UNK,unseen_or_ambiguous_to_UNK,False
sub-ccepAgeUMCU19,el127,,,UNK,unseen_or_ambiguous_to_UNK,False
sub-ccepAgeUMCU19,el128,,,UNK,unseen_or_ambiguous_to_UNK,False
sub-ccepAgeUMCU19,thor+,,,UNK,unseen_or_ambiguous_to_UNK,False
sub-ccepAgeUMCU19,abdo+,,,UNK,unseen_or_ambiguous_to_UNK,False
sub-ccepAgeUMCU19,xyz+,,,UNK,unseen_or_ambiguous_to_UNK,False
sub-ccepAgeUMCU19,MKR2+,,,UNK,unseen_or_ambiguous_to_UNK,False
sub-ccepAgeUMCU20,F01,L,G_front_middle,lh_G_front_middle,unique_hemi_stem_match,True
sub-ccepAgeUMCU20,F02,L,S_front_sup,lh_S_front_sup,unique_hemi_stem_match,True
sub-ccepAgeUMCU20,F03,L,G_front_middle,lh_G_front_middle,unique_hemi_stem_match,True
sub-ccepAgeUMCU20,F04,L,G_front_middle,lh_G_front_middle,unique_hemi_stem_match,True
sub-ccepAgeUMCU20,F05,L,G_front_middle,lh_G_front_middle,unique_hemi_stem_match,True
sub-ccepAgeUMCU20,F06,L,G_front_middle,lh_G_front_middle,unique_hemi_stem_match,True
sub-ccepAgeUMCU20,F07,L,G_precentral,lh_G_precentral,unique_hemi_stem_match,True
sub-ccepAgeUMCU20,F08,L,G_postcentral,lh_G_postcentral,unique_hemi_stem_match,True
sub-ccepAgeUMCU20,F09,L,G_front_middle,lh_G_front_middle,unique_hemi_stem_match,True
sub-ccepAgeUMCU20,F10,L,G_front_middle,lh_G_front_middle,unique_hemi_stem_match,True
sub-ccepAgeUMCU20,F11,L,G_front_middle,lh_G_front_middle,unique_hemi_stem_match,True
sub-ccepAgeUMCU20,F12,L,G_front_middle,lh_G_front_middle,unique_hemi_stem_match,True
sub-ccepAgeUMCU20,F13,L,G_front_middle,lh_G_front_middle,unique_hemi_stem_match,True
sub-ccepAgeUMCU20,F14,L,G_precentral,lh_G_precentral,unique_hemi_stem_match,True
sub-ccepAgeUMCU20,F15,L,G_precentral,lh_G_precentral,unique_hemi_stem_match,True
sub-ccepAgeUMCU20,F16,L,G_postcentral,lh_G_postcentral,unique_hemi_stem_match,True
sub-ccepAgeUMCU20,F17,L,G_front_middle,lh_G_front_middle,unique_hemi_stem_match,True
sub-ccepAgeUMCU20,F18,L,G_front_middle,lh_G_front_middle,unique_hemi_stem_match,True
sub-ccepAgeUMCU20,F19,L,G_front_middle,lh_G_front_middle,unique_hemi_stem_match,True
sub-ccepAgeUMCU20,F20,L,G_front_middle,lh_G_front_middle,unique_hemi_stem_match,True
sub-ccepAgeUMCU20,F21,L,G_precentral,lh_G_precentral,unique_hemi_stem_match,True
sub-ccepAgeUMCU20,F22,L,G_precentral,lh_G_precentral,unique_hemi_stem_match,True
sub-ccepAgeUMCU20,F23,L,G_postcentral,lh_G_postcentral,unique_hemi_stem_match,True
sub-ccepAgeUMCU20,F24,L,S_postcentral,lh_S_postcentral,unique_hemi_stem_match,True
sub-ccepAgeUMCU20,F25,L,S_front_inf,lh_S_front_inf,unique_hemi_stem_match,True
sub-ccepAgeUMCU20,F26,L,G_front_inf-Triangul,lh_G_front_inf-Triangul,unique_hemi_stem_match,True
sub-ccepAgeUMCU20,F27,L,G_front_inf-Triangul,lh_G_front_inf-Triangul,unique_hemi_stem_match,True
sub-ccepAgeUMCU20,F28,L,G_front_inf-Opercular,UNK,unseen_or_ambiguous_to_UNK,False
sub-ccepAgeUMCU20,F29,L,G_precentral,lh_G_precentral,unique_hemi_stem_match,True
sub-ccepAgeUMCU20,F30,L,G_precentral,lh_G_precentral,unique_hemi_stem_match,True
sub-ccepAgeUMCU20,F31,L,G_postcentral,lh_G_postcentral,unique_hemi_stem_match,True
sub-ccepAgeUMCU20,F32,L,G_pariet_inf-Supramar,lh_G_pariet_inf-Supramar,unique_hemi_stem_match,True
sub-ccepAgeUMCU20,F33,L,S_front_inf,lh_S_front_inf,unique_hemi_stem_match,True
sub-ccepAgeUMCU20,F34,L,G_front_inf-Triangul,lh_G_front_inf-Triangul,unique_hemi_stem_match,True
sub-ccepAgeUMCU20,F35,L,G_front_inf-Triangul,lh_G_front_inf-Triangul,unique_hemi_stem_match,True
sub-ccepAgeUMCU20,F36,L,G_front_inf-Opercular,UNK,unseen_or_ambiguous_to_UNK,False
sub-ccepAgeUMCU20,F37,L,G_precentral,lh_G_precentral,unique_hemi_stem_match,True
sub-ccepAgeUMCU20,F38,L,G&S_subcentral,UNK,unseen_or_ambiguous_to_UNK,False
sub-ccepAgeUMCU20,F39,L,G&S_subcentral,UNK,unseen_or_ambiguous_to_UNK,False
sub-ccepAgeUMCU20,F40,L,G_pariet_inf-Supramar,lh_G_pariet_inf-Supramar,unique_hemi_stem_match,True
sub-ccepAgeUMCU20,F41,L,G_front_inf-Orbital,UNK,unseen_or_ambiguous_to_UNK,False
sub-ccepAgeUMCU20,F42,L,G_front_inf-Triangul,lh_G_front_inf-Triangul,unique_hemi_stem_match,True
sub-ccepAgeUMCU20,F43,L,G_front_inf-Triangul,lh_G_front_inf-Triangul,unique_hemi_stem_match,True
sub-ccepAgeUMCU20,F44,L,G_front_inf-Opercular,UNK,unseen_or_ambiguous_to_UNK,False
sub-ccepAgeUMCU20,F45,L,G&S_subcentral,UNK,unseen_or_ambiguous_to_UNK,False
sub-ccepAgeUMCU20,F46,L,G&S_subcentral,UNK,unseen_or_ambiguous_to_UNK,False
sub-ccepAgeUMCU20,F47,L,G_temp_sup-Lateral,lh_G_temp_sup-Lateral,unique_hemi_stem_match,True
sub-ccepAgeUMCU20,F48,L,G_pariet_inf-Supramar,lh_G_pariet_inf-Supramar,unique_hemi_stem_match,True
sub-ccepAgeUMCU20,FP49,L,G&S_frontomargin,UNK,unseen_or_ambiguous_to_UNK,False
sub-ccepAgeUMCU20,FP50,L,G&S_transv_frontopol,UNK,unseen_or_ambiguous_to_UNK,False
sub-ccepAgeUMCU20,FP51,L,G&S_transv_frontopol,UNK,unseen_or_ambiguous_to_UNK,False
sub-ccepAgeUMCU20,FP52,L,G&S_transv_frontopol,UNK,unseen_or_ambiguous_to_UNK,False
sub-ccepAgeUMCU20,FP53,L,G_front_middle,lh_G_front_middle,unique_hemi_stem_match,True
sub-ccepAgeUMCU20,FP54,L,G_front_middle,lh_G_front_middle,unique_hemi_stem_match,True
sub-ccepAgeUMCU20,FP55,L,G_front_middle,lh_G_front_middle,unique_hemi_stem_match,True
sub-ccepAgeUMCU20,FP56,L,G_front_middle,lh_G_front_middle,unique_hemi_stem_match,True
sub-ccepAgeUMCU20,FP57,L,G_orbital,UNK,unseen_or_ambiguous_to_UNK,False
sub-ccepAgeUMCU20,FP58,L,G_orbital,UNK,unseen_or_ambiguous_to_UNK,False
sub-ccepAgeUMCU20,FP59,L,G_orbital,UNK,unseen_or_ambiguous_to_UNK,False
sub-ccepAgeUMCU20,FP60,L,G&S_frontomargin,UNK,unseen_or_ambiguous_to_UNK,False
sub-ccepAgeUMCU20,FP61,L,G&S_frontomargin,UNK,unseen_or_ambiguous_to_UNK,False
sub-ccepAgeUMCU20,FP62,L,G_front_middle,lh_G_front_middle,unique_hemi_stem_match,True
sub-ccepAgeUMCU20,FP63,L,G_front_middle,lh_G_front_middle,unique_hemi_stem_match,True
sub-ccepAgeUMCU20,FP64,L,G_front_middle,lh_G_front_middle,unique_hemi_stem_match,True
sub-ccepAgeUMCU20,MKR1+,,,UNK,unseen_or_ambiguous_to_UNK,False
sub-ccepAgeUMCU20,HF01,L,G_postcentral,lh_G_postcentral,unique_hemi_stem_match,True
sub-ccepAgeUMCU20,HF02,L,G_postcentral,lh_G_postcentral,unique_hemi_stem_match,True
sub-ccepAgeUMCU20,HF03,L,G_precentral,lh_G_precentral,unique_hemi_stem_match,True
sub-ccepAgeUMCU20,HF04,L,G_precentral,lh_G_precentral,unique_hemi_stem_match,True
sub-ccepAgeUMCU20,HF05,L,G_front_middle,lh_G_front_middle,unique_hemi_stem_match,True
sub-ccepAgeUMCU20,HF06,L,G_front_middle,lh_G_front_middle,unique_hemi_stem_match,True
sub-ccepAgeUMCU20,HF07,L,G_front_middle,lh_G_front_middle,unique_hemi_stem_match,True
sub-ccepAgeUMCU20,HF08,L,G_front_middle,lh_G_front_middle,unique_hemi_stem_match,True
sub-ccepAgeUMCU20,HF09,L,G_postcentral,lh_G_postcentral,unique_hemi_stem_match,True
sub-ccepAgeUMCU20,HF10,L,G_precentral,lh_G_precentral,unique_hemi_stem_match,True
sub-ccepAgeUMCU20,HF11,L,G_precentral,lh_G_precentral,unique_hemi_stem_match,True
sub-ccepAgeUMCU20,HF12,L,G_front_middle,lh_G_front_middle,unique_hemi_stem_match,True
sub-ccepAgeUMCU20,HF13,L,G_front_middle,lh_G_front_middle,unique_hemi_stem_match,True
sub-ccepAgeUMCU20,HF14,L,G_front_sup,lh_G_front_sup,unique_hemi_stem_match,True
sub-ccepAgeUMCU20,HF15,L,G_front_sup,lh_G_front_sup,unique_hemi_stem_match,True
sub-ccepAgeUMCU20,HF16,L,G_front_sup,lh_G_front_sup,unique_hemi_stem_match,True
sub-ccepAgeUMCU20,IH01,L,G&S_paracentral,UNK,unseen_or_ambiguous_to_UNK,False
sub-ccepAgeUMCU20,IH02,L,G_front_sup,lh_G_front_sup,unique_hemi_stem_match,True
sub-ccepAgeUMCU20,IH03,L,G_front_sup,lh_G_front_sup,unique_hemi_stem_match,True
sub-ccepAgeUMCU20,IH04,L,G_front_sup,lh_G_front_sup,unique_hemi_stem_match,True
sub-ccepAgeUMCU20,IH05,L,G_front_sup,lh_G_front_sup,unique_hemi_stem_match,True
sub-ccepAgeUMCU20,IH06,L,G_front_sup,lh_G_front_sup,unique_hemi_stem_match,True
sub-ccepAgeUMCU20,IH07,L,G_front_sup,lh_G_front_sup,unique_hemi_stem_match,True
sub-ccepAgeUMCU20,IH08,L,G_front_sup,lh_G_front_sup,unique_hemi_stem_match,True
sub-ccepAgeUMCU20,AH+,,,UNK,unseen_or_ambiguous_to_UNK,False
sub-ccepAgeUMCU20,ECG+,,,UNK,unseen_or_ambiguous_to_UNK,False
sub-ccepAgeUMCU20,orb+,,,UNK,unseen_or_ambiguous_to_UNK,False
sub-ccepAgeUMCU20,emg+,,,UNK,unseen_or_ambiguous_to_UNK,False
sub-ccepAgeUMCU20,el093,,,UNK,unseen_or_ambiguous_to_UNK,False
sub-ccepAgeUMCU20,el094,,,UNK,unseen_or_ambiguous_to_UNK,False
sub-ccepAgeUMCU20,el095,,,UNK,unseen_or_ambiguous_to_UNK,False
sub-ccepAgeUMCU20,el096,,,UNK,unseen_or_ambiguous_to_UNK,False
sub-ccepAgeUMCU20,el097,,,UNK,unseen_or_ambiguous_to_UNK,False
sub-ccepAgeUMCU20,el098,,,UNK,unseen_or_ambiguous_to_UNK,False
sub-ccepAgeUMCU20,el099,,,UNK,unseen_or_ambiguous_to_UNK,False
sub-ccepAgeUMCU20,el100,,,UNK,unseen_or_ambiguous_to_UNK,False
sub-ccepAgeUMCU20,el101,,,UNK,unseen_or_ambiguous_to_UNK,False
sub-ccepAgeUMCU20,el102,,,UNK,unseen_or_ambiguous_to_UNK,False
sub-ccepAgeUMCU20,el103,,,UNK,unseen_or_ambiguous_to_UNK,False
sub-ccepAgeUMCU20,el104,,,UNK,unseen_or_ambiguous_to_UNK,False
sub-ccepAgeUMCU20,el105,,,UNK,unseen_or_ambiguous_to_UNK,False
sub-ccepAgeUMCU20,el106,,,UNK,unseen_or_ambiguous_to_UNK,False
sub-ccepAgeUMCU20,el107,,,UNK,unseen_or_ambiguous_to_UNK,False
sub-ccepAgeUMCU20,el108,,,UNK,unseen_or_ambiguous_to_UNK,False
sub-ccepAgeUMCU20,el109,,,UNK,unseen_or_ambiguous_to_UNK,False
sub-ccepAgeUMCU20,el110,,,UNK,unseen_or_ambiguous_to_UNK,False
sub-ccepAgeUMCU20,el111,,,UNK,unseen_or_ambiguous_to_UNK,False
sub-ccepAgeUMCU20,el112,,,UNK,unseen_or_ambiguous_to_UNK,False
sub-ccepAgeUMCU20,el113,,,UNK,unseen_or_ambiguous_to_UNK,False
sub-ccepAgeUMCU20,el114,,,UNK,unseen_or_ambiguous_to_UNK,False
sub-ccepAgeUMCU20,el115,,,UNK,unseen_or_ambiguous_to_UNK,False
sub-ccepAgeUMCU20,el116,,,UNK,unseen_or_ambiguous_to_UNK,False
sub-ccepAgeUMCU20,el117,,,UNK,unseen_or_ambiguous_to_UNK,False
sub-ccepAgeUMCU20,el118,,,UNK,unseen_or_ambiguous_to_UNK,False
sub-ccepAgeUMCU20,el119,,,UNK,unseen_or_ambiguous_to_UNK,False
sub-ccepAgeUMCU20,el120,,,UNK,unseen_or_ambiguous_to_UNK,False
sub-ccepAgeUMCU20,el121,,,UNK,unseen_or_ambiguous_to_UNK,False
sub-ccepAgeUMCU20,el122,,,UNK,unseen_or_ambiguous_to_UNK,False
sub-ccepAgeUMCU20,el123,,,UNK,unseen_or_ambiguous_to_UNK,False
sub-ccepAgeUMCU20,el124,,,UNK,unseen_or_ambiguous_to_UNK,False
sub-ccepAgeUMCU20,el125,,,UNK,unseen_or_ambiguous_to_UNK,False
sub-ccepAgeUMCU20,el126,,,UNK,unseen_or_ambiguous_to_UNK,False
sub-ccepAgeUMCU20,el127,,,UNK,unseen_or_ambiguous_to_UNK,False
sub-ccepAgeUMCU20,el128,,,UNK,unseen_or_ambiguous_to_UNK,False
sub-ccepAgeUMCU20,thor+,,,UNK,unseen_or_ambiguous_to_UNK,False
sub-ccepAgeUMCU20,abdo+,,,UNK,unseen_or_ambiguous_to_UNK,False
sub-ccepAgeUMCU20,xyz+,,,UNK,unseen_or_ambiguous_to_UNK,False
sub-ccepAgeUMCU20,MKR2+,,,UNK,unseen_or_ambiguous_to_UNK,False
sub-ccepAgeUMCU21,CH01,R,G_parietal_sup,rh_G_parietal_sup,unique_hemi_stem_match,True
sub-ccepAgeUMCU21,CH02,R,G_parietal_sup,rh_G_parietal_sup,unique_hemi_stem_match,True
sub-ccepAgeUMCU21,CH03,R,G_parietal_sup,rh_G_parietal_sup,unique_hemi_stem_match,True
sub-ccepAgeUMCU21,CH04,R,G_parietal_sup,rh_G_parietal_sup,unique_hemi_stem_match,True
sub-ccepAgeUMCU21,CH05,R,G_parietal_sup,rh_G_parietal_sup,unique_hemi_stem_match,True
sub-ccepAgeUMCU21,CH06,R,G_postcentral,rh_G_postcentral,unique_hemi_stem_match,True
sub-ccepAgeUMCU21,CH07,R,G_precentral,rh_G_precentral,unique_hemi_stem_match,True
sub-ccepAgeUMCU21,CH08,R,G_front_sup,rh_G_front_sup,unique_hemi_stem_match,True
sub-ccepAgeUMCU21,CH09,R,G_parietal_sup,rh_G_parietal_sup,unique_hemi_stem_match,True
sub-ccepAgeUMCU21,CH10,R,S_intrapariet&P_trans,rh_S_intrapariet&P_trans,unique_hemi_stem_match,True
sub-ccepAgeUMCU21,CH11,R,G_parietal_sup,rh_G_parietal_sup,unique_hemi_stem_match,True
sub-ccepAgeUMCU21,CH12,R,G_parietal_sup,rh_G_parietal_sup,unique_hemi_stem_match,True
sub-ccepAgeUMCU21,CH13,R,G_postcentral,rh_G_postcentral,unique_hemi_stem_match,True
sub-ccepAgeUMCU21,CH14,R,G_precentral,rh_G_precentral,unique_hemi_stem_match,True
sub-ccepAgeUMCU21,CH15,R,G_precentral,rh_G_precentral,unique_hemi_stem_match,True
sub-ccepAgeUMCU21,CH16,R,G_front_sup,rh_G_front_sup,unique_hemi_stem_match,True
sub-ccepAgeUMCU21,CL01,R,G_parietal_sup,rh_G_parietal_sup,unique_hemi_stem_match,True
sub-ccepAgeUMCU21,CL02,R,G_pariet_inf-Angular,rh_G_pariet_inf-Angular,unique_hemi_stem_match,True
sub-ccepAgeUMCU21,CL03,R,G_parietal_sup,rh_G_parietal_sup,unique_hemi_stem_match,True
sub-ccepAgeUMCU21,CL04,R,G_parietal_sup,rh_G_parietal_sup,unique_hemi_stem_match,True
sub-ccepAgeUMCU21,CL05,R,G_postcentral,rh_G_postcentral,unique_hemi_stem_match,True
sub-ccepAgeUMCU21,CL06,R,G_precentral,rh_G_precentral,unique_hemi_stem_match,True
sub-ccepAgeUMCU21,CL07,R,G_precentral,rh_G_precentral,unique_hemi_stem_match,True
sub-ccepAgeUMCU21,CL08,R,G_front_sup,rh_G_front_sup,unique_hemi_stem_match,True
sub-ccepAgeUMCU21,CL09,R,G_pariet_inf-Angular,rh_G_pariet_inf-Angular,unique_hemi_stem_match,True
sub-ccepAgeUMCU21,CL10,R,G_pariet_inf-Angular,rh_G_pariet_inf-Angular,unique_hemi_stem_match,True
sub-ccepAgeUMCU21,CL11,R,G_pariet_inf-Angular,rh_G_pariet_inf-Angular,unique_hemi_stem_match,True
sub-ccepAgeUMCU21,CL12,R,G_pariet_inf-Angular,rh_G_pariet_inf-Angular,unique_hemi_stem_match,True
sub-ccepAgeUMCU21,CL13,R,G_postcentral,rh_G_postcentral,unique_hemi_stem_match,True
sub-ccepAgeUMCU21,CL14,R,G_precentral,rh_G_precentral,unique_hemi_stem_match,True
sub-ccepAgeUMCU21,CL15,R,G_precentral,rh_G_precentral,unique_hemi_stem_match,True
sub-ccepAgeUMCU21,CL16,R,G_precentral,rh_G_precentral,unique_hemi_stem_match,True
sub-ccepAgeUMCU21,IHv1,R,S_pericallosal,rh_S_pericallosal,unique_hemi_stem_match,True
sub-ccepAgeUMCU21,IHv2,R,G&S_cingul-Mid-Post,rh_G&S_cingul-Mid-Post,unique_hemi_stem_match,True
sub-ccepAgeUMCU21,IHv3,R,G&S_cingul-Mid-Post,rh_G&S_cingul-Mid-Post,unique_hemi_stem_match,True
sub-ccepAgeUMCU21,IHv4,R,G_front_sup,rh_G_front_sup,unique_hemi_stem_match,True
sub-ccepAgeUMCU21,IHv5,R,G&S_paracentral,UNK,unseen_or_ambiguous_to_UNK,False
sub-ccepAgeUMCU21,IHv6,R,G&S_paracentral,UNK,unseen_or_ambiguous_to_UNK,False
sub-ccepAgeUMCU21,IHv7,R,G&S_paracentral,UNK,unseen_or_ambiguous_to_UNK,False
sub-ccepAgeUMCU21,IHv8,R,G_parietal_sup,rh_G_parietal_sup,unique_hemi_stem_match,True
sub-ccepAgeUMCU21,IHm1,R,S_pericallosal,rh_S_pericallosal,unique_hemi_stem_match,True
sub-ccepAgeUMCU21,IHm2,R,G_cingul-Post-dorsal,rh_G_cingul-Post-dorsal,unique_hemi_stem_match,True
sub-ccepAgeUMCU21,IHm3,R,G_cingul-Post-dorsal,rh_G_cingul-Post-dorsal,unique_hemi_stem_match,True
sub-ccepAgeUMCU21,IHm4,R,G&S_paracentral,UNK,unseen_or_ambiguous_to_UNK,False
sub-ccepAgeUMCU21,IHm5,R,G_front_sup,rh_G_front_sup,unique_hemi_stem_match,True
sub-ccepAgeUMCU21,IHm6,R,G&S_paracentral,UNK,unseen_or_ambiguous_to_UNK,False
sub-ccepAgeUMCU21,IHm7,R,G&S_paracentral,UNK,unseen_or_ambiguous_to_UNK,False
sub-ccepAgeUMCU21,IHm8,R,G_precentral,rh_G_precentral,unique_hemi_stem_match,True
sub-ccepAgeUMCU21,iHa1,R,G_cuneus,UNK,unseen_or_ambiguous_to_UNK,False
sub-ccepAgeUMCU21,iHa2,R,G_cuneus,UNK,unseen_or_ambiguous_to_UNK,False
sub-ccepAgeUMCU21,iHa3,R,G_cuneus,UNK,unseen_or_ambiguous_to_UNK,False
sub-ccepAgeUMCU21,iHa4,R,G_cuneus,UNK,unseen_or_ambiguous_to_UNK,False
sub-ccepAgeUMCU21,iHa5,R,G_precuneus,rh_G_precuneus,unique_hemi_stem_match,True
sub-ccepAgeUMCU21,iHa6,R,G_precuneus,rh_G_precuneus,unique_hemi_stem_match,True
sub-ccepAgeUMCU21,iHa7,R,G_precuneus,rh_G_precuneus,unique_hemi_stem_match,True
sub-ccepAgeUMCU21,iHa8,R,G&S_paracentral,UNK,unseen_or_ambiguous_to_UNK,False
sub-ccepAgeUMCU21,el057,,,UNK,unseen_or_ambiguous_to_UNK,False
sub-ccepAgeUMCU21,el058,,,UNK,unseen_or_ambiguous_to_UNK,False
sub-ccepAgeUMCU21,L1,R,G&S_cingul-Mid-Post,rh_G&S_cingul-Mid-Post,unique_hemi_stem_match,True
sub-ccepAgeUMCU21,L2,R,G_front_sup,rh_G_front_sup,unique_hemi_stem_match,True
sub-ccepAgeUMCU21,L3,R,G_front_sup,rh_G_front_sup,unique_hemi_stem_match,True
sub-ccepAgeUMCU21,L4,R,G_front_sup,rh_G_front_sup,unique_hemi_stem_match,True
sub-ccepAgeUMCU21,L5,R,G&S_paracentral,UNK,unseen_or_ambiguous_to_UNK,False
sub-ccepAgeUMCU21,L6,R,G&S_paracentral,UNK,unseen_or_ambiguous_to_UNK,False
sub-ccepAgeUMCU21,MKR1+,,,UNK,unseen_or_ambiguous_to_UNK,False
sub-ccepAgeUMCU21,el065,,,UNK,unseen_or_ambiguous_to_UNK,False
sub-ccepAgeUMCU21,el066,,,UNK,unseen_or_ambiguous_to_UNK,False
sub-ccepAgeUMCU21,el067,,,UNK,unseen_or_ambiguous_to_UNK,False
sub-ccepAgeUMCU21,el068,,,UNK,unseen_or_ambiguous_to_UNK,False
sub-ccepAgeUMCU21,el069,,,UNK,unseen_or_ambiguous_to_UNK,False
sub-ccepAgeUMCU21,el070,,,UNK,unseen_or_ambiguous_to_UNK,False
sub-ccepAgeUMCU21,el071,,,UNK,unseen_or_ambiguous_to_UNK,False
sub-ccepAgeUMCU21,el072,,,UNK,unseen_or_ambiguous_to_UNK,False
sub-ccepAgeUMCU21,el073,,,UNK,unseen_or_ambiguous_to_UNK,False
sub-ccepAgeUMCU21,el074,,,UNK,unseen_or_ambiguous_to_UNK,False
sub-ccepAgeUMCU21,el075,,,UNK,unseen_or_ambiguous_to_UNK,False
sub-ccepAgeUMCU21,el076,,,UNK,unseen_or_ambiguous_to_UNK,False
sub-ccepAgeUMCU21,el077,,,UNK,unseen_or_ambiguous_to_UNK,False
sub-ccepAgeUMCU21,el078,,,UNK,unseen_or_ambiguous_to_UNK,False
sub-ccepAgeUMCU21,el079,,,UNK,unseen_or_ambiguous_to_UNK,False
sub-ccepAgeUMCU21,el080,,,UNK,unseen_or_ambiguous_to_UNK,False
sub-ccepAgeUMCU21,el081,,,UNK,unseen_or_ambiguous_to_UNK,False
sub-ccepAgeUMCU21,el082,,,UNK,unseen_or_ambiguous_to_UNK,False
sub-ccepAgeUMCU21,el083,,,UNK,unseen_or_ambiguous_to_UNK,False
sub-ccepAgeUMCU21,el084,,,UNK,unseen_or_ambiguous_to_UNK,False
sub-ccepAgeUMCU21,el085,,,UNK,unseen_or_ambiguous_to_UNK,False
sub-ccepAgeUMCU21,el086,,,UNK,unseen_or_ambiguous_to_UNK,False
sub-ccepAgeUMCU21,el087,,,UNK,unseen_or_ambiguous_to_UNK,False
sub-ccepAgeUMCU21,el088,,,UNK,unseen_or_ambiguous_to_UNK,False
sub-ccepAgeUMCU21,AH+,,,UNK,unseen_or_ambiguous_to_UNK,False
sub-ccepAgeUMCU21,ECG+,,,UNK,unseen_or_ambiguous_to_UNK,False
sub-ccepAgeUMCU21,orb+,,,UNK,unseen_or_ambiguous_to_UNK,False
sub-ccepAgeUMCU21,EMG+,,,UNK,unseen_or_ambiguous_to_UNK,False
sub-ccepAgeUMCU21,el093,,,UNK,unseen_or_ambiguous_to_UNK,False
sub-ccepAgeUMCU21,el094,,,UNK,unseen_or_ambiguous_to_UNK,False
sub-ccepAgeUMCU21,el095,,,UNK,unseen_or_ambiguous_to_UNK,False
sub-ccepAgeUMCU21,el096,,,UNK,unseen_or_ambiguous_to_UNK,False
sub-ccepAgeUMCU21,el097,,,UNK,unseen_or_ambiguous_to_UNK,False
sub-ccepAgeUMCU21,el098,,,UNK,unseen_or_ambiguous_to_UNK,False
sub-ccepAgeUMCU21,el099,,,UNK,unseen_or_ambiguous_to_UNK,False
sub-ccepAgeUMCU21,el100,,,UNK,unseen_or_ambiguous_to_UNK,False
sub-ccepAgeUMCU21,el101,,,UNK,unseen_or_ambiguous_to_UNK,False
sub-ccepAgeUMCU21,el102,,,UNK,unseen_or_ambiguous_to_UNK,False
sub-ccepAgeUMCU21,el103,,,UNK,unseen_or_ambiguous_to_UNK,False
sub-ccepAgeUMCU21,el104,,,UNK,unseen_or_ambiguous_to_UNK,False
sub-ccepAgeUMCU21,el105,,,UNK,unseen_or_ambiguous_to_UNK,False
sub-ccepAgeUMCU21,el106,,,UNK,unseen_or_ambiguous_to_UNK,False
sub-ccepAgeUMCU21,el107,,,UNK,unseen_or_ambiguous_to_UNK,False
sub-ccepAgeUMCU21,el108,,,UNK,unseen_or_ambiguous_to_UNK,False
sub-ccepAgeUMCU21,el109,,,UNK,unseen_or_ambiguous_to_UNK,False
sub-ccepAgeUMCU21,el110,,,UNK,unseen_or_ambiguous_to_UNK,False
sub-ccepAgeUMCU21,el111,,,UNK,unseen_or_ambiguous_to_UNK,False
sub-ccepAgeUMCU21,el112,,,UNK,unseen_or_ambiguous_to_UNK,False
sub-ccepAgeUMCU21,el113,,,UNK,unseen_or_ambiguous_to_UNK,False
sub-ccepAgeUMCU21,el114,,,UNK,unseen_or_ambiguous_to_UNK,False
sub-ccepAgeUMCU21,el115,,,UNK,unseen_or_ambiguous_to_UNK,False
sub-ccepAgeUMCU21,el116,,,UNK,unseen_or_ambiguous_to_UNK,False
sub-ccepAgeUMCU21,el117,,,UNK,unseen_or_ambiguous_to_UNK,False
sub-ccepAgeUMCU21,el118,,,UNK,unseen_or_ambiguous_to_UNK,False
sub-ccepAgeUMCU21,el119,,,UNK,unseen_or_ambiguous_to_UNK,False
sub-ccepAgeUMCU21,el120,,,UNK,unseen_or_ambiguous_to_UNK,False
sub-ccepAgeUMCU21,el121,,,UNK,unseen_or_ambiguous_to_UNK,False
sub-ccepAgeUMCU21,el122,,,UNK,unseen_or_ambiguous_to_UNK,False
sub-ccepAgeUMCU21,el123,,,UNK,unseen_or_ambiguous_to_UNK,False
sub-ccepAgeUMCU21,el124,,,UNK,unseen_or_ambiguous_to_UNK,False
sub-ccepAgeUMCU21,el125,,,UNK,unseen_or_ambiguous_to_UNK,False
sub-ccepAgeUMCU21,el126,,,UNK,unseen_or_ambiguous_to_UNK,False
sub-ccepAgeUMCU21,el127,,,UNK,unseen_or_ambiguous_to_UNK,False
sub-ccepAgeUMCU21,el128,,,UNK,unseen_or_ambiguous_to_UNK,False
sub-ccepAgeUMCU21,thor+,,,UNK,unseen_or_ambiguous_to_UNK,False
sub-ccepAgeUMCU21,abdo+,,,UNK,unseen_or_ambiguous_to_UNK,False
sub-ccepAgeUMCU21,xyz+,,,UNK,unseen_or_ambiguous_to_UNK,False
sub-ccepAgeUMCU21,MKR2+,,,UNK,unseen_or_ambiguous_to_UNK,False
sub-ccepAgeUMCU22,F01,L,G_rectus,lh_G_rectus,unique_hemi_stem_match,True
sub-ccepAgeUMCU22,F02,L,G&S_frontomargin,UNK,unseen_or_ambiguous_to_UNK,False
sub-ccepAgeUMCU22,F03,L,G&S_transv_frontopol,UNK,unseen_or_ambiguous_to_UNK,False
sub-ccepAgeUMCU22,F04,L,G&S_transv_frontopol,UNK,unseen_or_ambiguous_to_UNK,False
sub-ccepAgeUMCU22,F05,L,G_front_sup,lh_G_front_sup,unique_hemi_stem_match,True
sub-ccepAgeUMCU22,F06,L,G_front_middle,lh_G_front_middle,unique_hemi_stem_match,True
sub-ccepAgeUMCU22,F07,L,G_front_sup,lh_G_front_sup,unique_hemi_stem_match,True
sub-ccepAgeUMCU22,F08,L,G_front_sup,lh_G_front_sup,unique_hemi_stem_match,True
sub-ccepAgeUMCU22,F09,L,G_orbital,UNK,unseen_or_ambiguous_to_UNK,False
sub-ccepAgeUMCU22,F10,L,G&S_frontomargin,UNK,unseen_or_ambiguous_to_UNK,False
sub-ccepAgeUMCU22,F11,L,G&S_frontomargin,UNK,unseen_or_ambiguous_to_UNK,False
sub-ccepAgeUMCU22,F12,L,G_front_middle,lh_G_front_middle,unique_hemi_stem_match,True
sub-ccepAgeUMCU22,F13,L,G_front_middle,lh_G_front_middle,unique_hemi_stem_match,True
sub-ccepAgeUMCU22,F14,L,G_front_middle,lh_G_front_middle,unique_hemi_stem_match,True
sub-ccepAgeUMCU22,F15,L,S_front_middle,lh_S_front_middle,unique_hemi_stem_match,True
sub-ccepAgeUMCU22,F16,L,G_front_sup,lh_G_front_sup,unique_hemi_stem_match,True
sub-ccepAgeUMCU22,F17,L,G_orbital,UNK,unseen_or_ambiguous_to_UNK,False
sub-ccepAgeUMCU22,F18,L,G_orbital,UNK,unseen_or_ambiguous_to_UNK,False
sub-ccepAgeUMCU22,F19,L,G_orbital,UNK,unseen_or_ambiguous_to_UNK,False
sub-ccepAgeUMCU22,F20,L,G_front_middle,lh_G_front_middle,unique_hemi_stem_match,True
sub-ccepAgeUMCU22,F21,L,G_front_middle,lh_G_front_middle,unique_hemi_stem_match,True
sub-ccepAgeUMCU22,F22,L,G_front_middle,lh_G_front_middle,unique_hemi_stem_match,True
sub-ccepAgeUMCU22,F23,L,G_front_middle,lh_G_front_middle,unique_hemi_stem_match,True
sub-ccepAgeUMCU22,F24,L,G_front_middle,lh_G_front_middle,unique_hemi_stem_match,True
sub-ccepAgeUMCU22,F25,L,S_orbital-H_Shaped,lh_S_orbital-H_Shaped,unique_hemi_stem_match,True
sub-ccepAgeUMCU22,F26,L,S_orbital-H_Shaped,lh_S_orbital-H_Shaped,unique_hemi_stem_match,True
sub-ccepAgeUMCU22,F27,L,G_orbital,UNK,unseen_or_ambiguous_to_UNK,False
sub-ccepAgeUMCU22,F28,L,G_front_middle,lh_G_front_middle,unique_hemi_stem_match,True
sub-ccepAgeUMCU22,F29,L,G_front_inf-Triangul,lh_G_front_inf-Triangul,unique_hemi_stem_match,True
sub-ccepAgeUMCU22,F30,L,G_front_middle,lh_G_front_middle,unique_hemi_stem_match,True
sub-ccepAgeUMCU22,F31,L,G_front_middle,lh_G_front_middle,unique_hemi_stem_match,True
sub-ccepAgeUMCU22,F32,L,G_front_middle,lh_G_front_middle,unique_hemi_stem_match,True
sub-ccepAgeUMCU22,T33,L,G_temporal_middle,lh_G_temporal_middle,unique_hemi_stem_match,True
sub-ccepAgeUMCU22,T34,L,G_temporal_middle,lh_G_temporal_middle,unique_hemi_stem_match,True
sub-ccepAgeUMCU22,T35,L,G_temporal_middle,lh_G_temporal_middle,unique_hemi_stem_match,True
sub-ccepAgeUMCU22,T36,L,S_temporal_sup,lh_S_temporal_sup,unique_hemi_stem_match,True
sub-ccepAgeUMCU22,T37,L,G_temp_sup-Lateral,lh_G_temp_sup-Lateral,unique_hemi_stem_match,True
sub-ccepAgeUMCU22,T38,L,G_front_inf-Opercular,UNK,unseen_or_ambiguous_to_UNK,False
sub-ccepAgeUMCU22,T39,L,G_front_inf-Triangul,lh_G_front_inf-Triangul,unique_hemi_stem_match,True
sub-ccepAgeUMCU22,T40,L,G_front_inf-Triangul,lh_G_front_inf-Triangul,unique_hemi_stem_match,True
sub-ccepAgeUMCU22,T41,L,G_temporal_middle,lh_G_temporal_middle,unique_hemi_stem_match,True
sub-ccepAgeUMCU22,T42,L,G_temporal_middle,lh_G_temporal_middle,unique_hemi_stem_match,True
sub-ccepAgeUMCU22,T43,L,G_temporal_middle,lh_G_temporal_middle,unique_hemi_stem_match,True
sub-ccepAgeUMCU22,T44,L,G_temp_sup-Lateral,lh_G_temp_sup-Lateral,unique_hemi_stem_match,True
sub-ccepAgeUMCU22,T45,L,G&S_subcentral,UNK,unseen_or_ambiguous_to_UNK,False
sub-ccepAgeUMCU22,T46,L,G&S_subcentral,UNK,unseen_or_ambiguous_to_UNK,False
sub-ccepAgeUMCU22,T47,L,G_front_inf-Opercular,UNK,unseen_or_ambiguous_to_UNK,False
sub-ccepAgeUMCU22,T48,L,G_front_inf-Triangul,lh_G_front_inf-Triangul,unique_hemi_stem_match,True
sub-ccepAgeUMCU22,T49,L,S_temporal_sup,lh_S_temporal_sup,unique_hemi_stem_match,True
sub-ccepAgeUMCU22,T50,L,G_temp_sup-Lateral,lh_G_temp_sup-Lateral,unique_hemi_stem_match,True
sub-ccepAgeUMCU22,T51,L,G_temp_sup-Lateral,lh_G_temp_sup-Lateral,unique_hemi_stem_match,True
sub-ccepAgeUMCU22,T52,L,G&S_subcentral,UNK,unseen_or_ambiguous_to_UNK,False
sub-ccepAgeUMCU22,T53,L,G&S_subcentral,UNK,unseen_or_ambiguous_to_UNK,False
sub-ccepAgeUMCU22,T54,L,G_precentral,lh_G_precentral,unique_hemi_stem_match,True
sub-ccepAgeUMCU22,T55,L,G_precentral,lh_G_precentral,unique_hemi_stem_match,True
sub-ccepAgeUMCU22,T56,L,G_front_inf-Opercular,UNK,unseen_or_ambiguous_to_UNK,False
sub-ccepAgeUMCU22,T57,L,S_temporal_sup,lh_S_temporal_sup,unique_hemi_stem_match,True
sub-ccepAgeUMCU22,T58,L,G_temp_sup-Lateral,lh_G_temp_sup-Lateral,unique_hemi_stem_match,True
sub-ccepAgeUMCU22,T59,L,G_pariet_inf-Supramar,lh_G_pariet_inf-Supramar,unique_hemi_stem_match,True
sub-ccepAgeUMCU22,T60,L,G&S_subcentral,UNK,unseen_or_ambiguous_to_UNK,False
sub-ccepAgeUMCU22,T61,L,G_postcentral,lh_G_postcentral,unique_hemi_stem_match,True
sub-ccepAgeUMCU22,T62,L,G_precentral,lh_G_precentral,unique_hemi_stem_match,True
sub-ccepAgeUMCU22,T63,L,G_precentral,lh_G_precentral,unique_hemi_stem_match,True
sub-ccepAgeUMCU22,T64,L,G_front_middle,lh_G_front_middle,unique_hemi_stem_match,True
sub-ccepAgeUMCU22,MKR1+,,,UNK,unseen_or_ambiguous_to_UNK,False
sub-ccepAgeUMCU22,C01,L,G_pariet_inf-Angular,UNK,unseen_or_ambiguous_to_UNK,False
sub-ccepAgeUMCU22,C02,L,G_pariet_inf-Supramar,lh_G_pariet_inf-Supramar,unique_hemi_stem_match,True
sub-ccepAgeUMCU22,C03,L,G_pariet_inf-Supramar,lh_G_pariet_inf-Supramar,unique_hemi_stem_match,True
sub-ccepAgeUMCU22,C04,L,G_pariet_inf-Supramar,lh_G_pariet_inf-Supramar,unique_hemi_stem_match,True
sub-ccepAgeUMCU22,C05,L,G_postcentral,lh_G_postcentral,unique_hemi_stem_match,True
sub-ccepAgeUMCU22,C06,L,G_precentral,lh_G_precentral,unique_hemi_stem_match,True
sub-ccepAgeUMCU22,C07,L,G_front_middle,lh_G_front_middle,unique_hemi_stem_match,True
sub-ccepAgeUMCU22,C08,L,G_front_middle,lh_G_front_middle,unique_hemi_stem_match,True
sub-ccepAgeUMCU22,IH1,L,G&S_frontomargin,UNK,unseen_or_ambiguous_to_UNK,False
sub-ccepAgeUMCU22,IH2,L,G_front_sup,lh_G_front_sup,unique_hemi_stem_match,True
sub-ccepAgeUMCU22,IH3,L,G_front_sup,lh_G_front_sup,unique_hemi_stem_match,True
sub-ccepAgeUMCU22,IH4,L,G_front_sup,lh_G_front_sup,unique_hemi_stem_match,True
sub-ccepAgeUMCU22,IH5,L,G_front_sup,lh_G_front_sup,unique_hemi_stem_match,True
sub-ccepAgeUMCU22,IH6,L,G_front_sup,lh_G_front_sup,unique_hemi_stem_match,True
sub-ccepAgeUMCU22,IH7,L,G_front_sup,lh_G_front_sup,unique_hemi_stem_match,True
sub-ccepAgeUMCU22,IH8,L,G_front_sup,lh_G_front_sup,unique_hemi_stem_match,True
sub-ccepAgeUMCU22,x,,,UNK,unseen_or_ambiguous_to_UNK,False
sub-ccepAgeUMCU22,xx2,,,UNK,unseen_or_ambiguous_to_UNK,False
sub-ccepAgeUMCU22,xx3,,,UNK,unseen_or_ambiguous_to_UNK,False
sub-ccepAgeUMCU22,xx4,,,UNK,unseen_or_ambiguous_to_UNK,False
sub-ccepAgeUMCU22,xx5,,,UNK,unseen_or_ambiguous_to_UNK,False
sub-ccepAgeUMCU22,xx6,,,UNK,unseen_or_ambiguous_to_UNK,False
sub-ccepAgeUMCU22,xx7,,,UNK,unseen_or_ambiguous_to_UNK,False
sub-ccepAgeUMCU22,xx8,,,UNK,unseen_or_ambiguous_to_UNK,False
sub-ccepAgeUMCU22,AH+,,,UNK,unseen_or_ambiguous_to_UNK,False
sub-ccepAgeUMCU22,ECG+,,,UNK,unseen_or_ambiguous_to_UNK,False
sub-ccepAgeUMCU22,orb+,,,UNK,unseen_or_ambiguous_to_UNK,False
sub-ccepAgeUMCU22,emg+,,,UNK,unseen_or_ambiguous_to_UNK,False
sub-ccepAgeUMCU22,el093,,,UNK,unseen_or_ambiguous_to_UNK,False
sub-ccepAgeUMCU22,el094,,,UNK,unseen_or_ambiguous_to_UNK,False
sub-ccepAgeUMCU22,el095,,,UNK,unseen_or_ambiguous_to_UNK,False
sub-ccepAgeUMCU22,el096,,,UNK,unseen_or_ambiguous_to_UNK,False
sub-ccepAgeUMCU22,el097,,,UNK,unseen_or_ambiguous_to_UNK,False
sub-ccepAgeUMCU22,el098,,,UNK,unseen_or_ambiguous_to_UNK,False
sub-ccepAgeUMCU22,el099,,,UNK,unseen_or_ambiguous_to_UNK,False
sub-ccepAgeUMCU22,el100,,,UNK,unseen_or_ambiguous_to_UNK,False
sub-ccepAgeUMCU22,el101,,,UNK,unseen_or_ambiguous_to_UNK,False
sub-ccepAgeUMCU22,el102,,,UNK,unseen_or_ambiguous_to_UNK,False
sub-ccepAgeUMCU22,el103,,,UNK,unseen_or_ambiguous_to_UNK,False
sub-ccepAgeUMCU22,el104,,,UNK,unseen_or_ambiguous_to_UNK,False
sub-ccepAgeUMCU22,el105,,,UNK,unseen_or_ambiguous_to_UNK,False
sub-ccepAgeUMCU22,el106,,,UNK,unseen_or_ambiguous_to_UNK,False
sub-ccepAgeUMCU22,el107,,,UNK,unseen_or_ambiguous_to_UNK,False
sub-ccepAgeUMCU22,el108,,,UNK,unseen_or_ambiguous_to_UNK,False
sub-ccepAgeUMCU22,el109,,,UNK,unseen_or_ambiguous_to_UNK,False
sub-ccepAgeUMCU22,el110,,,UNK,unseen_or_ambiguous_to_UNK,False
sub-ccepAgeUMCU22,el111,,,UNK,unseen_or_ambiguous_to_UNK,False
sub-ccepAgeUMCU22,el112,,,UNK,unseen_or_ambiguous_to_UNK,False
sub-ccepAgeUMCU22,el113,,,UNK,unseen_or_ambiguous_to_UNK,False
sub-ccepAgeUMCU22,el114,,,UNK,unseen_or_ambiguous_to_UNK,False
sub-ccepAgeUMCU22,el115,,,UNK,unseen_or_ambiguous_to_UNK,False
sub-ccepAgeUMCU22,el116,,,UNK,unseen_or_ambiguous_to_UNK,False
sub-ccepAgeUMCU22,el117,,,UNK,unseen_or_ambiguous_to_UNK,False
sub-ccepAgeUMCU22,el118,,,UNK,unseen_or_ambiguous_to_UNK,False
sub-ccepAgeUMCU22,el119,,,UNK,unseen_or_ambiguous_to_UNK,False
sub-ccepAgeUMCU22,el120,,,UNK,unseen_or_ambiguous_to_UNK,False
sub-ccepAgeUMCU22,el121,,,UNK,unseen_or_ambiguous_to_UNK,False
sub-ccepAgeUMCU22,el122,,,UNK,unseen_or_ambiguous_to_UNK,False
sub-ccepAgeUMCU22,el123,,,UNK,unseen_or_ambiguous_to_UNK,False
sub-ccepAgeUMCU22,el124,,,UNK,unseen_or_ambiguous_to_UNK,False
sub-ccepAgeUMCU22,el125,,,UNK,unseen_or_ambiguous_to_UNK,False
sub-ccepAgeUMCU22,el126,,,UNK,unseen_or_ambiguous_to_UNK,False
sub-ccepAgeUMCU22,el127,,,UNK,unseen_or_ambiguous_to_UNK,False
sub-ccepAgeUMCU22,el128,,,UNK,unseen_or_ambiguous_to_UNK,False
sub-ccepAgeUMCU22,thor+,,,UNK,unseen_or_ambiguous_to_UNK,False
sub-ccepAgeUMCU22,abdo+,,,UNK,unseen_or_ambiguous_to_UNK,False
sub-ccepAgeUMCU22,xyz+,,,UNK,unseen_or_ambiguous_to_UNK,False
sub-ccepAgeUMCU22,MKR2+,,,UNK,unseen_or_ambiguous_to_UNK,False
sub-ccepAgeUMCU23,IHL01,R,G_front_sup,rh_G_front_sup,unique_hemi_stem_match,True
sub-ccepAgeUMCU23,IHL02,R,G_front_sup,rh_G_front_sup,unique_hemi_stem_match,True
sub-ccepAgeUMCU23,IHL03,R,G_front_sup,rh_G_front_sup,unique_hemi_stem_match,True
sub-ccepAgeUMCU23,IHL04,R,G_front_sup,rh_G_front_sup,unique_hemi_stem_match,True
sub-ccepAgeUMCU23,IHL05,R,G&S_cingul-Mid-Ant,rh_G&S_cingul-Mid-Ant,unique_hemi_stem_match,True
sub-ccepAgeUMCU23,IHL06,R,G&S_cingul-Mid-Post,rh_G&S_cingul-Mid-Post,unique_hemi_stem_match,True
sub-ccepAgeUMCU23,IHL07,R,G&S_cingul-Mid-Post,rh_G&S_cingul-Mid-Post,unique_hemi_stem_match,True
sub-ccepAgeUMCU23,IHL08,R,G_cingul-Post-dorsal,rh_G_cingul-Post-dorsal,unique_hemi_stem_match,True
sub-ccepAgeUMCU23,IHL09,R,G_front_sup,rh_G_front_sup,unique_hemi_stem_match,True
sub-ccepAgeUMCU23,IHL10,R,G&S_cingul-Ant,rh_G&S_cingul-Ant,unique_hemi_stem_match,True
sub-ccepAgeUMCU23,IHL11,R,G&S_cingul-Mid-Ant,rh_G&S_cingul-Mid-Ant,unique_hemi_stem_match,True
sub-ccepAgeUMCU23,IHL12,R,,UNK,unseen_or_ambiguous_to_UNK,False
sub-ccepAgeUMCU23,IHL13,R,,UNK,unseen_or_ambiguous_to_UNK,False
sub-ccepAgeUMCU23,IHL14,R,G&S_cingul-Mid-Post,rh_G&S_cingul-Mid-Post,unique_hemi_stem_match,True
sub-ccepAgeUMCU23,IHL15,R,G&S_cingul-Mid-Post,rh_G&S_cingul-Mid-Post,unique_hemi_stem_match,True
sub-ccepAgeUMCU23,IHL16,R,G_cingul-Post-dorsal,rh_G_cingul-Post-dorsal,unique_hemi_stem_match,True
sub-ccepAgeUMCU23,IHH1,R,G_front_sup,rh_G_front_sup,unique_hemi_stem_match,True
sub-ccepAgeUMCU23,IHH2,R,G_front_sup,rh_G_front_sup,unique_hemi_stem_match,True
sub-ccepAgeUMCU23,IHH3,R,G_front_sup,rh_G_front_sup,unique_hemi_stem_match,True
sub-ccepAgeUMCU23,IHH4,R,G_front_sup,rh_G_front_sup,unique_hemi_stem_match,True
sub-ccepAgeUMCU23,IHH5,R,G_front_sup,rh_G_front_sup,unique_hemi_stem_match,True
sub-ccepAgeUMCU23,IHH6,R,G&S_cingul-Mid-Ant,rh_G&S_cingul-Mid-Ant,unique_hemi_stem_match,True
sub-ccepAgeUMCU23,IHH7,R,G_front_sup,rh_G_front_sup,unique_hemi_stem_match,True
sub-ccepAgeUMCU23,IHH8,R,G_front_sup,rh_G_front_sup,unique_hemi_stem_match,True
sub-ccepAgeUMCU23,AH+,,,UNK,unseen_or_ambiguous_to_UNK,False
sub-ccepAgeUMCU23,ECG+,,,UNK,unseen_or_ambiguous_to_UNK,False
sub-ccepAgeUMCU23,orb+,,,UNK,unseen_or_ambiguous_to_UNK,False
sub-ccepAgeUMCU23,EMG4+,,,UNK,unseen_or_ambiguous_to_UNK,False
sub-ccepAgeUMCU23,p5+,,,UNK,unseen_or_ambiguous_to_UNK,False
sub-ccepAgeUMCU23,p6+,,,UNK,unseen_or_ambiguous_to_UNK,False
sub-ccepAgeUMCU23,elA31,,,UNK,unseen_or_ambiguous_to_UNK,False
sub-ccepAgeUMCU23,elA32,,,UNK,unseen_or_ambiguous_to_UNK,False
sub-ccepAgeUMCU23,C01,R,G_parietal_sup,rh_G_parietal_sup,unique_hemi_stem_match,True
sub-ccepAgeUMCU23,C02,R,G_postcentral,rh_G_postcentral,unique_hemi_stem_match,True
sub-ccepAgeUMCU23,C03,R,G_postcentral,rh_G_postcentral,unique_hemi_stem_match,True
sub-ccepAgeUMCU23,C04,R,G_precentral,rh_G_precentral,unique_hemi_stem_match,True
sub-ccepAgeUMCU23,C05,R,G_front_sup,rh_G_front_sup,unique_hemi_stem_match,True
sub-ccepAgeUMCU23,C06,R,G_front_sup,rh_G_front_sup,unique_hemi_stem_match,True
sub-ccepAgeUMCU23,C07,R,G_front_sup,rh_G_front_sup,unique_hemi_stem_match,True
sub-ccepAgeUMCU23,C08,R,G_front_sup,rh_G_front_sup,unique_hemi_stem_match,True
sub-ccepAgeUMCU23,C09,R,G_parietal_sup,rh_G_parietal_sup,unique_hemi_stem_match,True
sub-ccepAgeUMCU23,C10,R,S_postcentral,UNK,unseen_or_ambiguous_to_UNK,False
sub-ccepAgeUMCU23,C11,R,G_postcentral,rh_G_postcentral,unique_hemi_stem_match,True
sub-ccepAgeUMCU23,C12,R,G_precentral,rh_G_precentral,unique_hemi_stem_match,True
sub-ccepAgeUMCU23,C13,R,G_precentral,rh_G_precentral,unique_hemi_stem_match,True
sub-ccepAgeUMCU23,C14,R,G_front_middle,rh_G_front_middle,unique_hemi_stem_match,True
sub-ccepAgeUMCU23,C15,R,G_front_middle,rh_G_front_middle,unique_hemi_stem_match,True
sub-ccepAgeUMCU23,C16,R,G_front_middle,rh_G_front_middle,unique_hemi_stem_match,True
sub-ccepAgeUMCU23,C17,R,G_parietal_sup,rh_G_parietal_sup,unique_hemi_stem_match,True
sub-ccepAgeUMCU23,C18,R,S_postcentral,UNK,unseen_or_ambiguous_to_UNK,False
sub-ccepAgeUMCU23,C19,R,G_postcentral,rh_G_postcentral,unique_hemi_stem_match,True
sub-ccepAgeUMCU23,C20,R,G_precentral,rh_G_precentral,unique_hemi_stem_match,True
sub-ccepAgeUMCU23,C21,R,G_precentral,rh_G_precentral,unique_hemi_stem_match,True
sub-ccepAgeUMCU23,C22,R,G_front_middle,rh_G_front_middle,unique_hemi_stem_match,True
sub-ccepAgeUMCU23,C23,R,G_front_middle,rh_G_front_middle,unique_hemi_stem_match,True
sub-ccepAgeUMCU23,C24,R,G_front_middle,rh_G_front_middle,unique_hemi_stem_match,True
sub-ccepAgeUMCU23,C25,R,S_intrapariet&P_trans,rh_S_intrapariet&P_trans,unique_hemi_stem_match,True
sub-ccepAgeUMCU23,C26,R,G_pariet_inf-Supramar,rh_G_pariet_inf-Supramar,unique_hemi_stem_match,True
sub-ccepAgeUMCU23,C27,R,G_postcentral,rh_G_postcentral,unique_hemi_stem_match,True
sub-ccepAgeUMCU23,C28,R,G_postcentral,rh_G_postcentral,unique_hemi_stem_match,True
sub-ccepAgeUMCU23,C29,R,G_precentral,rh_G_precentral,unique_hemi_stem_match,True
sub-ccepAgeUMCU23,C30,R,G_precentral,rh_G_precentral,unique_hemi_stem_match,True
sub-ccepAgeUMCU23,C31,R,G_front_middle,rh_G_front_middle,unique_hemi_stem_match,True
sub-ccepAgeUMCU23,C32,R,G_front_middle,rh_G_front_middle,unique_hemi_stem_match,True
sub-ccepAgeUMCU23,thor+,,,UNK,unseen_or_ambiguous_to_UNK,False
sub-ccepAgeUMCU23,abdo+,,,UNK,unseen_or_ambiguous_to_UNK,False
sub-ccepAgeUMCU23,xyz+,,,UNK,unseen_or_ambiguous_to_UNK,False
sub-ccepAgeUMCU23,MKR+,,,UNK,unseen_or_ambiguous_to_UNK,False
sub-ccepAgeUMCU24,F01,R,G_orbital,rh_G_orbital,unique_hemi_stem_match,True
sub-ccepAgeUMCU24,F02,R,G_orbital,rh_G_orbital,unique_hemi_stem_match,True
sub-ccepAgeUMCU24,F03,R,G_orbital,rh_G_orbital,unique_hemi_stem_match,True
sub-ccepAgeUMCU24,F04,R,G_orbital,rh_G_orbital,unique_hemi_stem_match,True
sub-ccepAgeUMCU24,F05,R,G_temp_sup-Lateral,rh_G_temp_sup-Lateral,unique_hemi_stem_match,True
sub-ccepAgeUMCU24,F06,R,G_temp_sup-Lateral,rh_G_temp_sup-Lateral,unique_hemi_stem_match,True
sub-ccepAgeUMCU24,F07,R,G&S_subcentral,UNK,unseen_or_ambiguous_to_UNK,False
sub-ccepAgeUMCU24,F08,R,G_temp_sup-Lateral,rh_G_temp_sup-Lateral,unique_hemi_stem_match,True
sub-ccepAgeUMCU24,F09,R,G_orbital,rh_G_orbital,unique_hemi_stem_match,True
sub-ccepAgeUMCU24,F10,R,G_orbital,rh_G_orbital,unique_hemi_stem_match,True
sub-ccepAgeUMCU24,F11,R,G_orbital,rh_G_orbital,unique_hemi_stem_match,True
sub-ccepAgeUMCU24,F12,R,G_front_inf-Orbital,rh_G_front_inf-Orbital,unique_hemi_stem_match,True
sub-ccepAgeUMCU24,F13,R,G_front_inf-Opercular,UNK,unseen_or_ambiguous_to_UNK,False
sub-ccepAgeUMCU24,F14,R,G_front_inf-Opercular,UNK,unseen_or_ambiguous_to_UNK,False
sub-ccepAgeUMCU24,F15,R,G&S_subcentral,UNK,unseen_or_ambiguous_to_UNK,False
sub-ccepAgeUMCU24,F16,R,G&S_subcentral,UNK,unseen_or_ambiguous_to_UNK,False
sub-ccepAgeUMCU24,F17,R,G_orbital,rh_G_orbital,unique_hemi_stem_match,True
sub-ccepAgeUMCU24,F18,R,G_orbital,rh_G_orbital,unique_hemi_stem_match,True
sub-ccepAgeUMCU24,F19,R,G_front_inf-Orbital,rh_G_front_inf-Orbital,unique_hemi_stem_match,True
sub-ccepAgeUMCU24,F20,R,G_front_inf-Opercular,UNK,unseen_or_ambiguous_to_UNK,False
sub-ccepAgeUMCU24,F21,R,G_front_inf-Opercular,UNK,unseen_or_ambiguous_to_UNK,False
sub-ccepAgeUMCU24,F22,R,G_precentral,rh_G_precentral,unique_hemi_stem_match,True
sub-ccepAgeUMCU24,F23,R,G_precentral,rh_G_precentral,unique_hemi_stem_match,True
sub-ccepAgeUMCU24,F24,R,G&S_subcentral,UNK,unseen_or_ambiguous_to_UNK,False
sub-ccepAgeUMCU24,F25,R,G_front_middle,rh_G_front_middle,unique_hemi_stem_match,True
sub-ccepAgeUMCU24,F26,R,G_front_middle,rh_G_front_middle,unique_hemi_stem_match,True
sub-ccepAgeUMCU24,F27,R,G_front_inf-Triangul,rh_G_front_inf-Triangul,unique_hemi_stem_match,True
sub-ccepAgeUMCU24,F28,R,G_front_inf-Triangul,rh_G_front_inf-Triangul,unique_hemi_stem_match,True
sub-ccepAgeUMCU24,F29,R,G_front_inf-Triangul,rh_G_front_inf-Triangul,unique_hemi_stem_match,True
sub-ccepAgeUMCU24,F30,R,G_front_inf-Opercular,UNK,unseen_or_ambiguous_to_UNK,False
sub-ccepAgeUMCU24,F31,R,G_precentral,rh_G_precentral,unique_hemi_stem_match,True
sub-ccepAgeUMCU24,F32,R,S_central,rh_S_central,unique_hemi_stem_match,True
sub-ccepAgeUMCU24,F33,R,G_front_middle,rh_G_front_middle,unique_hemi_stem_match,True
sub-ccepAgeUMCU24,F34,R,G_front_middle,rh_G_front_middle,unique_hemi_stem_match,True
sub-ccepAgeUMCU24,F35,R,G_front_inf-Triangul,rh_G_front_inf-Triangul,unique_hemi_stem_match,True
sub-ccepAgeUMCU24,F36,R,G_front_inf-Triangul,rh_G_front_inf-Triangul,unique_hemi_stem_match,True
sub-ccepAgeUMCU24,F37,R,G_front_middle,rh_G_front_middle,unique_hemi_stem_match,True
sub-ccepAgeUMCU24,F38,R,S_front_inf,rh_S_front_inf,unique_hemi_stem_match,True
sub-ccepAgeUMCU24,F39,R,G_precentral,rh_G_precentral,unique_hemi_stem_match,True
sub-ccepAgeUMCU24,F40,R,G_precentral,rh_G_precentral,unique_hemi_stem_match,True
sub-ccepAgeUMCU24,F41,R,S_front_middle,rh_S_front_middle,unique_hemi_stem_match,True
sub-ccepAgeUMCU24,F42,R,G_front_middle,rh_G_front_middle,unique_hemi_stem_match,True
sub-ccepAgeUMCU24,F43,R,G_front_middle,rh_G_front_middle,unique_hemi_stem_match,True
sub-ccepAgeUMCU24,F44,R,G_front_middle,rh_G_front_middle,unique_hemi_stem_match,True
sub-ccepAgeUMCU24,F45,R,G_front_middle,rh_G_front_middle,unique_hemi_stem_match,True
sub-ccepAgeUMCU24,F46,R,G_front_middle,rh_G_front_middle,unique_hemi_stem_match,True
sub-ccepAgeUMCU24,F47,R,G_front_middle,rh_G_front_middle,unique_hemi_stem_match,True
sub-ccepAgeUMCU24,F48,R,G_front_middle,rh_G_front_middle,unique_hemi_stem_match,True
sub-ccepAgeUMCU24,F49,R,G&S_transv_frontopol,UNK,unseen_or_ambiguous_to_UNK,False
sub-ccepAgeUMCU24,F50,R,G_front_sup,rh_G_front_sup,unique_hemi_stem_match,True
sub-ccepAgeUMCU24,F51,R,G_front_middle,rh_G_front_middle,unique_hemi_stem_match,True
sub-ccepAgeUMCU24,F52,R,S_front_middle,rh_S_front_middle,unique_hemi_stem_match,True
sub-ccepAgeUMCU24,F53,R,G_front_middle,rh_G_front_middle,unique_hemi_stem_match,True
sub-ccepAgeUMCU24,F54,R,G_front_middle,rh_G_front_middle,unique_hemi_stem_match,True
sub-ccepAgeUMCU24,F55,R,G_front_middle,rh_G_front_middle,unique_hemi_stem_match,True
sub-ccepAgeUMCU24,F56,R,G_front_middle,rh_G_front_middle,unique_hemi_stem_match,True
sub-ccepAgeUMCU24,F57,R,G_front_sup,rh_G_front_sup,unique_hemi_stem_match,True
sub-ccepAgeUMCU24,F58,R,G_front_sup,rh_G_front_sup,unique_hemi_stem_match,True
sub-ccepAgeUMCU24,F59,R,G_front_sup,rh_G_front_sup,unique_hemi_stem_match,True
sub-ccepAgeUMCU24,F60,R,G_front_sup,rh_G_front_sup,unique_hemi_stem_match,True
sub-ccepAgeUMCU24,F61,R,G_front_middle,rh_G_front_middle,unique_hemi_stem_match,True
sub-ccepAgeUMCU24,F62,R,G_front_middle,rh_G_front_middle,unique_hemi_stem_match,True
sub-ccepAgeUMCU24,F63,R,G_front_middle,rh_G_front_middle,unique_hemi_stem_match,True
sub-ccepAgeUMCU24,F64,R,G_front_sup,rh_G_front_sup,unique_hemi_stem_match,True
sub-ccepAgeUMCU24,MKR1+,,,UNK,unseen_or_ambiguous_to_UNK,False
sub-ccepAgeUMCU24,HCv1,R,G_precentral,rh_G_precentral,unique_hemi_stem_match,True
sub-ccepAgeUMCU24,HCv2,R,G_precentral,rh_G_precentral,unique_hemi_stem_match,True
sub-ccepAgeUMCU24,HCv3,R,G_precentral,rh_G_precentral,unique_hemi_stem_match,True
sub-ccepAgeUMCU24,HCv4,R,G_precentral,rh_G_precentral,unique_hemi_stem_match,True
sub-ccepAgeUMCU24,HCv5,R,G_postcentral,rh_G_postcentral,unique_hemi_stem_match,True
sub-ccepAgeUMCU24,HCv6,R,S_central,rh_S_central,unique_hemi_stem_match,True
sub-ccepAgeUMCU24,HCv7,R,G_postcentral,rh_G_postcentral,unique_hemi_stem_match,True
sub-ccepAgeUMCU24,HCv8,R,G&S_subcentral,UNK,unseen_or_ambiguous_to_UNK,False
sub-ccepAgeUMCU24,HCa1,R,G_parietal_sup,rh_G_parietal_sup,unique_hemi_stem_match,True
sub-ccepAgeUMCU24,HCa2,R,G_parietal_sup,rh_G_parietal_sup,unique_hemi_stem_match,True
sub-ccepAgeUMCU24,HCa3,R,G_parietal_sup,rh_G_parietal_sup,unique_hemi_stem_match,True
sub-ccepAgeUMCU24,HCa4,R,G_parietal_sup,rh_G_parietal_sup,unique_hemi_stem_match,True
sub-ccepAgeUMCU24,HCa5,R,G&S_paracentral,UNK,unseen_or_ambiguous_to_UNK,False
sub-ccepAgeUMCU24,HCa6,R,G_postcentral,rh_G_postcentral,unique_hemi_stem_match,True
sub-ccepAgeUMCU24,HCa7,R,G_precentral,rh_G_precentral,unique_hemi_stem_match,True
sub-ccepAgeUMCU24,HCa8,R,G_precentral,rh_G_precentral,unique_hemi_stem_match,True
sub-ccepAgeUMCU24,Z1,,,UNK,unseen_or_ambiguous_to_UNK,False
sub-ccepAgeUMCU24,Z2,,,UNK,unseen_or_ambiguous_to_UNK,False
sub-ccepAgeUMCU24,Z3,,,UNK,unseen_or_ambiguous_to_UNK,False
sub-ccepAgeUMCU24,Z4,,,UNK,unseen_or_ambiguous_to_UNK,False
sub-ccepAgeUMCU24,Z5,,,UNK,unseen_or_ambiguous_to_UNK,False
sub-ccepAgeUMCU24,Z6,,,UNK,unseen_or_ambiguous_to_UNK,False
sub-ccepAgeUMCU24,Z7,,,UNK,unseen_or_ambiguous_to_UNK,False
sub-ccepAgeUMCU24,Z8,,,UNK,unseen_or_ambiguous_to_UNK,False
sub-ccepAgeUMCU24,AH+,,,UNK,unseen_or_ambiguous_to_UNK,False
sub-ccepAgeUMCU24,ECG+,,,UNK,unseen_or_ambiguous_to_UNK,False
sub-ccepAgeUMCU24,ORB+,,,UNK,unseen_or_ambiguous_to_UNK,False
sub-ccepAgeUMCU24,EMG+,,,UNK,unseen_or_ambiguous_to_UNK,False
sub-ccepAgeUMCU24,p11+,,,UNK,unseen_or_ambiguous_to_UNK,False
sub-ccepAgeUMCU24,p12+,,,UNK,unseen_or_ambiguous_to_UNK,False
sub-ccepAgeUMCU24,el95,,,UNK,unseen_or_ambiguous_to_UNK,False
sub-ccepAgeUMCU24,el96,,,UNK,unseen_or_ambiguous_to_UNK,False
sub-ccepAgeUMCU24,C01,R,G_occipital_middle,rh_G_occipital_middle,unique_hemi_stem_match,True
sub-ccepAgeUMCU24,C02,R,G_temporal_middle,rh_G_temporal_middle,unique_hemi_stem_match,True
sub-ccepAgeUMCU24,C03,R,G_pariet_inf-Angular,rh_G_pariet_inf-Angular,unique_hemi_stem_match,True
sub-ccepAgeUMCU24,C04,R,G_pariet_inf-Angular,rh_G_pariet_inf-Angular,unique_hemi_stem_match,True
sub-ccepAgeUMCU24,C05,R,G_pariet_inf-Angular,rh_G_pariet_inf-Angular,unique_hemi_stem_match,True
sub-ccepAgeUMCU24,C06,R,G_pariet_inf-Angular,rh_G_pariet_inf-Angular,unique_hemi_stem_match,True
sub-ccepAgeUMCU24,C07,R,S_postcentral,UNK,unseen_or_ambiguous_to_UNK,False
sub-ccepAgeUMCU24,C08,R,G_postcentral,rh_G_postcentral,unique_hemi_stem_match,True
sub-ccepAgeUMCU24,C09,R,G_temporal_middle,rh_G_temporal_middle,unique_hemi_stem_match,True
sub-ccepAgeUMCU24,C10,R,G_temporal_middle,rh_G_temporal_middle,unique_hemi_stem_match,True
sub-ccepAgeUMCU24,C11,R,G_pariet_inf-Angular,rh_G_pariet_inf-Angular,unique_hemi_stem_match,True
sub-ccepAgeUMCU24,C12,R,G_pariet_inf-Supramar,rh_G_pariet_inf-Supramar,unique_hemi_stem_match,True
sub-ccepAgeUMCU24,C13,R,G_pariet_inf-Angular,rh_G_pariet_inf-Angular,unique_hemi_stem_match,True
sub-ccepAgeUMCU24,C14,R,G_pariet_inf-Supramar,rh_G_pariet_inf-Supramar,unique_hemi_stem_match,True
sub-ccepAgeUMCU24,C15,R,G_postcentral,rh_G_postcentral,unique_hemi_stem_match,True
sub-ccepAgeUMCU24,C16,R,G_postcentral,rh_G_postcentral,unique_hemi_stem_match,True
sub-ccepAgeUMCU24,C17,R,G_temporal_middle,rh_G_temporal_middle,unique_hemi_stem_match,True
sub-ccepAgeUMCU24,C18,R,G_temp_sup-Lateral,rh_G_temp_sup-Lateral,unique_hemi_stem_match,True
sub-ccepAgeUMCU24,C19,R,G_pariet_inf-Supramar,rh_G_pariet_inf-Supramar,unique_hemi_stem_match,True
sub-ccepAgeUMCU24,C20,R,G_pariet_inf-Supramar,rh_G_pariet_inf-Supramar,unique_hemi_stem_match,True
sub-ccepAgeUMCU24,C21,R,G_pariet_inf-Supramar,rh_G_pariet_inf-Supramar,unique_hemi_stem_match,True
sub-ccepAgeUMCU24,C22,R,G_pariet_inf-Supramar,rh_G_pariet_inf-Supramar,unique_hemi_stem_match,True
sub-ccepAgeUMCU24,C23,R,G_postcentral,rh_G_postcentral,unique_hemi_stem_match,True
sub-ccepAgeUMCU24,C24,R,G_precentral,rh_G_precentral,unique_hemi_stem_match,True
sub-ccepAgeUMCU24,C25,R,G_temporal_middle,rh_G_temporal_middle,unique_hemi_stem_match,True
sub-ccepAgeUMCU24,C26,R,G_temporal_middle,rh_G_temporal_middle,unique_hemi_stem_match,True
sub-ccepAgeUMCU24,C27,R,G_temp_sup-Lateral,rh_G_temp_sup-Lateral,unique_hemi_stem_match,True
sub-ccepAgeUMCU24,C28,R,G_pariet_inf-Supramar,rh_G_pariet_inf-Supramar,unique_hemi_stem_match,True
sub-ccepAgeUMCU24,C29,R,G_pariet_inf-Supramar,rh_G_pariet_inf-Supramar,unique_hemi_stem_match,True
sub-ccepAgeUMCU24,C30,R,G_pariet_inf-Supramar,rh_G_pariet_inf-Supramar,unique_hemi_stem_match,True
sub-ccepAgeUMCU24,C31,R,G_postcentral,rh_G_postcentral,unique_hemi_stem_match,True
sub-ccepAgeUMCU24,C32,R,G_precentral,rh_G_precentral,unique_hemi_stem_match,True
sub-ccepAgeUMCU24,MKR2+,,,UNK,unseen_or_ambiguous_to_UNK,False
sub-ccepAgeUMCU25,T01,R,G_pariet_inf-Angular,rh_G_pariet_inf-Angular,unique_hemi_stem_match,True
sub-ccepAgeUMCU25,T02,R,G_pariet_inf-Angular,rh_G_pariet_inf-Angular,unique_hemi_stem_match,True
sub-ccepAgeUMCU25,T03,R,G_pariet_inf-Angular,rh_G_pariet_inf-Angular,unique_hemi_stem_match,True
sub-ccepAgeUMCU25,T04,R,G_pariet_inf-Angular,rh_G_pariet_inf-Angular,unique_hemi_stem_match,True
sub-ccepAgeUMCU25,T05,R,G_pariet_inf-Supramar,rh_G_pariet_inf-Supramar,unique_hemi_stem_match,True
sub-ccepAgeUMCU25,T06,R,G_pariet_inf-Supramar,rh_G_pariet_inf-Supramar,unique_hemi_stem_match,True
sub-ccepAgeUMCU25,T07,R,G_postcentral,rh_G_postcentral,unique_hemi_stem_match,True
sub-ccepAgeUMCU25,T08,R,G_postcentral,rh_G_postcentral,unique_hemi_stem_match,True
sub-ccepAgeUMCU25,T09,R,G_pariet_inf-Angular,rh_G_pariet_inf-Angular,unique_hemi_stem_match,True
sub-ccepAgeUMCU25,T10,R,G_pariet_inf-Angular,rh_G_pariet_inf-Angular,unique_hemi_stem_match,True
sub-ccepAgeUMCU25,T11,R,G_pariet_inf-Angular,rh_G_pariet_inf-Angular,unique_hemi_stem_match,True
sub-ccepAgeUMCU25,T12,R,G_pariet_inf-Angular,rh_G_pariet_inf-Angular,unique_hemi_stem_match,True
sub-ccepAgeUMCU25,T13,R,G_pariet_inf-Supramar,rh_G_pariet_inf-Supramar,unique_hemi_stem_match,True
sub-ccepAgeUMCU25,T14,R,G_pariet_inf-Supramar,rh_G_pariet_inf-Supramar,unique_hemi_stem_match,True
sub-ccepAgeUMCU25,T15,R,G&S_subcentral,UNK,unseen_or_ambiguous_to_UNK,False
sub-ccepAgeUMCU25,T16,R,G&S_subcentral,UNK,unseen_or_ambiguous_to_UNK,False
sub-ccepAgeUMCU25,T17,R,G_occipital_middle,rh_G_occipital_middle,unique_hemi_stem_match,True
sub-ccepAgeUMCU25,T18,R,G_pariet_inf-Angular,rh_G_pariet_inf-Angular,unique_hemi_stem_match,True
sub-ccepAgeUMCU25,T19,R,S_temporal_sup,rh_S_temporal_sup,unique_hemi_stem_match,True
sub-ccepAgeUMCU25,T20,R,G_pariet_inf-Angular,rh_G_pariet_inf-Angular,unique_hemi_stem_match,True
sub-ccepAgeUMCU25,T21,R,G_pariet_inf-Angular,rh_G_pariet_inf-Angular,unique_hemi_stem_match,True
sub-ccepAgeUMCU25,T22,R,G_temp_sup-Lateral,rh_G_temp_sup-Lateral,unique_hemi_stem_match,True
sub-ccepAgeUMCU25,T23,R,G_temp_sup-Plan_tempo,rh_G_temp_sup-Plan_tempo,unique_hemi_stem_match,True
sub-ccepAgeUMCU25,T24,R,G&S_subcentral,UNK,unseen_or_ambiguous_to_UNK,False
sub-ccepAgeUMCU25,T25,R,G_occipital_middle,rh_G_occipital_middle,unique_hemi_stem_match,True
sub-ccepAgeUMCU25,T26,R,G_occipital_middle,rh_G_occipital_middle,unique_hemi_stem_match,True
sub-ccepAgeUMCU25,T27,R,G_pariet_inf-Angular,rh_G_pariet_inf-Angular,unique_hemi_stem_match,True
sub-ccepAgeUMCU25,T28,R,G_pariet_inf-Angular,rh_G_pariet_inf-Angular,unique_hemi_stem_match,True
sub-ccepAgeUMCU25,T29,R,S_temporal_sup,rh_S_temporal_sup,unique_hemi_stem_match,True
sub-ccepAgeUMCU25,T30,R,G_temp_sup-Lateral,rh_G_temp_sup-Lateral,unique_hemi_stem_match,True
sub-ccepAgeUMCU25,T31,R,G_temp_sup-Lateral,rh_G_temp_sup-Lateral,unique_hemi_stem_match,True
sub-ccepAgeUMCU25,T32,R,G_temp_sup-Lateral,rh_G_temp_sup-Lateral,unique_hemi_stem_match,True
sub-ccepAgeUMCU25,T33,R,G_occipital_middle,rh_G_occipital_middle,unique_hemi_stem_match,True
sub-ccepAgeUMCU25,T34,R,G_occipital_middle,rh_G_occipital_middle,unique_hemi_stem_match,True
sub-ccepAgeUMCU25,T35,R,G_occipital_middle,rh_G_occipital_middle,unique_hemi_stem_match,True
sub-ccepAgeUMCU25,T36,R,G_temporal_inf,rh_G_temporal_inf,unique_hemi_stem_match,True
sub-ccepAgeUMCU25,T37,R,G_temporal_middle,rh_G_temporal_middle,unique_hemi_stem_match,True
sub-ccepAgeUMCU25,T38,R,G_temporal_middle,rh_G_temporal_middle,unique_hemi_stem_match,True
sub-ccepAgeUMCU25,T39,R,G_temporal_middle,rh_G_temporal_middle,unique_hemi_stem_match,True
sub-ccepAgeUMCU25,T40,R,G_temporal_middle,rh_G_temporal_middle,unique_hemi_stem_match,True
sub-ccepAgeUMCU25,T41,R,G_occipital_middle,rh_G_occipital_middle,unique_hemi_stem_match,True
sub-ccepAgeUMCU25,T42,R,G_occipital_middle,rh_G_occipital_middle,unique_hemi_stem_match,True
sub-ccepAgeUMCU25,T43,R,G_occipital_middle,rh_G_occipital_middle,unique_hemi_stem_match,True
sub-ccepAgeUMCU25,T44,R,G_temporal_inf,rh_G_temporal_inf,unique_hemi_stem_match,True
sub-ccepAgeUMCU25,T45,R,G_temporal_inf,rh_G_temporal_inf,unique_hemi_stem_match,True
sub-ccepAgeUMCU25,T46,R,G_temporal_middle,rh_G_temporal_middle,unique_hemi_stem_match,True
sub-ccepAgeUMCU25,T47,R,G_temporal_middle,rh_G_temporal_middle,unique_hemi_stem_match,True
sub-ccepAgeUMCU25,T48,R,G_temporal_middle,rh_G_temporal_middle,unique_hemi_stem_match,True
sub-ccepAgeUMCU25,F49,R,G_orbital,rh_G_orbital,unique_hemi_stem_match,True
sub-ccepAgeUMCU25,F50,R,G_front_inf-Orbital,rh_G_front_inf-Orbital,unique_hemi_stem_match,True
sub-ccepAgeUMCU25,F51,R,G_front_inf-Orbital,rh_G_front_inf-Orbital,unique_hemi_stem_match,True
sub-ccepAgeUMCU25,F52,R,G_front_inf-Triangul,rh_G_front_inf-Triangul,unique_hemi_stem_match,True
sub-ccepAgeUMCU25,F53,R,G_front_inf-Opercular,UNK,unseen_or_ambiguous_to_UNK,False
sub-ccepAgeUMCU25,F54,R,G_precentral,rh_G_precentral,unique_hemi_stem_match,True
sub-ccepAgeUMCU25,F55,R,G&S_subcentral,UNK,unseen_or_ambiguous_to_UNK,False
sub-ccepAgeUMCU25,F56,R,G&S_subcentral,UNK,unseen_or_ambiguous_to_UNK,False
sub-ccepAgeUMCU25,F57,R,G_front_middle,rh_G_front_middle,unique_hemi_stem_match,True
sub-ccepAgeUMCU25,F58,R,G_front_middle,rh_G_front_middle,unique_hemi_stem_match,True
sub-ccepAgeUMCU25,F59,R,S_front_inf,rh_S_front_inf,unique_hemi_stem_match,True
sub-ccepAgeUMCU25,F60,R,G_front_inf-Triangul,rh_G_front_inf-Triangul,unique_hemi_stem_match,True
sub-ccepAgeUMCU25,F61,R,G_front_inf-Opercular,UNK,unseen_or_ambiguous_to_UNK,False
sub-ccepAgeUMCU25,F62,R,G_precentral,rh_G_precentral,unique_hemi_stem_match,True
sub-ccepAgeUMCU25,F63,R,G_precentral,rh_G_precentral,unique_hemi_stem_match,True
sub-ccepAgeUMCU25,F64,R,G&S_subcentral,UNK,unseen_or_ambiguous_to_UNK,False
sub-ccepAgeUMCU25,MKR1+,,,UNK,unseen_or_ambiguous_to_UNK,False
sub-ccepAgeUMCU25,vT1,R,G_oc-temp_med-Parahip,rh_G_oc-temp_med-Parahip,unique_hemi_stem_match,True
sub-ccepAgeUMCU25,vT2,R,G_oc-temp_med-Parahip,rh_G_oc-temp_med-Parahip,unique_hemi_stem_match,True
sub-ccepAgeUMCU25,vT3,R,G_oc-temp_med-Parahip,rh_G_oc-temp_med-Parahip,unique_hemi_stem_match,True
sub-ccepAgeUMCU25,vT4,R,Pole_temporal,rh_Pole_temporal,unique_hemi_stem_match,True
sub-ccepAgeUMCU25,vT5,R,Pole_temporal,rh_Pole_temporal,unique_hemi_stem_match,True
sub-ccepAgeUMCU25,vT6,R,Pole_temporal,rh_Pole_temporal,unique_hemi_stem_match,True
sub-ccepAgeUMCU25,vT7,R,Pole_temporal,rh_Pole_temporal,unique_hemi_stem_match,True
sub-ccepAgeUMCU25,vT8,R,G_temp_sup-Lateral,rh_G_temp_sup-Lateral,unique_hemi_stem_match,True
sub-ccepAgeUMCU25,sT1,R,G_oc-temp_med-Parahip,rh_G_oc-temp_med-Parahip,unique_hemi_stem_match,True
sub-ccepAgeUMCU25,sT2,R,G_oc-temp_lat-fusifor,UNK,unseen_or_ambiguous_to_UNK,False
sub-ccepAgeUMCU25,sT3,R,S_collat_transv_ant,rh_S_collat_transv_ant,unique_hemi_stem_match,True
sub-ccepAgeUMCU25,sT4,R,G_temporal_inf,rh_G_temporal_inf,unique_hemi_stem_match,True
sub-ccepAgeUMCU25,sT5,R,G_temporal_inf,rh_G_temporal_inf,unique_hemi_stem_match,True
sub-ccepAgeUMCU25,sT6,R,G_temporal_middle,rh_G_temporal_middle,unique_hemi_stem_match,True
sub-ccepAgeUMCU25,sT7,R,G_temporal_middle,rh_G_temporal_middle,unique_hemi_stem_match,True
sub-ccepAgeUMCU25,sT8,R,G_temp_sup-Lateral,rh_G_temp_sup-Lateral,unique_hemi_stem_match,True
sub-ccepAgeUMCU25,el81,,,UNK,unseen_or_ambiguous_to_UNK,False
sub-ccepAgeUMCU25,el82,,,UNK,unseen_or_ambiguous_to_UNK,False
sub-ccepAgeUMCU25,D1,R,S_temporal_sup,rh_S_temporal_sup,unique_hemi_stem_match,True
sub-ccepAgeUMCU25,D2,R,S_temporal_sup,rh_S_temporal_sup,unique_hemi_stem_match,True
sub-ccepAgeUMCU25,D3,R,S_temporal_sup,rh_S_temporal_sup,unique_hemi_stem_match,True
sub-ccepAgeUMCU25,D4,R,S_temporal_sup,rh_S_temporal_sup,unique_hemi_stem_match,True
sub-ccepAgeUMCU25,D5,R,S_temporal_sup,rh_S_temporal_sup,unique_hemi_stem_match,True
sub-ccepAgeUMCU25,D6,R,S_temporal_sup,rh_S_temporal_sup,unique_hemi_stem_match,True
sub-ccepAgeUMCU25,AH+,,,UNK,unseen_or_ambiguous_to_UNK,False
sub-ccepAgeUMCU25,ECG+,,,UNK,unseen_or_ambiguous_to_UNK,False
sub-ccepAgeUMCU25,ORB+,,,UNK,unseen_or_ambiguous_to_UNK,False
sub-ccepAgeUMCU25,EMG+,,,UNK,unseen_or_ambiguous_to_UNK,False
sub-ccepAgeUMCU25,p11+,,,UNK,unseen_or_ambiguous_to_UNK,False
sub-ccepAgeUMCU25,p12+,,,UNK,unseen_or_ambiguous_to_UNK,False
sub-ccepAgeUMCU25,b1,,,UNK,unseen_or_ambiguous_to_UNK,False
sub-ccepAgeUMCU25,el96,,,UNK,unseen_or_ambiguous_to_UNK,False
sub-ccepAgeUMCU25,xxx01,,,UNK,unseen_or_ambiguous_to_UNK,False
sub-ccepAgeUMCU25,xxx02,,,UNK,unseen_or_ambiguous_to_UNK,False
sub-ccepAgeUMCU25,xxx03,,,UNK,unseen_or_ambiguous_to_UNK,False
sub-ccepAgeUMCU25,xxx04,,,UNK,unseen_or_ambiguous_to_UNK,False
sub-ccepAgeUMCU25,xxx05,,,UNK,unseen_or_ambiguous_to_UNK,False
sub-ccepAgeUMCU25,xxx06,,,UNK,unseen_or_ambiguous_to_UNK,False
sub-ccepAgeUMCU25,xxx07,,,UNK,unseen_or_ambiguous_to_UNK,False
sub-ccepAgeUMCU25,xxx08,,,UNK,unseen_or_ambiguous_to_UNK,False
sub-ccepAgeUMCU25,xxx09,,,UNK,unseen_or_ambiguous_to_UNK,False
sub-ccepAgeUMCU25,xxx10,,,UNK,unseen_or_ambiguous_to_UNK,False
sub-ccepAgeUMCU25,xxx11,,,UNK,unseen_or_ambiguous_to_UNK,False
sub-ccepAgeUMCU25,xxx12,,,UNK,unseen_or_ambiguous_to_UNK,False
sub-ccepAgeUMCU25,xxx13,,,UNK,unseen_or_ambiguous_to_UNK,False
sub-ccepAgeUMCU25,xxx14,,,UNK,unseen_or_ambiguous_to_UNK,False
sub-ccepAgeUMCU25,xxx15,,,UNK,unseen_or_ambiguous_to_UNK,False
sub-ccepAgeUMCU25,xxx16,,,UNK,unseen_or_ambiguous_to_UNK,False
sub-ccepAgeUMCU25,xxx17,,,UNK,unseen_or_ambiguous_to_UNK,False
sub-ccepAgeUMCU25,xxx18,,,UNK,unseen_or_ambiguous_to_UNK,False
sub-ccepAgeUMCU25,xxx19,,,UNK,unseen_or_ambiguous_to_UNK,False
sub-ccepAgeUMCU25,xxx20,,,UNK,unseen_or_ambiguous_to_UNK,False
sub-ccepAgeUMCU25,xxx21,,,UNK,unseen_or_ambiguous_to_UNK,False
sub-ccepAgeUMCU25,xxx22,,,UNK,unseen_or_ambiguous_to_UNK,False
sub-ccepAgeUMCU25,xxx23,,,UNK,unseen_or_ambiguous_to_UNK,False
sub-ccepAgeUMCU25,xxx24,,,UNK,unseen_or_ambiguous_to_UNK,False
sub-ccepAgeUMCU25,xxx25,,,UNK,unseen_or_ambiguous_to_UNK,False
sub-ccepAgeUMCU25,xxx26,,,UNK,unseen_or_ambiguous_to_UNK,False
sub-ccepAgeUMCU25,xxx27,,,UNK,unseen_or_ambiguous_to_UNK,False
sub-ccepAgeUMCU25,xxx28,,,UNK,unseen_or_ambiguous_to_UNK,False
sub-ccepAgeUMCU25,xxx29,,,UNK,unseen_or_ambiguous_to_UNK,False
sub-ccepAgeUMCU25,xxx30,,,UNK,unseen_or_ambiguous_to_UNK,False
sub-ccepAgeUMCU25,xxx31,,,UNK,unseen_or_ambiguous_to_UNK,False
sub-ccepAgeUMCU25,xxx32,,,UNK,unseen_or_ambiguous_to_UNK,False
sub-ccepAgeUMCU25,MKR2+,,,UNK,unseen_or_ambiguous_to_UNK,False
sub-ccepAgeUMCU26,F01,R,G_front_middle,rh_G_front_middle,unique_hemi_stem_match,True
sub-ccepAgeUMCU26,F02,R,G_front_middle,rh_G_front_middle,unique_hemi_stem_match,True
sub-ccepAgeUMCU26,F03,R,G_front_middle,rh_G_front_middle,unique_hemi_stem_match,True
sub-ccepAgeUMCU26,F04,R,G_front_middle,rh_G_front_middle,unique_hemi_stem_match,True
sub-ccepAgeUMCU26,F05,R,G_front_middle,rh_G_front_middle,unique_hemi_stem_match,True
sub-ccepAgeUMCU26,F06,R,G_front_middle,rh_G_front_middle,unique_hemi_stem_match,True
sub-ccepAgeUMCU26,F07,R,G_front_middle,rh_G_front_middle,unique_hemi_stem_match,True
sub-ccepAgeUMCU26,F08,R,G_front_middle,rh_G_front_middle,unique_hemi_stem_match,True
sub-ccepAgeUMCU26,F09,R,G_front_middle,rh_G_front_middle,unique_hemi_stem_match,True
sub-ccepAgeUMCU26,F10,R,G_front_middle,rh_G_front_middle,unique_hemi_stem_match,True
sub-ccepAgeUMCU26,F11,R,G_front_middle,rh_G_front_middle,unique_hemi_stem_match,True
sub-ccepAgeUMCU26,F12,R,G_front_middle,rh_G_front_middle,unique_hemi_stem_match,True
sub-ccepAgeUMCU26,F13,R,G_front_middle,rh_G_front_middle,unique_hemi_stem_match,True
sub-ccepAgeUMCU26,F14,R,G_front_middle,rh_G_front_middle,unique_hemi_stem_match,True
sub-ccepAgeUMCU26,F15,R,G_front_middle,rh_G_front_middle,unique_hemi_stem_match,True
sub-ccepAgeUMCU26,F16,R,S_front_sup,rh_S_front_sup,unique_hemi_stem_match,True
sub-ccepAgeUMCU26,F17,R,G_front_middle,rh_G_front_middle,unique_hemi_stem_match,True
sub-ccepAgeUMCU26,F18,R,G_front_middle,rh_G_front_middle,unique_hemi_stem_match,True
sub-ccepAgeUMCU26,F19,R,G_front_middle,rh_G_front_middle,unique_hemi_stem_match,True
sub-ccepAgeUMCU26,F20,R,S_front_middle,rh_S_front_middle,unique_hemi_stem_match,True
sub-ccepAgeUMCU26,F21,R,S_front_sup,rh_S_front_sup,unique_hemi_stem_match,True
sub-ccepAgeUMCU26,F22,R,S_front_sup,rh_S_front_sup,unique_hemi_stem_match,True
sub-ccepAgeUMCU26,F23,R,G_front_middle,rh_G_front_middle,unique_hemi_stem_match,True
sub-ccepAgeUMCU26,F24,R,G_front_middle,rh_G_front_middle,unique_hemi_stem_match,True
sub-ccepAgeUMCU26,F25,R,G_front_middle,rh_G_front_middle,unique_hemi_stem_match,True
sub-ccepAgeUMCU26,F26,R,G_front_sup,rh_G_front_sup,unique_hemi_stem_match,True
sub-ccepAgeUMCU26,F27,R,G_front_sup,rh_G_front_sup,unique_hemi_stem_match,True
sub-ccepAgeUMCU26,F28,R,S_front_middle,rh_S_front_middle,unique_hemi_stem_match,True
sub-ccepAgeUMCU26,F29,R,S_front_sup,rh_S_front_sup,unique_hemi_stem_match,True
sub-ccepAgeUMCU26,F30,R,S_front_sup,rh_S_front_sup,unique_hemi_stem_match,True
sub-ccepAgeUMCU26,F31,R,G_front_sup,rh_G_front_sup,unique_hemi_stem_match,True
sub-ccepAgeUMCU26,F32,R,G_front_sup,rh_G_front_sup,unique_hemi_stem_match,True
sub-ccepAgeUMCU26,FL01,R,G_orbital,rh_G_orbital,unique_hemi_stem_match,True
sub-ccepAgeUMCU26,FL02,R,G_front_inf-Triangul,rh_G_front_inf-Triangul,unique_hemi_stem_match,True
sub-ccepAgeUMCU26,FL03,R,G_front_inf-Triangul,rh_G_front_inf-Triangul,unique_hemi_stem_match,True
sub-ccepAgeUMCU26,FL04,R,G_front_inf-Triangul,rh_G_front_inf-Triangul,unique_hemi_stem_match,True
sub-ccepAgeUMCU26,FL05,R,G_front_inf-Opercular,UNK,unseen_or_ambiguous_to_UNK,False
sub-ccepAgeUMCU26,FL06,R,G_precentral,rh_G_precentral,unique_hemi_stem_match,True
sub-ccepAgeUMCU26,FL07,R,G_precentral,rh_G_precentral,unique_hemi_stem_match,True
sub-ccepAgeUMCU26,FL08,R,G_precentral,rh_G_precentral,unique_hemi_stem_match,True
sub-ccepAgeUMCU26,FL09,R,G_orbital,rh_G_orbital,unique_hemi_stem_match,True
sub-ccepAgeUMCU26,FL10,R,G_front_inf-Triangul,rh_G_front_inf-Triangul,unique_hemi_stem_match,True
sub-ccepAgeUMCU26,FL11,R,G_front_inf-Triangul,rh_G_front_inf-Triangul,unique_hemi_stem_match,True
sub-ccepAgeUMCU26,FL12,R,G_front_inf-Triangul,rh_G_front_inf-Triangul,unique_hemi_stem_match,True
sub-ccepAgeUMCU26,FL13,R,G_front_inf-Opercular,UNK,unseen_or_ambiguous_to_UNK,False
sub-ccepAgeUMCU26,FL14,R,S_front_inf,rh_S_front_inf,unique_hemi_stem_match,True
sub-ccepAgeUMCU26,FL15,R,G_precentral,rh_G_precentral,unique_hemi_stem_match,True
sub-ccepAgeUMCU26,FL16,R,G_precentral,rh_G_precentral,unique_hemi_stem_match,True
sub-ccepAgeUMCU26,IHH1,R,G_front_sup,rh_G_front_sup,unique_hemi_stem_match,True
sub-ccepAgeUMCU26,IHH2,R,G_front_sup,rh_G_front_sup,unique_hemi_stem_match,True
sub-ccepAgeUMCU26,IHH3,R,S_front_sup,rh_S_front_sup,unique_hemi_stem_match,True
sub-ccepAgeUMCU26,IHH4,R,S_front_sup,rh_S_front_sup,unique_hemi_stem_match,True
sub-ccepAgeUMCU26,IHH5,R,G_front_sup,rh_G_front_sup,unique_hemi_stem_match,True
sub-ccepAgeUMCU26,IHH6,R,G_front_sup,rh_G_front_sup,unique_hemi_stem_match,True
sub-ccepAgeUMCU26,IHH7,R,S_front_sup,rh_S_front_sup,unique_hemi_stem_match,True
sub-ccepAgeUMCU26,IHH8,R,S_front_sup,rh_S_front_sup,unique_hemi_stem_match,True
sub-ccepAgeUMCU26,IHL1,R,G_front_sup,rh_G_front_sup,unique_hemi_stem_match,True
sub-ccepAgeUMCU26,IHL2,R,G_front_sup,rh_G_front_sup,unique_hemi_stem_match,True
sub-ccepAgeUMCU26,IHL3,R,G_front_sup,rh_G_front_sup,unique_hemi_stem_match,True
sub-ccepAgeUMCU26,IHL4,R,G_front_sup,rh_G_front_sup,unique_hemi_stem_match,True
sub-ccepAgeUMCU26,IHL5,R,G_front_sup,rh_G_front_sup,unique_hemi_stem_match,True
sub-ccepAgeUMCU26,IHL6,R,G_front_sup,rh_G_front_sup,unique_hemi_stem_match,True
sub-ccepAgeUMCU26,IHL7,R,G_front_sup,rh_G_front_sup,unique_hemi_stem_match,True
sub-ccepAgeUMCU26,IHL8,R,G_front_sup,rh_G_front_sup,unique_hemi_stem_match,True
sub-ccepAgeUMCU26,MKR1+,,,UNK,unseen_or_ambiguous_to_UNK,False
sub-ccepAgeUMCU26,el065,,,UNK,unseen_or_ambiguous_to_UNK,False
sub-ccepAgeUMCU26,el066,,,UNK,unseen_or_ambiguous_to_UNK,False
sub-ccepAgeUMCU26,el067,,,UNK,unseen_or_ambiguous_to_UNK,False
sub-ccepAgeUMCU26,el068,,,UNK,unseen_or_ambiguous_to_UNK,False
sub-ccepAgeUMCU26,el069,,,UNK,unseen_or_ambiguous_to_UNK,False
sub-ccepAgeUMCU26,el070,,,UNK,unseen_or_ambiguous_to_UNK,False
sub-ccepAgeUMCU26,el071,,,UNK,unseen_or_ambiguous_to_UNK,False
sub-ccepAgeUMCU26,el072,,,UNK,unseen_or_ambiguous_to_UNK,False
sub-ccepAgeUMCU26,el073,,,UNK,unseen_or_ambiguous_to_UNK,False
sub-ccepAgeUMCU26,el074,,,UNK,unseen_or_ambiguous_to_UNK,False
sub-ccepAgeUMCU26,el075,,,UNK,unseen_or_ambiguous_to_UNK,False
sub-ccepAgeUMCU26,el076,,,UNK,unseen_or_ambiguous_to_UNK,False
sub-ccepAgeUMCU26,el077,,,UNK,unseen_or_ambiguous_to_UNK,False
sub-ccepAgeUMCU26,el078,,,UNK,unseen_or_ambiguous_to_UNK,False
sub-ccepAgeUMCU26,el079,,,UNK,unseen_or_ambiguous_to_UNK,False
sub-ccepAgeUMCU26,el080,,,UNK,unseen_or_ambiguous_to_UNK,False
sub-ccepAgeUMCU26,el081,,,UNK,unseen_or_ambiguous_to_UNK,False
sub-ccepAgeUMCU26,el082,,,UNK,unseen_or_ambiguous_to_UNK,False
sub-ccepAgeUMCU26,el083,,,UNK,unseen_or_ambiguous_to_UNK,False
sub-ccepAgeUMCU26,el084,,,UNK,unseen_or_ambiguous_to_UNK,False
sub-ccepAgeUMCU26,el085,,,UNK,unseen_or_ambiguous_to_UNK,False
sub-ccepAgeUMCU26,el086,,,UNK,unseen_or_ambiguous_to_UNK,False
sub-ccepAgeUMCU26,el087,,,UNK,unseen_or_ambiguous_to_UNK,False
sub-ccepAgeUMCU26,el088,,,UNK,unseen_or_ambiguous_to_UNK,False
sub-ccepAgeUMCU26,AH+,,,UNK,unseen_or_ambiguous_to_UNK,False
sub-ccepAgeUMCU26,ECG+,,,UNK,unseen_or_ambiguous_to_UNK,False
sub-ccepAgeUMCU26,orb+,,,UNK,unseen_or_ambiguous_to_UNK,False
sub-ccepAgeUMCU26,emg+,,,UNK,unseen_or_ambiguous_to_UNK,False
sub-ccepAgeUMCU26,el093,,,UNK,unseen_or_ambiguous_to_UNK,False
sub-ccepAgeUMCU26,el094,,,UNK,unseen_or_ambiguous_to_UNK,False
sub-ccepAgeUMCU26,el095,,,UNK,unseen_or_ambiguous_to_UNK,False
sub-ccepAgeUMCU26,el096,,,UNK,unseen_or_ambiguous_to_UNK,False
sub-ccepAgeUMCU26,el097,,,UNK,unseen_or_ambiguous_to_UNK,False
sub-ccepAgeUMCU26,el098,,,UNK,unseen_or_ambiguous_to_UNK,False
sub-ccepAgeUMCU26,el099,,,UNK,unseen_or_ambiguous_to_UNK,False
sub-ccepAgeUMCU26,el100,,,UNK,unseen_or_ambiguous_to_UNK,False
sub-ccepAgeUMCU26,el101,,,UNK,unseen_or_ambiguous_to_UNK,False
sub-ccepAgeUMCU26,el102,,,UNK,unseen_or_ambiguous_to_UNK,False
sub-ccepAgeUMCU26,el103,,,UNK,unseen_or_ambiguous_to_UNK,False
sub-ccepAgeUMCU26,el104,,,UNK,unseen_or_ambiguous_to_UNK,False
sub-ccepAgeUMCU26,el105,,,UNK,unseen_or_ambiguous_to_UNK,False
sub-ccepAgeUMCU26,el106,,,UNK,unseen_or_ambiguous_to_UNK,False
sub-ccepAgeUMCU26,el107,,,UNK,unseen_or_ambiguous_to_UNK,False
sub-ccepAgeUMCU26,el108,,,UNK,unseen_or_ambiguous_to_UNK,False
sub-ccepAgeUMCU26,el109,,,UNK,unseen_or_ambiguous_to_UNK,False
sub-ccepAgeUMCU26,el110,,,UNK,unseen_or_ambiguous_to_UNK,False
sub-ccepAgeUMCU26,el111,,,UNK,unseen_or_ambiguous_to_UNK,False
sub-ccepAgeUMCU26,el112,,,UNK,unseen_or_ambiguous_to_UNK,False
sub-ccepAgeUMCU26,el113,,,UNK,unseen_or_ambiguous_to_UNK,False
sub-ccepAgeUMCU26,el114,,,UNK,unseen_or_ambiguous_to_UNK,False
sub-ccepAgeUMCU26,el115,,,UNK,unseen_or_ambiguous_to_UNK,False
sub-ccepAgeUMCU26,el116,,,UNK,unseen_or_ambiguous_to_UNK,False
sub-ccepAgeUMCU26,el117,,,UNK,unseen_or_ambiguous_to_UNK,False
sub-ccepAgeUMCU26,el118,,,UNK,unseen_or_ambiguous_to_UNK,False
sub-ccepAgeUMCU26,el119,,,UNK,unseen_or_ambiguous_to_UNK,False
sub-ccepAgeUMCU26,el120,,,UNK,unseen_or_ambiguous_to_UNK,False
sub-ccepAgeUMCU26,el121,,,UNK,unseen_or_ambiguous_to_UNK,False
sub-ccepAgeUMCU26,el122,,,UNK,unseen_or_ambiguous_to_UNK,False
sub-ccepAgeUMCU26,el123,,,UNK,unseen_or_ambiguous_to_UNK,False
sub-ccepAgeUMCU26,el124,,,UNK,unseen_or_ambiguous_to_UNK,False
sub-ccepAgeUMCU26,el125,,,UNK,unseen_or_ambiguous_to_UNK,False
sub-ccepAgeUMCU26,el126,,,UNK,unseen_or_ambiguous_to_UNK,False
sub-ccepAgeUMCU26,el127,,,UNK,unseen_or_ambiguous_to_UNK,False
sub-ccepAgeUMCU26,el128,,,UNK,unseen_or_ambiguous_to_UNK,False
sub-ccepAgeUMCU26,thor+,,,UNK,unseen_or_ambiguous_to_UNK,False
sub-ccepAgeUMCU26,abdo+,,,UNK,unseen_or_ambiguous_to_UNK,False
sub-ccepAgeUMCU26,xyz+,,,UNK,unseen_or_ambiguous_to_UNK,False
sub-ccepAgeUMCU26,MKR2+,,,UNK,unseen_or_ambiguous_to_UNK,False
sub-ccepAgeUMCU27,T01,L,G_front_inf-Opercular,UNK,unseen_or_ambiguous_to_UNK,False
sub-ccepAgeUMCU27,T02,L,G_precentral,lh_G_precentral,unique_hemi_stem_match,True
sub-ccepAgeUMCU27,T03,L,G&S_subcentral,UNK,unseen_or_ambiguous_to_UNK,False
sub-ccepAgeUMCU27,T04,L,G_pariet_inf-Supramar,lh_G_pariet_inf-Supramar,unique_hemi_stem_match,True
sub-ccepAgeUMCU27,T05,L,G_pariet_inf-Supramar,lh_G_pariet_inf-Supramar,unique_hemi_stem_match,True
sub-ccepAgeUMCU27,T06,L,G_temp_sup-Lateral,lh_G_temp_sup-Lateral,unique_hemi_stem_match,True
sub-ccepAgeUMCU27,T07,L,G_pariet_inf-Supramar,lh_G_pariet_inf-Supramar,unique_hemi_stem_match,True
sub-ccepAgeUMCU27,T08,L,G_pariet_inf-Angular,UNK,unseen_or_ambiguous_to_UNK,False
sub-ccepAgeUMCU27,T09,L,G_front_inf-Opercular,UNK,unseen_or_ambiguous_to_UNK,False
sub-ccepAgeUMCU27,T10,L,G&S_subcentral,UNK,unseen_or_ambiguous_to_UNK,False
sub-ccepAgeUMCU27,T11,L,G_temp_sup-Lateral,lh_G_temp_sup-Lateral,unique_hemi_stem_match,True
sub-ccepAgeUMCU27,T12,L,G_temp_sup-Lateral,lh_G_temp_sup-Lateral,unique_hemi_stem_match,True
sub-ccepAgeUMCU27,T13,L,G_temp_sup-Lateral,lh_G_temp_sup-Lateral,unique_hemi_stem_match,True
sub-ccepAgeUMCU27,T14,L,G_temp_sup-Lateral,lh_G_temp_sup-Lateral,unique_hemi_stem_match,True
sub-ccepAgeUMCU27,T15,L,G_pariet_inf-Supramar,lh_G_pariet_inf-Supramar,unique_hemi_stem_match,True
sub-ccepAgeUMCU27,T16,L,G_pariet_inf-Supramar,lh_G_pariet_inf-Supramar,unique_hemi_stem_match,True
sub-ccepAgeUMCU27,T17,L,G_temp_sup-Lateral,lh_G_temp_sup-Lateral,unique_hemi_stem_match,True
sub-ccepAgeUMCU27,T18,L,G_temp_sup-Lateral,lh_G_temp_sup-Lateral,unique_hemi_stem_match,True
sub-ccepAgeUMCU27,T19,L,G_temporal_middle,lh_G_temporal_middle,unique_hemi_stem_match,True
sub-ccepAgeUMCU27,T20,L,G_temporal_middle,lh_G_temporal_middle,unique_hemi_stem_match,True
sub-ccepAgeUMCU27,T21,L,G_temporal_middle,lh_G_temporal_middle,unique_hemi_stem_match,True
sub-ccepAgeUMCU27,T22,L,G_temporal_middle,lh_G_temporal_middle,unique_hemi_stem_match,True
sub-ccepAgeUMCU27,T23,L,G_temporal_middle,lh_G_temporal_middle,unique_hemi_stem_match,True
sub-ccepAgeUMCU27,T24,L,G_temporal_middle,lh_G_temporal_middle,unique_hemi_stem_match,True
sub-ccepAgeUMCU27,T25,L,G_temp_sup-Lateral,lh_G_temp_sup-Lateral,unique_hemi_stem_match,True
sub-ccepAgeUMCU27,T26,L,G_temporal_middle,lh_G_temporal_middle,unique_hemi_stem_match,True
sub-ccepAgeUMCU27,T27,L,G_temporal_middle,lh_G_temporal_middle,unique_hemi_stem_match,True
sub-ccepAgeUMCU27,T28,L,G_temporal_middle,lh_G_temporal_middle,unique_hemi_stem_match,True
sub-ccepAgeUMCU27,T29,L,G_temporal_middle,lh_G_temporal_middle,unique_hemi_stem_match,True
sub-ccepAgeUMCU27,T30,L,G_temporal_middle,lh_G_temporal_middle,unique_hemi_stem_match,True
sub-ccepAgeUMCU27,T31,L,G_temporal_middle,lh_G_temporal_middle,unique_hemi_stem_match,True
sub-ccepAgeUMCU27,T32,L,G_temporal_inf,lh_G_temporal_inf,unique_hemi_stem_match,True
sub-ccepAgeUMCU27,Oc1,L,S_temporal_inf,lh_S_temporal_inf,unique_hemi_stem_match,True
sub-ccepAgeUMCU27,Oc2,L,S_temporal_sup,lh_S_temporal_sup,unique_hemi_stem_match,True
sub-ccepAgeUMCU27,Oc3,L,S_temporal_sup,lh_S_temporal_sup,unique_hemi_stem_match,True
sub-ccepAgeUMCU27,Oc4,L,S_temporal_sup,lh_S_temporal_sup,unique_hemi_stem_match,True
sub-ccepAgeUMCU27,Oc5,L,S_occipital_ant,UNK,unseen_or_ambiguous_to_UNK,False
sub-ccepAgeUMCU27,Oc6,L,S_occipital_ant,UNK,unseen_or_ambiguous_to_UNK,False
sub-ccepAgeUMCU27,Oc7,L,S_oc_middle&Lunatus,UNK,unseen_or_ambiguous_to_UNK,False
sub-ccepAgeUMCU27,Oc8,L,G_pariet_inf-Angular,UNK,unseen_or_ambiguous_to_UNK,False
sub-ccepAgeUMCU27,SOT1,L,G_cuneus,UNK,unseen_or_ambiguous_to_UNK,False
sub-ccepAgeUMCU27,SOT2,L,G_cuneus,UNK,unseen_or_ambiguous_to_UNK,False
sub-ccepAgeUMCU27,SOT3,L,G_oc-temp_med-Lingual,UNK,unseen_or_ambiguous_to_UNK,False
sub-ccepAgeUMCU27,SOT4,L,G_oc-temp_med-Lingual,UNK,unseen_or_ambiguous_to_UNK,False
sub-ccepAgeUMCU27,SOT5,L,G_oc-temp_med-Lingual,UNK,unseen_or_ambiguous_to_UNK,False
sub-ccepAgeUMCU27,SOT6,L,G&S_occipital_inf,UNK,unseen_or_ambiguous_to_UNK,False
sub-ccepAgeUMCU27,SOT7,L,G&S_occipital_inf,UNK,unseen_or_ambiguous_to_UNK,False
sub-ccepAgeUMCU27,SOT8,L,G&S_occipital_inf,UNK,unseen_or_ambiguous_to_UNK,False
sub-ccepAgeUMCU27,sTa1,L,G_temporal_inf,lh_G_temporal_inf,unique_hemi_stem_match,True
sub-ccepAgeUMCU27,sTa2,L,G_temporal_inf,lh_G_temporal_inf,unique_hemi_stem_match,True
sub-ccepAgeUMCU27,sTa3,L,G_temporal_middle,lh_G_temporal_middle,unique_hemi_stem_match,True
sub-ccepAgeUMCU27,sTa4,L,G_temporal_middle,lh_G_temporal_middle,unique_hemi_stem_match,True
sub-ccepAgeUMCU27,sTa5,L,G_temporal_inf,lh_G_temporal_inf,unique_hemi_stem_match,True
sub-ccepAgeUMCU27,sTa6,L,G_temporal_inf,lh_G_temporal_inf,unique_hemi_stem_match,True
sub-ccepAgeUMCU27,sTa7,L,G_temporal_inf,lh_G_temporal_inf,unique_hemi_stem_match,True
sub-ccepAgeUMCU27,sTa8,L,G_temporal_middle,lh_G_temporal_middle,unique_hemi_stem_match,True
sub-ccepAgeUMCU27,sTv1,L,G_orbital,UNK,unseen_or_ambiguous_to_UNK,False
sub-ccepAgeUMCU27,sTv2,L,G_orbital,UNK,unseen_or_ambiguous_to_UNK,False
sub-ccepAgeUMCU27,sTv3,L,G_orbital,UNK,unseen_or_ambiguous_to_UNK,False
sub-ccepAgeUMCU27,sTv4,L,Pole_temporal,UNK,unseen_or_ambiguous_to_UNK,False
sub-ccepAgeUMCU27,sTv5,L,G_oc-temp_med-Parahip,lh_G_oc-temp_med-Parahip,unique_hemi_stem_match,True
sub-ccepAgeUMCU27,sTv6,L,G_oc-temp_med-Parahip,lh_G_oc-temp_med-Parahip,unique_hemi_stem_match,True
sub-ccepAgeUMCU27,sTv7,L,G_temporal_inf,lh_G_temporal_inf,unique_hemi_stem_match,True
sub-ccepAgeUMCU27,sTv8,L,G_temporal_inf,lh_G_temporal_inf,unique_hemi_stem_match,True
sub-ccepAgeUMCU27,MKR1+,,,UNK,unseen_or_ambiguous_to_UNK,False
sub-ccepAgeUMCU27,C01,L,S_front_inf,lh_S_front_inf,unique_hemi_stem_match,True
sub-ccepAgeUMCU27,C02,L,G_front_inf-Opercular,UNK,unseen_or_ambiguous_to_UNK,False
sub-ccepAgeUMCU27,C03,L,G_precentral,lh_G_precentral,unique_hemi_stem_match,True
sub-ccepAgeUMCU27,C04,L,G&S_subcentral,UNK,unseen_or_ambiguous_to_UNK,False
sub-ccepAgeUMCU27,C05,L,G&S_subcentral,UNK,unseen_or_ambiguous_to_UNK,False
sub-ccepAgeUMCU27,C06,L,G_pariet_inf-Supramar,lh_G_pariet_inf-Supramar,unique_hemi_stem_match,True
sub-ccepAgeUMCU27,C07,L,G_pariet_inf-Supramar,lh_G_pariet_inf-Supramar,unique_hemi_stem_match,True
sub-ccepAgeUMCU27,C08,L,G_pariet_inf-Supramar,lh_G_pariet_inf-Supramar,unique_hemi_stem_match,True
sub-ccepAgeUMCU27,HF09,,,UNK,unseen_or_ambiguous_to_UNK,False
sub-ccepAgeUMCU27,HF10,,,UNK,unseen_or_ambiguous_to_UNK,False
sub-ccepAgeUMCU27,HF11,,,UNK,unseen_or_ambiguous_to_UNK,False
sub-ccepAgeUMCU27,HF12,,,UNK,unseen_or_ambiguous_to_UNK,False
sub-ccepAgeUMCU27,HF13,,,UNK,unseen_or_ambiguous_to_UNK,False
sub-ccepAgeUMCU27,HF14,,,UNK,unseen_or_ambiguous_to_UNK,False
sub-ccepAgeUMCU27,HF15,,,UNK,unseen_or_ambiguous_to_UNK,False
sub-ccepAgeUMCU27,HF16,,,UNK,unseen_or_ambiguous_to_UNK,False
sub-ccepAgeUMCU27,IH1,,,UNK,unseen_or_ambiguous_to_UNK,False
sub-ccepAgeUMCU27,IH2,,,UNK,unseen_or_ambiguous_to_UNK,False
sub-ccepAgeUMCU27,IH3,,,UNK,unseen_or_ambiguous_to_UNK,False
sub-ccepAgeUMCU27,IH4,,,UNK,unseen_or_ambiguous_to_UNK,False
sub-ccepAgeUMCU27,IH5,,,UNK,unseen_or_ambiguous_to_UNK,False
sub-ccepAgeUMCU27,IH6,,,UNK,unseen_or_ambiguous_to_UNK,False
sub-ccepAgeUMCU27,IH7,,,UNK,unseen_or_ambiguous_to_UNK,False
sub-ccepAgeUMCU27,IH8,,,UNK,unseen_or_ambiguous_to_UNK,False
sub-ccepAgeUMCU27,AH+,,,UNK,unseen_or_ambiguous_to_UNK,False
sub-ccepAgeUMCU27,ECG+,,,UNK,unseen_or_ambiguous_to_UNK,False
sub-ccepAgeUMCU27,orb+,,,UNK,unseen_or_ambiguous_to_UNK,False
sub-ccepAgeUMCU27,emg+,,,UNK,unseen_or_ambiguous_to_UNK,False
sub-ccepAgeUMCU27,el093,,,UNK,unseen_or_ambiguous_to_UNK,False
sub-ccepAgeUMCU27,el094,,,UNK,unseen_or_ambiguous_to_UNK,False
sub-ccepAgeUMCU27,el095,,,UNK,unseen_or_ambiguous_to_UNK,False
sub-ccepAgeUMCU27,el096,,,UNK,unseen_or_ambiguous_to_UNK,False
sub-ccepAgeUMCU27,el097,,,UNK,unseen_or_ambiguous_to_UNK,False
sub-ccepAgeUMCU27,el098,,,UNK,unseen_or_ambiguous_to_UNK,False
sub-ccepAgeUMCU27,el099,,,UNK,unseen_or_ambiguous_to_UNK,False
sub-ccepAgeUMCU27,el100,,,UNK,unseen_or_ambiguous_to_UNK,False
sub-ccepAgeUMCU27,el101,,,UNK,unseen_or_ambiguous_to_UNK,False
sub-ccepAgeUMCU27,el102,,,UNK,unseen_or_ambiguous_to_UNK,False
sub-ccepAgeUMCU27,el103,,,UNK,unseen_or_ambiguous_to_UNK,False
sub-ccepAgeUMCU27,el104,,,UNK,unseen_or_ambiguous_to_UNK,False
sub-ccepAgeUMCU27,el105,,,UNK,unseen_or_ambiguous_to_UNK,False
sub-ccepAgeUMCU27,el106,,,UNK,unseen_or_ambiguous_to_UNK,False
sub-ccepAgeUMCU27,el107,,,UNK,unseen_or_ambiguous_to_UNK,False
sub-ccepAgeUMCU27,el108,,,UNK,unseen_or_ambiguous_to_UNK,False
sub-ccepAgeUMCU27,el109,,,UNK,unseen_or_ambiguous_to_UNK,False
sub-ccepAgeUMCU27,el110,,,UNK,unseen_or_ambiguous_to_UNK,False
sub-ccepAgeUMCU27,el111,,,UNK,unseen_or_ambiguous_to_UNK,False
sub-ccepAgeUMCU27,el112,,,UNK,unseen_or_ambiguous_to_UNK,False
sub-ccepAgeUMCU27,el113,,,UNK,unseen_or_ambiguous_to_UNK,False
sub-ccepAgeUMCU27,el114,,,UNK,unseen_or_ambiguous_to_UNK,False
sub-ccepAgeUMCU27,el115,,,UNK,unseen_or_ambiguous_to_UNK,False
sub-ccepAgeUMCU27,el116,,,UNK,unseen_or_ambiguous_to_UNK,False
sub-ccepAgeUMCU27,el117,,,UNK,unseen_or_ambiguous_to_UNK,False
sub-ccepAgeUMCU27,el118,,,UNK,unseen_or_ambiguous_to_UNK,False
sub-ccepAgeUMCU27,el119,,,UNK,unseen_or_ambiguous_to_UNK,False
sub-ccepAgeUMCU27,el120,,,UNK,unseen_or_ambiguous_to_UNK,False
sub-ccepAgeUMCU27,el121,,,UNK,unseen_or_ambiguous_to_UNK,False
sub-ccepAgeUMCU27,el122,,,UNK,unseen_or_ambiguous_to_UNK,False
sub-ccepAgeUMCU27,el123,,,UNK,unseen_or_ambiguous_to_UNK,False
sub-ccepAgeUMCU27,el124,,,UNK,unseen_or_ambiguous_to_UNK,False
sub-ccepAgeUMCU27,el125,,,UNK,unseen_or_ambiguous_to_UNK,False
sub-ccepAgeUMCU27,el126,,,UNK,unseen_or_ambiguous_to_UNK,False
sub-ccepAgeUMCU27,el127,,,UNK,unseen_or_ambiguous_to_UNK,False
sub-ccepAgeUMCU27,el128,,,UNK,unseen_or_ambiguous_to_UNK,False
sub-ccepAgeUMCU27,thor+,,,UNK,unseen_or_ambiguous_to_UNK,False
sub-ccepAgeUMCU27,abdo+,,,UNK,unseen_or_ambiguous_to_UNK,False
sub-ccepAgeUMCU27,xyz+,,,UNK,unseen_or_ambiguous_to_UNK,False
sub-ccepAgeUMCU27,MKR2+,,,UNK,unseen_or_ambiguous_to_UNK,False
sub-ccepAgeUMCU28,F01,R,G_orbital,rh_G_orbital,unique_hemi_stem_match,True
sub-ccepAgeUMCU28,F02,R,G_orbital,rh_G_orbital,unique_hemi_stem_match,True
sub-ccepAgeUMCU28,F03,R,G_front_inf-Opercular,UNK,unseen_or_ambiguous_to_UNK,False
sub-ccepAgeUMCU28,F04,R,G_temp_sup-Lateral,rh_G_temp_sup-Lateral,unique_hemi_stem_match,True
sub-ccepAgeUMCU28,F05,R,G_temp_sup-Lateral,rh_G_temp_sup-Lateral,unique_hemi_stem_match,True
sub-ccepAgeUMCU28,F06,R,G_temp_sup-Lateral,rh_G_temp_sup-Lateral,unique_hemi_stem_match,True
sub-ccepAgeUMCU28,F07,R,G_temp_sup-Lateral,rh_G_temp_sup-Lateral,unique_hemi_stem_match,True
sub-ccepAgeUMCU28,F08,R,G_temp_sup-Lateral,rh_G_temp_sup-Lateral,unique_hemi_stem_match,True
sub-ccepAgeUMCU28,F09,R,G_front_inf-Triangul,rh_G_front_inf-Triangul,unique_hemi_stem_match,True
sub-ccepAgeUMCU28,F10,R,G_front_inf-Triangul,rh_G_front_inf-Triangul,unique_hemi_stem_match,True
sub-ccepAgeUMCU28,F11,R,G_front_inf-Triangul,rh_G_front_inf-Triangul,unique_hemi_stem_match,True
sub-ccepAgeUMCU28,F12,R,G_front_inf-Opercular,UNK,unseen_or_ambiguous_to_UNK,False
sub-ccepAgeUMCU28,F13,R,G_front_inf-Opercular,UNK,unseen_or_ambiguous_to_UNK,False
sub-ccepAgeUMCU28,F14,R,G&S_subcentral,UNK,unseen_or_ambiguous_to_UNK,False
sub-ccepAgeUMCU28,F15,R,G_temp_sup-Plan_tempo,rh_G_temp_sup-Plan_tempo,unique_hemi_stem_match,True
sub-ccepAgeUMCU28,F16,R,G_pariet_inf-Supramar,rh_G_pariet_inf-Supramar,unique_hemi_stem_match,True
sub-ccepAgeUMCU28,F17,R,G_front_inf-Triangul,rh_G_front_inf-Triangul,unique_hemi_stem_match,True
sub-ccepAgeUMCU28,F18,R,G_front_inf-Triangul,rh_G_front_inf-Triangul,unique_hemi_stem_match,True
sub-ccepAgeUMCU28,F19,R,G_front_inf-Triangul,rh_G_front_inf-Triangul,unique_hemi_stem_match,True
sub-ccepAgeUMCU28,F20,R,S_precentral-inf-part,rh_S_precentral-inf-part,unique_hemi_stem_match,True
sub-ccepAgeUMCU28,F21,R,G&S_subcentral,UNK,unseen_or_ambiguous_to_UNK,False
sub-ccepAgeUMCU28,F22,R,G&S_subcentral,UNK,unseen_or_ambiguous_to_UNK,False
sub-ccepAgeUMCU28,F23,R,G_temp_sup-Plan_tempo,rh_G_temp_sup-Plan_tempo,unique_hemi_stem_match,True
sub-ccepAgeUMCU28,F24,R,G_pariet_inf-Supramar,rh_G_pariet_inf-Supramar,unique_hemi_stem_match,True
sub-ccepAgeUMCU28,F25,R,G_front_middle,rh_G_front_middle,unique_hemi_stem_match,True
sub-ccepAgeUMCU28,F26,R,S_front_inf,rh_S_front_inf,unique_hemi_stem_match,True
sub-ccepAgeUMCU28,F27,R,S_front_inf,rh_S_front_inf,unique_hemi_stem_match,True
sub-ccepAgeUMCU28,F28,R,S_front_inf,rh_S_front_inf,unique_hemi_stem_match,True
sub-ccepAgeUMCU28,F29,R,G_precentral,rh_G_precentral,unique_hemi_stem_match,True
sub-ccepAgeUMCU28,F30,R,G_precentral,rh_G_precentral,unique_hemi_stem_match,True
sub-ccepAgeUMCU28,F31,R,G_pariet_inf-Supramar,rh_G_pariet_inf-Supramar,unique_hemi_stem_match,True
sub-ccepAgeUMCU28,F32,R,G_pariet_inf-Supramar,rh_G_pariet_inf-Supramar,unique_hemi_stem_match,True
sub-ccepAgeUMCU28,F33,R,G_front_middle,rh_G_front_middle,unique_hemi_stem_match,True
sub-ccepAgeUMCU28,F34,R,G_front_middle,rh_G_front_middle,unique_hemi_stem_match,True
sub-ccepAgeUMCU28,F35,R,G_front_middle,rh_G_front_middle,unique_hemi_stem_match,True
sub-ccepAgeUMCU28,F36,R,G_front_middle,rh_G_front_middle,unique_hemi_stem_match,True
sub-ccepAgeUMCU28,F37,R,G_front_middle,rh_G_front_middle,unique_hemi_stem_match,True
sub-ccepAgeUMCU28,F38,R,G_precentral,rh_G_precentral,unique_hemi_stem_match,True
sub-ccepAgeUMCU28,F39,R,G_pariet_inf-Supramar,rh_G_pariet_inf-Supramar,unique_hemi_stem_match,True
sub-ccepAgeUMCU28,F40,R,G_pariet_inf-Supramar,rh_G_pariet_inf-Supramar,unique_hemi_stem_match,True
sub-ccepAgeUMCU28,F41,R,G_front_middle,rh_G_front_middle,unique_hemi_stem_match,True
sub-ccepAgeUMCU28,F42,R,G_front_middle,rh_G_front_middle,unique_hemi_stem_match,True
sub-ccepAgeUMCU28,F43,R,G_front_middle,rh_G_front_middle,unique_hemi_stem_match,True
sub-ccepAgeUMCU28,F44,R,G_front_middle,rh_G_front_middle,unique_hemi_stem_match,True
sub-ccepAgeUMCU28,F45,R,G_front_middle,rh_G_front_middle,unique_hemi_stem_match,True
sub-ccepAgeUMCU28,F46,R,G_front_middle,rh_G_front_middle,unique_hemi_stem_match,True
sub-ccepAgeUMCU28,F47,R,G_precentral,rh_G_precentral,unique_hemi_stem_match,True
sub-ccepAgeUMCU28,F48,R,G_pariet_inf-Supramar,rh_G_pariet_inf-Supramar,unique_hemi_stem_match,True
sub-ccepAgeUMCU28,F49,R,S_central,rh_S_central,unique_hemi_stem_match,True
sub-ccepAgeUMCU28,F50,R,G_precentral,rh_G_precentral,unique_hemi_stem_match,True
sub-ccepAgeUMCU28,F51,R,G_front_sup,rh_G_front_sup,unique_hemi_stem_match,True
sub-ccepAgeUMCU28,F52,R,S_front_sup,rh_S_front_sup,unique_hemi_stem_match,True
sub-ccepAgeUMCU28,F53,R,G_front_sup,rh_G_front_sup,unique_hemi_stem_match,True
sub-ccepAgeUMCU28,F54,R,G_front_sup,rh_G_front_sup,unique_hemi_stem_match,True
sub-ccepAgeUMCU28,F55,R,G_front_sup,rh_G_front_sup,unique_hemi_stem_match,True
sub-ccepAgeUMCU28,F56,R,G&S_cingul-Mid-Ant,rh_G&S_cingul-Mid-Ant,unique_hemi_stem_match,True
sub-ccepAgeUMCU28,F57,R,G_postcentral,rh_G_postcentral,unique_hemi_stem_match,True
sub-ccepAgeUMCU28,F58,R,G_precentral,rh_G_precentral,unique_hemi_stem_match,True
sub-ccepAgeUMCU28,F59,R,S_front_sup,rh_S_front_sup,unique_hemi_stem_match,True
sub-ccepAgeUMCU28,F60,R,S_front_sup,rh_S_front_sup,unique_hemi_stem_match,True
sub-ccepAgeUMCU28,F61,R,S_front_sup,rh_S_front_sup,unique_hemi_stem_match,True
sub-ccepAgeUMCU28,F62,R,S_front_sup,rh_S_front_sup,unique_hemi_stem_match,True
sub-ccepAgeUMCU28,F63,R,S_front_middle,rh_S_front_middle,unique_hemi_stem_match,True
sub-ccepAgeUMCU28,F64,R,G_front_middle,rh_G_front_middle,unique_hemi_stem_match,True
sub-ccepAgeUMCU28,MKR1+,,,UNK,unseen_or_ambiguous_to_UNK,False
sub-ccepAgeUMCU28,xx01,,,UNK,unseen_or_ambiguous_to_UNK,False
sub-ccepAgeUMCU28,xx02,,,UNK,unseen_or_ambiguous_to_UNK,False
sub-ccepAgeUMCU28,xx03,,,UNK,unseen_or_ambiguous_to_UNK,False
sub-ccepAgeUMCU28,xx04,,,UNK,unseen_or_ambiguous_to_UNK,False
sub-ccepAgeUMCU28,xx05,,,UNK,unseen_or_ambiguous_to_UNK,False
sub-ccepAgeUMCU28,xx06,,,UNK,unseen_or_ambiguous_to_UNK,False
sub-ccepAgeUMCU28,xx07,,,UNK,unseen_or_ambiguous_to_UNK,False
sub-ccepAgeUMCU28,xx08,,,UNK,unseen_or_ambiguous_to_UNK,False
sub-ccepAgeUMCU28,xx09,,,UNK,unseen_or_ambiguous_to_UNK,False
sub-ccepAgeUMCU28,xx10,,,UNK,unseen_or_ambiguous_to_UNK,False
sub-ccepAgeUMCU28,xx11,,,UNK,unseen_or_ambiguous_to_UNK,False
sub-ccepAgeUMCU28,xx12,,,UNK,unseen_or_ambiguous_to_UNK,False
sub-ccepAgeUMCU28,xx13,,,UNK,unseen_or_ambiguous_to_UNK,False
sub-ccepAgeUMCU28,xx14,,,UNK,unseen_or_ambiguous_to_UNK,False
sub-ccepAgeUMCU28,xx15,,,UNK,unseen_or_ambiguous_to_UNK,False
sub-ccepAgeUMCU28,xx16,,,UNK,unseen_or_ambiguous_to_UNK,False
sub-ccepAgeUMCU28,xx17,,,UNK,unseen_or_ambiguous_to_UNK,False
sub-ccepAgeUMCU28,xx18,,,UNK,unseen_or_ambiguous_to_UNK,False
sub-ccepAgeUMCU28,xx19,,,UNK,unseen_or_ambiguous_to_UNK,False
sub-ccepAgeUMCU28,xx20,,,UNK,unseen_or_ambiguous_to_UNK,False
sub-ccepAgeUMCU28,xx21,,,UNK,unseen_or_ambiguous_to_UNK,False
sub-ccepAgeUMCU28,xx22,,,UNK,unseen_or_ambiguous_to_UNK,False
sub-ccepAgeUMCU28,xx23,,,UNK,unseen_or_ambiguous_to_UNK,False
sub-ccepAgeUMCU28,xx24,,,UNK,unseen_or_ambiguous_to_UNK,False
sub-ccepAgeUMCU28,AH+,,,UNK,unseen_or_ambiguous_to_UNK,False
sub-ccepAgeUMCU28,ECG+,,,UNK,unseen_or_ambiguous_to_UNK,False
sub-ccepAgeUMCU28,orb+,,,UNK,unseen_or_ambiguous_to_UNK,False
sub-ccepAgeUMCU28,emg+,,,UNK,unseen_or_ambiguous_to_UNK,False
sub-ccepAgeUMCU28,el093,,,UNK,unseen_or_ambiguous_to_UNK,False
sub-ccepAgeUMCU28,el094,,,UNK,unseen_or_ambiguous_to_UNK,False
sub-ccepAgeUMCU28,el095,,,UNK,unseen_or_ambiguous_to_UNK,False
sub-ccepAgeUMCU28,el096,,,UNK,unseen_or_ambiguous_to_UNK,False
sub-ccepAgeUMCU28,el097,,,UNK,unseen_or_ambiguous_to_UNK,False
sub-ccepAgeUMCU28,el098,,,UNK,unseen_or_ambiguous_to_UNK,False
sub-ccepAgeUMCU28,el099,,,UNK,unseen_or_ambiguous_to_UNK,False
sub-ccepAgeUMCU28,el100,,,UNK,unseen_or_ambiguous_to_UNK,False
sub-ccepAgeUMCU28,el101,,,UNK,unseen_or_ambiguous_to_UNK,False
sub-ccepAgeUMCU28,el102,,,UNK,unseen_or_ambiguous_to_UNK,False
sub-ccepAgeUMCU28,el103,,,UNK,unseen_or_ambiguous_to_UNK,False
sub-ccepAgeUMCU28,el104,,,UNK,unseen_or_ambiguous_to_UNK,False
sub-ccepAgeUMCU28,el105,,,UNK,unseen_or_ambiguous_to_UNK,False
sub-ccepAgeUMCU28,el106,,,UNK,unseen_or_ambiguous_to_UNK,False
sub-ccepAgeUMCU28,el107,,,UNK,unseen_or_ambiguous_to_UNK,False
sub-ccepAgeUMCU28,el108,,,UNK,unseen_or_ambiguous_to_UNK,False
sub-ccepAgeUMCU28,el109,,,UNK,unseen_or_ambiguous_to_UNK,False
sub-ccepAgeUMCU28,el110,,,UNK,unseen_or_ambiguous_to_UNK,False
sub-ccepAgeUMCU28,el111,,,UNK,unseen_or_ambiguous_to_UNK,False
sub-ccepAgeUMCU28,el112,,,UNK,unseen_or_ambiguous_to_UNK,False
sub-ccepAgeUMCU28,el113,,,UNK,unseen_or_ambiguous_to_UNK,False
sub-ccepAgeUMCU28,el114,,,UNK,unseen_or_ambiguous_to_UNK,False
sub-ccepAgeUMCU28,el115,,,UNK,unseen_or_ambiguous_to_UNK,False
sub-ccepAgeUMCU28,el116,,,UNK,unseen_or_ambiguous_to_UNK,False
sub-ccepAgeUMCU28,el117,,,UNK,unseen_or_ambiguous_to_UNK,False
sub-ccepAgeUMCU28,el118,,,UNK,unseen_or_ambiguous_to_UNK,False
sub-ccepAgeUMCU28,el119,,,UNK,unseen_or_ambiguous_to_UNK,False
sub-ccepAgeUMCU28,el120,,,UNK,unseen_or_ambiguous_to_UNK,False
sub-ccepAgeUMCU28,el121,,,UNK,unseen_or_ambiguous_to_UNK,False
sub-ccepAgeUMCU28,el122,,,UNK,unseen_or_ambiguous_to_UNK,False
sub-ccepAgeUMCU28,el123,,,UNK,unseen_or_ambiguous_to_UNK,False
sub-ccepAgeUMCU28,el124,,,UNK,unseen_or_ambiguous_to_UNK,False
sub-ccepAgeUMCU28,el125,,,UNK,unseen_or_ambiguous_to_UNK,False
sub-ccepAgeUMCU28,el126,,,UNK,unseen_or_ambiguous_to_UNK,False
sub-ccepAgeUMCU28,el127,,,UNK,unseen_or_ambiguous_to_UNK,False
sub-ccepAgeUMCU28,el128,,,UNK,unseen_or_ambiguous_to_UNK,False
sub-ccepAgeUMCU28,thor+,,,UNK,unseen_or_ambiguous_to_UNK,False
sub-ccepAgeUMCU28,abdo+,,,UNK,unseen_or_ambiguous_to_UNK,False
sub-ccepAgeUMCU28,xyz+,,,UNK,unseen_or_ambiguous_to_UNK,False
sub-ccepAgeUMCU28,MKR2+,,,UNK,unseen_or_ambiguous_to_UNK,False
sub-ccepAgeUMCU29,C01,L,G_precentral,lh_G_precentral,unique_hemi_stem_match,True
sub-ccepAgeUMCU29,C02,L,G_precentral,lh_G_precentral,unique_hemi_stem_match,True
sub-ccepAgeUMCU29,C03,L,G_postcentral,lh_G_postcentral,unique_hemi_stem_match,True
sub-ccepAgeUMCU29,C04,L,G_parietal_sup,UNK,unseen_or_ambiguous_to_UNK,False
sub-ccepAgeUMCU29,C05,L,G_parietal_sup,UNK,unseen_or_ambiguous_to_UNK,False
sub-ccepAgeUMCU29,C06,L,G_parietal_sup,UNK,unseen_or_ambiguous_to_UNK,False
sub-ccepAgeUMCU29,C07,L,G_parietal_sup,UNK,unseen_or_ambiguous_to_UNK,False
sub-ccepAgeUMCU29,C08,L,G_parietal_sup,UNK,unseen_or_ambiguous_to_UNK,False
sub-ccepAgeUMCU29,C09,L,G_precentral,lh_G_precentral,unique_hemi_stem_match,True
sub-ccepAgeUMCU29,C10,L,G_precentral,lh_G_precentral,unique_hemi_stem_match,True
sub-ccepAgeUMCU29,C11,L,G_postcentral,lh_G_postcentral,unique_hemi_stem_match,True
sub-ccepAgeUMCU29,C12,L,G_parietal_sup,UNK,unseen_or_ambiguous_to_UNK,False
sub-ccepAgeUMCU29,C13,L,G_parietal_sup,UNK,unseen_or_ambiguous_to_UNK,False
sub-ccepAgeUMCU29,C14,L,G_parietal_sup,UNK,unseen_or_ambiguous_to_UNK,False
sub-ccepAgeUMCU29,C15,L,G_pariet_inf-Angular,UNK,unseen_or_ambiguous_to_UNK,False
sub-ccepAgeUMCU29,C16,L,G_pariet_inf-Angular,UNK,unseen_or_ambiguous_to_UNK,False
sub-ccepAgeUMCU29,C17,L,G_postcentral,lh_G_postcentral,unique_hemi_stem_match,True
sub-ccepAgeUMCU29,C18,L,G_postcentral,lh_G_postcentral,unique_hemi_stem_match,True
sub-ccepAgeUMCU29,C19,L,G_postcentral,lh_G_postcentral,unique_hemi_stem_match,True
sub-ccepAgeUMCU29,C20,L,S_postcentral,lh_S_postcentral,unique_hemi_stem_match,True
sub-ccepAgeUMCU29,C21,L,G_pariet_inf-Angular,UNK,unseen_or_ambiguous_to_UNK,False
sub-ccepAgeUMCU29,C22,L,G_pariet_inf-Angular,UNK,unseen_or_ambiguous_to_UNK,False
sub-ccepAgeUMCU29,C23,L,G_pariet_inf-Angular,UNK,unseen_or_ambiguous_to_UNK,False
sub-ccepAgeUMCU29,C24,L,G_pariet_inf-Angular,UNK,unseen_or_ambiguous_to_UNK,False
sub-ccepAgeUMCU29,C25,L,G_postcentral,lh_G_postcentral,unique_hemi_stem_match,True
sub-ccepAgeUMCU29,C26,L,G_postcentral,lh_G_postcentral,unique_hemi_stem_match,True
sub-ccepAgeUMCU29,C27,L,G_postcentral,lh_G_postcentral,unique_hemi_stem_match,True
sub-ccepAgeUMCU29,C28,L,S_postcentral,lh_S_postcentral,unique_hemi_stem_match,True
sub-ccepAgeUMCU29,C29,L,G_pariet_inf-Supramar,lh_G_pariet_inf-Supramar,unique_hemi_stem_match,True
sub-ccepAgeUMCU29,C30,L,G_pariet_inf-Angular,UNK,unseen_or_ambiguous_to_UNK,False
sub-ccepAgeUMCU29,C31,L,G_pariet_inf-Angular,UNK,unseen_or_ambiguous_to_UNK,False
sub-ccepAgeUMCU29,C32,L,G_pariet_inf-Angular,UNK,unseen_or_ambiguous_to_UNK,False
sub-ccepAgeUMCU29,IHH01,L,,UNK,unseen_or_ambiguous_to_UNK,False
sub-ccepAgeUMCU29,IHH02,L,G&S_cingul-Mid-Post,lh_G&S_cingul-Mid-Post,unique_hemi_stem_match,True
sub-ccepAgeUMCU29,IHH03,L,G&S_cingul-Mid-Post,lh_G&S_cingul-Mid-Post,unique_hemi_stem_match,True
sub-ccepAgeUMCU29,IHH04,L,G&S_cingul-Mid-Post,lh_G&S_cingul-Mid-Post,unique_hemi_stem_match,True
sub-ccepAgeUMCU29,IHH05,L,G_precuneus,UNK,unseen_or_ambiguous_to_UNK,False
sub-ccepAgeUMCU29,IHH06,L,G_precuneus,UNK,unseen_or_ambiguous_to_UNK,False
sub-ccepAgeUMCU29,IHH07,L,G_precuneus,UNK,unseen_or_ambiguous_to_UNK,False
sub-ccepAgeUMCU29,IHH08,L,G_parietal_sup,UNK,unseen_or_ambiguous_to_UNK,False
sub-ccepAgeUMCU29,IHH09,L,G&S_cingul-Mid-Post,lh_G&S_cingul-Mid-Post,unique_hemi_stem_match,True
sub-ccepAgeUMCU29,IHH10,L,G&S_cingul-Mid-Post,lh_G&S_cingul-Mid-Post,unique_hemi_stem_match,True
sub-ccepAgeUMCU29,IHH11,L,G_front_sup,lh_G_front_sup,unique_hemi_stem_match,True
sub-ccepAgeUMCU29,IHH12,L,G_front_sup,lh_G_front_sup,unique_hemi_stem_match,True
sub-ccepAgeUMCU29,IHH13,L,G&S_paracentral,UNK,unseen_or_ambiguous_to_UNK,False
sub-ccepAgeUMCU29,IHH14,L,G_precuneus,UNK,unseen_or_ambiguous_to_UNK,False
sub-ccepAgeUMCU29,IHH15,L,G_parietal_sup,UNK,unseen_or_ambiguous_to_UNK,False
sub-ccepAgeUMCU29,IHH16,L,G_parietal_sup,UNK,unseen_or_ambiguous_to_UNK,False
sub-ccepAgeUMCU29,IHL01,L,G_cingul-Post-dorsal,lh_G_cingul-Post-dorsal,unique_hemi_stem_match,True
sub-ccepAgeUMCU29,IHL02,L,G_cingul-Post-dorsal,lh_G_cingul-Post-dorsal,unique_hemi_stem_match,True
sub-ccepAgeUMCU29,IHL03,L,G_precuneus,UNK,unseen_or_ambiguous_to_UNK,False
sub-ccepAgeUMCU29,IHL04,L,G_precuneus,UNK,unseen_or_ambiguous_to_UNK,False
sub-ccepAgeUMCU29,IHL05,L,G_precuneus,UNK,unseen_or_ambiguous_to_UNK,False
sub-ccepAgeUMCU29,IHL06,L,G_parietal_sup,UNK,unseen_or_ambiguous_to_UNK,False
sub-ccepAgeUMCU29,IHL07,L,G_parietal_sup,UNK,unseen_or_ambiguous_to_UNK,False
sub-ccepAgeUMCU29,IHL08,L,G_pariet_inf-Angular,UNK,unseen_or_ambiguous_to_UNK,False
sub-ccepAgeUMCU29,el57,,,UNK,unseen_or_ambiguous_to_UNK,False
sub-ccepAgeUMCU29,el58,,,UNK,unseen_or_ambiguous_to_UNK,False
sub-ccepAgeUMCU29,D01,L,S_pericallosal,UNK,unseen_or_ambiguous_to_UNK,False
sub-ccepAgeUMCU29,D02,L,S_cingul-Marginalis,lh_S_cingul-Marginalis,unique_hemi_stem_match,True
sub-ccepAgeUMCU29,D03,L,S_cingul-Marginalis,lh_S_cingul-Marginalis,unique_hemi_stem_match,True
sub-ccepAgeUMCU29,D04,L,S_cingul-Marginalis,lh_S_cingul-Marginalis,unique_hemi_stem_match,True
sub-ccepAgeUMCU29,D05,L,S_intrapariet&P_trans,UNK,unseen_or_ambiguous_to_UNK,False
sub-ccepAgeUMCU29,D06,L,S_intrapariet&P_trans,UNK,unseen_or_ambiguous_to_UNK,False
sub-ccepAgeUMCU29,MKR1+,,,UNK,unseen_or_ambiguous_to_UNK,False
sub-ccepAgeUMCU29,el65,,,UNK,unseen_or_ambiguous_to_UNK,False
sub-ccepAgeUMCU29,el066,,,UNK,unseen_or_ambiguous_to_UNK,False
sub-ccepAgeUMCU29,el067,,,UNK,unseen_or_ambiguous_to_UNK,False
sub-ccepAgeUMCU29,el068,,,UNK,unseen_or_ambiguous_to_UNK,False
sub-ccepAgeUMCU29,el069,,,UNK,unseen_or_ambiguous_to_UNK,False
sub-ccepAgeUMCU29,el070,,,UNK,unseen_or_ambiguous_to_UNK,False
sub-ccepAgeUMCU29,el071,,,UNK,unseen_or_ambiguous_to_UNK,False
sub-ccepAgeUMCU29,el072,,,UNK,unseen_or_ambiguous_to_UNK,False
sub-ccepAgeUMCU29,el073,,,UNK,unseen_or_ambiguous_to_UNK,False
sub-ccepAgeUMCU29,el074,,,UNK,unseen_or_ambiguous_to_UNK,False
sub-ccepAgeUMCU29,el075,,,UNK,unseen_or_ambiguous_to_UNK,False
sub-ccepAgeUMCU29,el076,,,UNK,unseen_or_ambiguous_to_UNK,False
sub-ccepAgeUMCU29,el077,,,UNK,unseen_or_ambiguous_to_UNK,False
sub-ccepAgeUMCU29,el078,,,UNK,unseen_or_ambiguous_to_UNK,False
sub-ccepAgeUMCU29,el079,,,UNK,unseen_or_ambiguous_to_UNK,False
sub-ccepAgeUMCU29,el080,,,UNK,unseen_or_ambiguous_to_UNK,False
sub-ccepAgeUMCU29,el081,,,UNK,unseen_or_ambiguous_to_UNK,False
sub-ccepAgeUMCU29,el082,,,UNK,unseen_or_ambiguous_to_UNK,False
sub-ccepAgeUMCU29,el083,,,UNK,unseen_or_ambiguous_to_UNK,False
sub-ccepAgeUMCU29,el084,,,UNK,unseen_or_ambiguous_to_UNK,False
sub-ccepAgeUMCU29,el085,,,UNK,unseen_or_ambiguous_to_UNK,False
sub-ccepAgeUMCU29,el086,,,UNK,unseen_or_ambiguous_to_UNK,False
sub-ccepAgeUMCU29,el087,,,UNK,unseen_or_ambiguous_to_UNK,False
sub-ccepAgeUMCU29,el088,,,UNK,unseen_or_ambiguous_to_UNK,False
sub-ccepAgeUMCU29,AH+,,,UNK,unseen_or_ambiguous_to_UNK,False
sub-ccepAgeUMCU29,ECG+,,,UNK,unseen_or_ambiguous_to_UNK,False
sub-ccepAgeUMCU29,orb+,,,UNK,unseen_or_ambiguous_to_UNK,False
sub-ccepAgeUMCU29,emg+,,,UNK,unseen_or_ambiguous_to_UNK,False
sub-ccepAgeUMCU29,el093,,,UNK,unseen_or_ambiguous_to_UNK,False
sub-ccepAgeUMCU29,el094,,,UNK,unseen_or_ambiguous_to_UNK,False
sub-ccepAgeUMCU29,el095,,,UNK,unseen_or_ambiguous_to_UNK,False
sub-ccepAgeUMCU29,el096,,,UNK,unseen_or_ambiguous_to_UNK,False
sub-ccepAgeUMCU29,el097,,,UNK,unseen_or_ambiguous_to_UNK,False
sub-ccepAgeUMCU29,el098,,,UNK,unseen_or_ambiguous_to_UNK,False
sub-ccepAgeUMCU29,el099,,,UNK,unseen_or_ambiguous_to_UNK,False
sub-ccepAgeUMCU29,el100,,,UNK,unseen_or_ambiguous_to_UNK,False
sub-ccepAgeUMCU29,el101,,,UNK,unseen_or_ambiguous_to_UNK,False
sub-ccepAgeUMCU29,el102,,,UNK,unseen_or_ambiguous_to_UNK,False
sub-ccepAgeUMCU29,el103,,,UNK,unseen_or_ambiguous_to_UNK,False
sub-ccepAgeUMCU29,el104,,,UNK,unseen_or_ambiguous_to_UNK,False
sub-ccepAgeUMCU29,el105,,,UNK,unseen_or_ambiguous_to_UNK,False
sub-ccepAgeUMCU29,el106,,,UNK,unseen_or_ambiguous_to_UNK,False
sub-ccepAgeUMCU29,el107,,,UNK,unseen_or_ambiguous_to_UNK,False
sub-ccepAgeUMCU29,el108,,,UNK,unseen_or_ambiguous_to_UNK,False
sub-ccepAgeUMCU29,el109,,,UNK,unseen_or_ambiguous_to_UNK,False
sub-ccepAgeUMCU29,el110,,,UNK,unseen_or_ambiguous_to_UNK,False
sub-ccepAgeUMCU29,el111,,,UNK,unseen_or_ambiguous_to_UNK,False
sub-ccepAgeUMCU29,el112,,,UNK,unseen_or_ambiguous_to_UNK,False
sub-ccepAgeUMCU29,el113,,,UNK,unseen_or_ambiguous_to_UNK,False
sub-ccepAgeUMCU29,el114,,,UNK,unseen_or_ambiguous_to_UNK,False
sub-ccepAgeUMCU29,el115,,,UNK,unseen_or_ambiguous_to_UNK,False
sub-ccepAgeUMCU29,el116,,,UNK,unseen_or_ambiguous_to_UNK,False
sub-ccepAgeUMCU29,el117,,,UNK,unseen_or_ambiguous_to_UNK,False
sub-ccepAgeUMCU29,el118,,,UNK,unseen_or_ambiguous_to_UNK,False
sub-ccepAgeUMCU29,el119,,,UNK,unseen_or_ambiguous_to_UNK,False
sub-ccepAgeUMCU29,el120,,,UNK,unseen_or_ambiguous_to_UNK,False
sub-ccepAgeUMCU29,el121,,,UNK,unseen_or_ambiguous_to_UNK,False
sub-ccepAgeUMCU29,el122,,,UNK,unseen_or_ambiguous_to_UNK,False
sub-ccepAgeUMCU29,el123,,,UNK,unseen_or_ambiguous_to_UNK,False
sub-ccepAgeUMCU29,el124,,,UNK,unseen_or_ambiguous_to_UNK,False
sub-ccepAgeUMCU29,el125,,,UNK,unseen_or_ambiguous_to_UNK,False
sub-ccepAgeUMCU29,el126,,,UNK,unseen_or_ambiguous_to_UNK,False
sub-ccepAgeUMCU29,el127,,,UNK,unseen_or_ambiguous_to_UNK,False
sub-ccepAgeUMCU29,el128,,,UNK,unseen_or_ambiguous_to_UNK,False
sub-ccepAgeUMCU29,thor+,,,UNK,unseen_or_ambiguous_to_UNK,False
sub-ccepAgeUMCU29,abdo+,,,UNK,unseen_or_ambiguous_to_UNK,False
sub-ccepAgeUMCU29,xyz+,,,UNK,unseen_or_ambiguous_to_UNK,False
sub-ccepAgeUMCU29,MKR2+,,,UNK,unseen_or_ambiguous_to_UNK,False
sub-ccepAgeUMCU30,F01,L,G_front_sup,lh_G_front_sup,unique_hemi_stem_match,True
sub-ccepAgeUMCU30,F02,L,G_front_sup,lh_G_front_sup,unique_hemi_stem_match,True
sub-ccepAgeUMCU30,F03,L,G_front_sup,lh_G_front_sup,unique_hemi_stem_match,True
sub-ccepAgeUMCU30,F04,L,G_front_sup,lh_G_front_sup,unique_hemi_stem_match,True
sub-ccepAgeUMCU30,F05,L,G_front_sup,lh_G_front_sup,unique_hemi_stem_match,True
sub-ccepAgeUMCU30,F06,L,G_front_sup,lh_G_front_sup,unique_hemi_stem_match,True
sub-ccepAgeUMCU30,F07,L,G_front_sup,lh_G_front_sup,unique_hemi_stem_match,True
sub-ccepAgeUMCU30,F08,L,G_front_sup,lh_G_front_sup,unique_hemi_stem_match,True
sub-ccepAgeUMCU30,F09,L,G_front_sup,lh_G_front_sup,unique_hemi_stem_match,True
sub-ccepAgeUMCU30,F10,L,G_front_middle,lh_G_front_middle,unique_hemi_stem_match,True
sub-ccepAgeUMCU30,F11,L,S_front_sup,lh_S_front_sup,unique_hemi_stem_match,True
sub-ccepAgeUMCU30,F12,L,G_front_sup,lh_G_front_sup,unique_hemi_stem_match,True
sub-ccepAgeUMCU30,F13,L,G_front_sup,lh_G_front_sup,unique_hemi_stem_match,True
sub-ccepAgeUMCU30,F14,L,G_front_sup,lh_G_front_sup,unique_hemi_stem_match,True
sub-ccepAgeUMCU30,F15,L,G_front_sup,lh_G_front_sup,unique_hemi_stem_match,True
sub-ccepAgeUMCU30,F16,L,G_precentral,lh_G_precentral,unique_hemi_stem_match,True
sub-ccepAgeUMCU30,F17,L,G_front_middle,lh_G_front_middle,unique_hemi_stem_match,True
sub-ccepAgeUMCU30,F18,L,S_front_sup,lh_S_front_sup,unique_hemi_stem_match,True
sub-ccepAgeUMCU30,F19,L,S_front_sup,lh_S_front_sup,unique_hemi_stem_match,True
sub-ccepAgeUMCU30,F20,L,G_front_middle,lh_G_front_middle,unique_hemi_stem_match,True
sub-ccepAgeUMCU30,F21,L,G_front_middle,lh_G_front_middle,unique_hemi_stem_match,True
sub-ccepAgeUMCU30,F22,L,G_front_sup,lh_G_front_sup,unique_hemi_stem_match,True
sub-ccepAgeUMCU30,F23,L,G_front_middle,lh_G_front_middle,unique_hemi_stem_match,True
sub-ccepAgeUMCU30,F24,L,G_precentral,lh_G_precentral,unique_hemi_stem_match,True
sub-ccepAgeUMCU30,F25,L,G_front_middle,lh_G_front_middle,unique_hemi_stem_match,True
sub-ccepAgeUMCU30,F26,L,S_front_sup,lh_S_front_sup,unique_hemi_stem_match,True
sub-ccepAgeUMCU30,F27,L,G_front_middle,lh_G_front_middle,unique_hemi_stem_match,True
sub-ccepAgeUMCU30,F28,L,G_front_middle,lh_G_front_middle,unique_hemi_stem_match,True
sub-ccepAgeUMCU30,F29,L,G_front_middle,lh_G_front_middle,unique_hemi_stem_match,True
sub-ccepAgeUMCU30,F30,L,G_front_middle,lh_G_front_middle,unique_hemi_stem_match,True
sub-ccepAgeUMCU30,F31,L,G_front_middle,lh_G_front_middle,unique_hemi_stem_match,True
sub-ccepAgeUMCU30,F32,L,G_precentral,lh_G_precentral,unique_hemi_stem_match,True
sub-ccepAgeUMCU30,IHv33,L,G_front_sup,lh_G_front_sup,unique_hemi_stem_match,True
sub-ccepAgeUMCU30,IHv34,L,G_front_sup,lh_G_front_sup,unique_hemi_stem_match,True
sub-ccepAgeUMCU30,IHv35,L,G_front_sup,lh_G_front_sup,unique_hemi_stem_match,True
sub-ccepAgeUMCU30,IHv36,L,G_front_sup,lh_G_front_sup,unique_hemi_stem_match,True
sub-ccepAgeUMCU30,IHv37,L,G&S_cingul-Ant,lh_G&S_cingul-Ant,unique_hemi_stem_match,True
sub-ccepAgeUMCU30,IHv38,L,G&S_cingul-Mid-Ant,UNK,unseen_or_ambiguous_to_UNK,False
sub-ccepAgeUMCU30,IHv39,L,G&S_cingul-Mid-Ant,UNK,unseen_or_ambiguous_to_UNK,False
sub-ccepAgeUMCU30,IHv40,L,G&S_cingul-Mid-Ant,UNK,unseen_or_ambiguous_to_UNK,False
sub-ccepAgeUMCU30,IHv41,L,G&S_transv_frontopol,UNK,unseen_or_ambiguous_to_UNK,False
sub-ccepAgeUMCU30,IHv42,L,G_front_sup,lh_G_front_sup,unique_hemi_stem_match,True
sub-ccepAgeUMCU30,IHv43,L,G_front_sup,lh_G_front_sup,unique_hemi_stem_match,True
sub-ccepAgeUMCU30,IHv44,L,G_front_sup,lh_G_front_sup,unique_hemi_stem_match,True
sub-ccepAgeUMCU30,IHv45,L,G_front_sup,lh_G_front_sup,unique_hemi_stem_match,True
sub-ccepAgeUMCU30,IHv46,L,G_front_sup,lh_G_front_sup,unique_hemi_stem_match,True
sub-ccepAgeUMCU30,IHv47,L,G_front_sup,lh_G_front_sup,unique_hemi_stem_match,True
sub-ccepAgeUMCU30,IHv48,L,G_front_sup,lh_G_front_sup,unique_hemi_stem_match,True
sub-ccepAgeUMCU30,IHa49,L,G_precuneus,UNK,unseen_or_ambiguous_to_UNK,False
sub-ccepAgeUMCU30,IHa50,L,G_precuneus,UNK,unseen_or_ambiguous_to_UNK,False
sub-ccepAgeUMCU30,IHa51,L,G_precuneus,UNK,unseen_or_ambiguous_to_UNK,False
sub-ccepAgeUMCU30,IHa52,L,G_front_sup,lh_G_front_sup,unique_hemi_stem_match,True
sub-ccepAgeUMCU30,IHa53,L,G_front_sup,lh_G_front_sup,unique_hemi_stem_match,True
sub-ccepAgeUMCU30,IHa54,L,G_front_sup,lh_G_front_sup,unique_hemi_stem_match,True
sub-ccepAgeUMCU30,IHa55,L,G_front_sup,lh_G_front_sup,unique_hemi_stem_match,True
sub-ccepAgeUMCU30,IHa56,L,G_front_sup,lh_G_front_sup,unique_hemi_stem_match,True
sub-ccepAgeUMCU30,IHa57,L,G_precuneus,UNK,unseen_or_ambiguous_to_UNK,False
sub-ccepAgeUMCU30,IHa58,L,G_precuneus,UNK,unseen_or_ambiguous_to_UNK,False
sub-ccepAgeUMCU30,IHa59,L,G_cingul-Post-dorsal,lh_G_cingul-Post-dorsal,unique_hemi_stem_match,True
sub-ccepAgeUMCU30,IHa60,L,G_cingul-Post-dorsal,lh_G_cingul-Post-dorsal,unique_hemi_stem_match,True
sub-ccepAgeUMCU30,IHa61,L,G&S_cingul-Mid-Post,lh_G&S_cingul-Mid-Post,unique_hemi_stem_match,True
sub-ccepAgeUMCU30,IHa62,L,G&S_cingul-Mid-Post,lh_G&S_cingul-Mid-Post,unique_hemi_stem_match,True
sub-ccepAgeUMCU30,IHa63,L,G&S_cingul-Mid-Post,lh_G&S_cingul-Mid-Post,unique_hemi_stem_match,True
sub-ccepAgeUMCU30,IHa64,L,G_front_sup,lh_G_front_sup,unique_hemi_stem_match,True
sub-ccepAgeUMCU30,MKR1+,,,UNK,unseen_or_ambiguous_to_UNK,False
sub-ccepAgeUMCU30,FL01,L,G&S_frontomargin,UNK,unseen_or_ambiguous_to_UNK,False
sub-ccepAgeUMCU30,FL02,L,G&S_frontomargin,UNK,unseen_or_ambiguous_to_UNK,False
sub-ccepAgeUMCU30,FL03,L,G_front_middle,lh_G_front_middle,unique_hemi_stem_match,True
sub-ccepAgeUMCU30,FL04,L,S_front_inf,lh_S_front_inf,unique_hemi_stem_match,True
sub-ccepAgeUMCU30,FL05,L,S_front_inf,lh_S_front_inf,unique_hemi_stem_match,True
sub-ccepAgeUMCU30,FL06,L,G_front_inf-Triangul,lh_G_front_inf-Triangul,unique_hemi_stem_match,True
sub-ccepAgeUMCU30,FL07,L,G_front_inf-Opercular,UNK,unseen_or_ambiguous_to_UNK,False
sub-ccepAgeUMCU30,FL08,L,G&S_subcentral,UNK,unseen_or_ambiguous_to_UNK,False
sub-ccepAgeUMCU30,FL09,L,G&S_frontomargin,UNK,unseen_or_ambiguous_to_UNK,False
sub-ccepAgeUMCU30,FL10,L,G&S_frontomargin,UNK,unseen_or_ambiguous_to_UNK,False
sub-ccepAgeUMCU30,FL11,L,G_orbital,UNK,unseen_or_ambiguous_to_UNK,False
sub-ccepAgeUMCU30,FL12,L,G_front_inf-Triangul,lh_G_front_inf-Triangul,unique_hemi_stem_match,True
sub-ccepAgeUMCU30,FL13,L,G_front_inf-Triangul,lh_G_front_inf-Triangul,unique_hemi_stem_match,True
sub-ccepAgeUMCU30,FL14,L,G_front_inf-Triangul,lh_G_front_inf-Triangul,unique_hemi_stem_match,True
sub-ccepAgeUMCU30,FL15,L,G_front_inf-Opercular,UNK,unseen_or_ambiguous_to_UNK,False
sub-ccepAgeUMCU30,FL16,L,G_temp_sup-Lateral,lh_G_temp_sup-Lateral,unique_hemi_stem_match,True
sub-ccepAgeUMCU30,T01,L,G_oc-temp_lat-fusifor,UNK,unseen_or_ambiguous_to_UNK,False
sub-ccepAgeUMCU30,T02,L,G_temporal_inf,lh_G_temporal_inf,unique_hemi_stem_match,True
sub-ccepAgeUMCU30,T03,L,G_temporal_inf,lh_G_temporal_inf,unique_hemi_stem_match,True
sub-ccepAgeUMCU30,T04,L,G_temporal_inf,lh_G_temporal_inf,unique_hemi_stem_match,True
sub-ccepAgeUMCU30,T05,L,G_temporal_middle,lh_G_temporal_middle,unique_hemi_stem_match,True
sub-ccepAgeUMCU30,T06,L,G_temporal_middle,lh_G_temporal_middle,unique_hemi_stem_match,True
sub-ccepAgeUMCU30,T07,L,G_temporal_middle,lh_G_temporal_middle,unique_hemi_stem_match,True
sub-ccepAgeUMCU30,T08,L,G_temp_sup-Lateral,lh_G_temp_sup-Lateral,unique_hemi_stem_match,True
sub-ccepAgeUMCU30,AH+,,,UNK,unseen_or_ambiguous_to_UNK,False
sub-ccepAgeUMCU30,ECG+,,,UNK,unseen_or_ambiguous_to_UNK,False
sub-ccepAgeUMCU30,Orb+,,,UNK,unseen_or_ambiguous_to_UNK,False
sub-ccepAgeUMCU30,EMG+,,,UNK,unseen_or_ambiguous_to_UNK,False
sub-ccepAgeUMCU30,xxx01,,,UNK,unseen_or_ambiguous_to_UNK,False
sub-ccepAgeUMCU30,xxx02,,,UNK,unseen_or_ambiguous_to_UNK,False
sub-ccepAgeUMCU30,xxx03,,,UNK,unseen_or_ambiguous_to_UNK,False
sub-ccepAgeUMCU30,xxx04,,,UNK,unseen_or_ambiguous_to_UNK,False
sub-ccepAgeUMCU30,C01,L,G_postcentral,lh_G_postcentral,unique_hemi_stem_match,True
sub-ccepAgeUMCU30,C02,L,G_postcentral,lh_G_postcentral,unique_hemi_stem_match,True
sub-ccepAgeUMCU30,C03,L,G_postcentral,lh_G_postcentral,unique_hemi_stem_match,True
sub-ccepAgeUMCU30,C04,L,G_postcentral,lh_G_postcentral,unique_hemi_stem_match,True
sub-ccepAgeUMCU30,C05,L,G_postcentral,lh_G_postcentral,unique_hemi_stem_match,True
sub-ccepAgeUMCU30,C06,L,G_postcentral,lh_G_postcentral,unique_hemi_stem_match,True
sub-ccepAgeUMCU30,C07,L,G_postcentral,lh_G_postcentral,unique_hemi_stem_match,True
sub-ccepAgeUMCU30,C08,L,G&S_subcentral,UNK,unseen_or_ambiguous_to_UNK,False
sub-ccepAgeUMCU30,C09,L,G_precentral,lh_G_precentral,unique_hemi_stem_match,True
sub-ccepAgeUMCU30,C10,L,G_precentral,lh_G_precentral,unique_hemi_stem_match,True
sub-ccepAgeUMCU30,C11,L,G_precentral,lh_G_precentral,unique_hemi_stem_match,True
sub-ccepAgeUMCU30,C12,L,G_postcentral,lh_G_postcentral,unique_hemi_stem_match,True
sub-ccepAgeUMCU30,C13,L,G_precentral,lh_G_precentral,unique_hemi_stem_match,True
sub-ccepAgeUMCU30,C14,L,G_precentral,lh_G_precentral,unique_hemi_stem_match,True
sub-ccepAgeUMCU30,C15,L,G_postcentral,lh_G_postcentral,unique_hemi_stem_match,True
sub-ccepAgeUMCU30,C16,L,G&S_subcentral,UNK,unseen_or_ambiguous_to_UNK,False
sub-ccepAgeUMCU30,x17,,,UNK,unseen_or_ambiguous_to_UNK,False
sub-ccepAgeUMCU30,x18,,,UNK,unseen_or_ambiguous_to_UNK,False
sub-ccepAgeUMCU30,x19,,,UNK,unseen_or_ambiguous_to_UNK,False
sub-ccepAgeUMCU30,x20,,,UNK,unseen_or_ambiguous_to_UNK,False
sub-ccepAgeUMCU30,x21,,,UNK,unseen_or_ambiguous_to_UNK,False
sub-ccepAgeUMCU30,x22,,,UNK,unseen_or_ambiguous_to_UNK,False
sub-ccepAgeUMCU30,x23,,,UNK,unseen_or_ambiguous_to_UNK,False
sub-ccepAgeUMCU30,x24,,,UNK,unseen_or_ambiguous_to_UNK,False
sub-ccepAgeUMCU30,x25,,,UNK,unseen_or_ambiguous_to_UNK,False
sub-ccepAgeUMCU30,x26,,,UNK,unseen_or_ambiguous_to_UNK,False
sub-ccepAgeUMCU30,x27,,,UNK,unseen_or_ambiguous_to_UNK,False
sub-ccepAgeUMCU30,x28,,,UNK,unseen_or_ambiguous_to_UNK,False
sub-ccepAgeUMCU30,x29,,,UNK,unseen_or_ambiguous_to_UNK,False
sub-ccepAgeUMCU30,x30,,,UNK,unseen_or_ambiguous_to_UNK,False
sub-ccepAgeUMCU30,x31,,,UNK,unseen_or_ambiguous_to_UNK,False
sub-ccepAgeUMCU30,x32,,,UNK,unseen_or_ambiguous_to_UNK,False
sub-ccepAgeUMCU30,thor+,,,UNK,unseen_or_ambiguous_to_UNK,False
sub-ccepAgeUMCU30,abdo+,,,UNK,unseen_or_ambiguous_to_UNK,False
sub-ccepAgeUMCU30,xyz+,,,UNK,unseen_or_ambiguous_to_UNK,False
sub-ccepAgeUMCU30,MKR2+,,,UNK,unseen_or_ambiguous_to_UNK,False
sub-ccepAgeUMCU31,T01,L,G_front_inf-Opercular,UNK,unseen_or_ambiguous_to_UNK,False
sub-ccepAgeUMCU31,T02,L,G_precentral,lh_G_precentral,unique_hemi_stem_match,True
sub-ccepAgeUMCU31,T03,L,G&S_subcentral,UNK,unseen_or_ambiguous_to_UNK,False
sub-ccepAgeUMCU31,T04,L,G&S_subcentral,UNK,unseen_or_ambiguous_to_UNK,False
sub-ccepAgeUMCU31,T05,L,G&S_subcentral,UNK,unseen_or_ambiguous_to_UNK,False
sub-ccepAgeUMCU31,T06,L,G_pariet_inf-Supramar,lh_G_pariet_inf-Supramar,unique_hemi_stem_match,True
sub-ccepAgeUMCU31,T07,L,G_pariet_inf-Supramar,lh_G_pariet_inf-Supramar,unique_hemi_stem_match,True
sub-ccepAgeUMCU31,T08,L,G_pariet_inf-Supramar,lh_G_pariet_inf-Supramar,unique_hemi_stem_match,True
sub-ccepAgeUMCU31,T09,L,G_front_inf-Triangul,lh_G_front_inf-Triangul,unique_hemi_stem_match,True
sub-ccepAgeUMCU31,T10,L,G_front_inf-Opercular,UNK,unseen_or_ambiguous_to_UNK,False
sub-ccepAgeUMCU31,T11,L,G&S_subcentral,UNK,unseen_or_ambiguous_to_UNK,False
sub-ccepAgeUMCU31,T12,L,G&S_subcentral,UNK,unseen_or_ambiguous_to_UNK,False
sub-ccepAgeUMCU31,T13,L,G_pariet_inf-Supramar,lh_G_pariet_inf-Supramar,unique_hemi_stem_match,True
sub-ccepAgeUMCU31,T14,L,G_temp_sup-Plan_tempo,lh_G_temp_sup-Plan_tempo,unique_hemi_stem_match,True
sub-ccepAgeUMCU31,T15,L,G_pariet_inf-Supramar,lh_G_pariet_inf-Supramar,unique_hemi_stem_match,True
sub-ccepAgeUMCU31,T16,L,S_temporal_sup,lh_S_temporal_sup,unique_hemi_stem_match,True
sub-ccepAgeUMCU31,T17,L,G_temp_sup-Lateral,lh_G_temp_sup-Lateral,unique_hemi_stem_match,True
sub-ccepAgeUMCU31,T18,L,G_temp_sup-Lateral,lh_G_temp_sup-Lateral,unique_hemi_stem_match,True
sub-ccepAgeUMCU31,T19,L,G_temp_sup-Lateral,lh_G_temp_sup-Lateral,unique_hemi_stem_match,True
sub-ccepAgeUMCU31,T20,L,G_temp_sup-Lateral,lh_G_temp_sup-Lateral,unique_hemi_stem_match,True
sub-ccepAgeUMCU31,T21,L,G_temp_sup-Lateral,lh_G_temp_sup-Lateral,unique_hemi_stem_match,True
sub-ccepAgeUMCU31,T22,L,G_temp_sup-Plan_tempo,lh_G_temp_sup-Plan_tempo,unique_hemi_stem_match,True
sub-ccepAgeUMCU31,T23,L,S_temporal_sup,lh_S_temporal_sup,unique_hemi_stem_match,True
sub-ccepAgeUMCU31,T24,L,S_temporal_sup,lh_S_temporal_sup,unique_hemi_stem_match,True
sub-ccepAgeUMCU31,T25,L,G_temp_sup-Lateral,lh_G_temp_sup-Lateral,unique_hemi_stem_match,True
sub-ccepAgeUMCU31,T26,L,G_temp_sup-Lateral,lh_G_temp_sup-Lateral,unique_hemi_stem_match,True
sub-ccepAgeUMCU31,T27,L,G_temp_sup-Lateral,lh_G_temp_sup-Lateral,unique_hemi_stem_match,True
sub-ccepAgeUMCU31,T28,L,G_temp_sup-Lateral,lh_G_temp_sup-Lateral,unique_hemi_stem_match,True
sub-ccepAgeUMCU31,T29,L,G_temporal_middle,lh_G_temporal_middle,unique_hemi_stem_match,True
sub-ccepAgeUMCU31,T30,L,G_temporal_middle,lh_G_temporal_middle,unique_hemi_stem_match,True
sub-ccepAgeUMCU31,T31,L,S_temporal_sup,lh_S_temporal_sup,unique_hemi_stem_match,True
sub-ccepAgeUMCU31,T32,L,G_temporal_middle,lh_G_temporal_middle,unique_hemi_stem_match,True
sub-ccepAgeUMCU31,T33,L,G_temp_sup-Lateral,lh_G_temp_sup-Lateral,unique_hemi_stem_match,True
sub-ccepAgeUMCU31,T34,L,G_temp_sup-Lateral,lh_G_temp_sup-Lateral,unique_hemi_stem_match,True
sub-ccepAgeUMCU31,T35,L,G_temp_sup-Lateral,lh_G_temp_sup-Lateral,unique_hemi_stem_match,True
sub-ccepAgeUMCU31,T36,L,G_temporal_middle,lh_G_temporal_middle,unique_hemi_stem_match,True
sub-ccepAgeUMCU31,T37,L,G_temporal_middle,lh_G_temporal_middle,unique_hemi_stem_match,True
sub-ccepAgeUMCU31,T38,L,G_temporal_middle,lh_G_temporal_middle,unique_hemi_stem_match,True
sub-ccepAgeUMCU31,T39,L,G_temporal_middle,lh_G_temporal_middle,unique_hemi_stem_match,True
sub-ccepAgeUMCU31,T40,L,G_temporal_middle,lh_G_temporal_middle,unique_hemi_stem_match,True
sub-ccepAgeUMCU31,T41,L,Pole_temporal,UNK,unseen_or_ambiguous_to_UNK,False
sub-ccepAgeUMCU31,T42,L,Pole_temporal,UNK,unseen_or_ambiguous_to_UNK,False
sub-ccepAgeUMCU31,T43,L,G_temporal_middle,lh_G_temporal_middle,unique_hemi_stem_match,True
sub-ccepAgeUMCU31,T44,L,G_temporal_middle,lh_G_temporal_middle,unique_hemi_stem_match,True
sub-ccepAgeUMCU31,T45,L,G_temporal_middle,lh_G_temporal_middle,unique_hemi_stem_match,True
sub-ccepAgeUMCU31,T46,L,S_temporal_inf,lh_S_temporal_inf,unique_hemi_stem_match,True
sub-ccepAgeUMCU31,T47,L,G_temporal_inf,lh_G_temporal_inf,unique_hemi_stem_match,True
sub-ccepAgeUMCU31,T48,L,G_temporal_middle,lh_G_temporal_middle,unique_hemi_stem_match,True
sub-ccepAgeUMCU31,vT1,L,G_oc-temp_med-Parahip,lh_G_oc-temp_med-Parahip,unique_hemi_stem_match,True
sub-ccepAgeUMCU31,vT2,L,Pole_temporal,UNK,unseen_or_ambiguous_to_UNK,False
sub-ccepAgeUMCU31,vT3,L,Pole_temporal,UNK,unseen_or_ambiguous_to_UNK,False
sub-ccepAgeUMCU31,vT4,L,Pole_temporal,UNK,unseen_or_ambiguous_to_UNK,False
sub-ccepAgeUMCU31,vT5,L,Pole_temporal,UNK,unseen_or_ambiguous_to_UNK,False
sub-ccepAgeUMCU31,vT6,L,G_temp_sup-Lateral,lh_G_temp_sup-Lateral,unique_hemi_stem_match,True
sub-ccepAgeUMCU31,vT7,L,G_temp_sup-Lateral,lh_G_temp_sup-Lateral,unique_hemi_stem_match,True
sub-ccepAgeUMCU31,vT8,L,G_temp_sup-Lateral,lh_G_temp_sup-Lateral,unique_hemi_stem_match,True
sub-ccepAgeUMCU31,sT1,L,G_oc-temp_med-Parahip,lh_G_oc-temp_med-Parahip,unique_hemi_stem_match,True
sub-ccepAgeUMCU31,sT2,L,G_temporal_inf,lh_G_temporal_inf,unique_hemi_stem_match,True
sub-ccepAgeUMCU31,sT3,L,G_temporal_inf,lh_G_temporal_inf,unique_hemi_stem_match,True
sub-ccepAgeUMCU31,sT4,L,G_temporal_inf,lh_G_temporal_inf,unique_hemi_stem_match,True
sub-ccepAgeUMCU31,sT5,L,G_temporal_middle,lh_G_temporal_middle,unique_hemi_stem_match,True
sub-ccepAgeUMCU31,sT6,L,G_temporal_middle,lh_G_temporal_middle,unique_hemi_stem_match,True
sub-ccepAgeUMCU31,sT7,L,G_temporal_middle,lh_G_temporal_middle,unique_hemi_stem_match,True
sub-ccepAgeUMCU31,sT8,L,G_temp_sup-Lateral,lh_G_temp_sup-Lateral,unique_hemi_stem_match,True
sub-ccepAgeUMCU31,MKR1+,,,UNK,unseen_or_ambiguous_to_UNK,False
sub-ccepAgeUMCU31,el065,,,UNK,unseen_or_ambiguous_to_UNK,False
sub-ccepAgeUMCU31,el066,,,UNK,unseen_or_ambiguous_to_UNK,False
sub-ccepAgeUMCU31,el067,,,UNK,unseen_or_ambiguous_to_UNK,False
sub-ccepAgeUMCU31,el068,,,UNK,unseen_or_ambiguous_to_UNK,False
sub-ccepAgeUMCU31,el069,,,UNK,unseen_or_ambiguous_to_UNK,False
sub-ccepAgeUMCU31,el070,,,UNK,unseen_or_ambiguous_to_UNK,False
sub-ccepAgeUMCU31,el071,,,UNK,unseen_or_ambiguous_to_UNK,False
sub-ccepAgeUMCU31,el072,,,UNK,unseen_or_ambiguous_to_UNK,False
sub-ccepAgeUMCU31,el073,,,UNK,unseen_or_ambiguous_to_UNK,False
sub-ccepAgeUMCU31,el074,,,UNK,unseen_or_ambiguous_to_UNK,False
sub-ccepAgeUMCU31,el075,,,UNK,unseen_or_ambiguous_to_UNK,False
sub-ccepAgeUMCU31,el076,,,UNK,unseen_or_ambiguous_to_UNK,False
sub-ccepAgeUMCU31,el077,,,UNK,unseen_or_ambiguous_to_UNK,False
sub-ccepAgeUMCU31,el078,,,UNK,unseen_or_ambiguous_to_UNK,False
sub-ccepAgeUMCU31,el079,,,UNK,unseen_or_ambiguous_to_UNK,False
sub-ccepAgeUMCU31,el080,,,UNK,unseen_or_ambiguous_to_UNK,False
sub-ccepAgeUMCU31,el081,,,UNK,unseen_or_ambiguous_to_UNK,False
sub-ccepAgeUMCU31,el082,,,UNK,unseen_or_ambiguous_to_UNK,False
sub-ccepAgeUMCU31,el083,,,UNK,unseen_or_ambiguous_to_UNK,False
sub-ccepAgeUMCU31,el084,,,UNK,unseen_or_ambiguous_to_UNK,False
sub-ccepAgeUMCU31,el085,,,UNK,unseen_or_ambiguous_to_UNK,False
sub-ccepAgeUMCU31,el086,,,UNK,unseen_or_ambiguous_to_UNK,False
sub-ccepAgeUMCU31,el087,,,UNK,unseen_or_ambiguous_to_UNK,False
sub-ccepAgeUMCU31,el088,,,UNK,unseen_or_ambiguous_to_UNK,False
sub-ccepAgeUMCU31,AH+,,,UNK,unseen_or_ambiguous_to_UNK,False
sub-ccepAgeUMCU31,ECG+,,,UNK,unseen_or_ambiguous_to_UNK,False
sub-ccepAgeUMCU31,orb+,,,UNK,unseen_or_ambiguous_to_UNK,False
sub-ccepAgeUMCU31,emg+,,,UNK,unseen_or_ambiguous_to_UNK,False
sub-ccepAgeUMCU31,emg2+,,,UNK,unseen_or_ambiguous_to_UNK,False
sub-ccepAgeUMCU31,emg3+,,,UNK,unseen_or_ambiguous_to_UNK,False
sub-ccepAgeUMCU31,el095,,,UNK,unseen_or_ambiguous_to_UNK,False
sub-ccepAgeUMCU31,el096,,,UNK,unseen_or_ambiguous_to_UNK,False
sub-ccepAgeUMCU31,el097,,,UNK,unseen_or_ambiguous_to_UNK,False
sub-ccepAgeUMCU31,el098,,,UNK,unseen_or_ambiguous_to_UNK,False
sub-ccepAgeUMCU31,el099,,,UNK,unseen_or_ambiguous_to_UNK,False
sub-ccepAgeUMCU31,el100,,,UNK,unseen_or_ambiguous_to_UNK,False
sub-ccepAgeUMCU31,el101,,,UNK,unseen_or_ambiguous_to_UNK,False
sub-ccepAgeUMCU31,el102,,,UNK,unseen_or_ambiguous_to_UNK,False
sub-ccepAgeUMCU31,el103,,,UNK,unseen_or_ambiguous_to_UNK,False
sub-ccepAgeUMCU31,el104,,,UNK,unseen_or_ambiguous_to_UNK,False
sub-ccepAgeUMCU31,el105,,,UNK,unseen_or_ambiguous_to_UNK,False
sub-ccepAgeUMCU31,el106,,,UNK,unseen_or_ambiguous_to_UNK,False
sub-ccepAgeUMCU31,el107,,,UNK,unseen_or_ambiguous_to_UNK,False
sub-ccepAgeUMCU31,el108,,,UNK,unseen_or_ambiguous_to_UNK,False
sub-ccepAgeUMCU31,el109,,,UNK,unseen_or_ambiguous_to_UNK,False
sub-ccepAgeUMCU31,el110,,,UNK,unseen_or_ambiguous_to_UNK,False
sub-ccepAgeUMCU31,el111,,,UNK,unseen_or_ambiguous_to_UNK,False
sub-ccepAgeUMCU31,el112,,,UNK,unseen_or_ambiguous_to_UNK,False
sub-ccepAgeUMCU31,el113,,,UNK,unseen_or_ambiguous_to_UNK,False
sub-ccepAgeUMCU31,el114,,,UNK,unseen_or_ambiguous_to_UNK,False
sub-ccepAgeUMCU31,el115,,,UNK,unseen_or_ambiguous_to_UNK,False
sub-ccepAgeUMCU31,el116,,,UNK,unseen_or_ambiguous_to_UNK,False
sub-ccepAgeUMCU31,el117,,,UNK,unseen_or_ambiguous_to_UNK,False
sub-ccepAgeUMCU31,el118,,,UNK,unseen_or_ambiguous_to_UNK,False
sub-ccepAgeUMCU31,el119,,,UNK,unseen_or_ambiguous_to_UNK,False
sub-ccepAgeUMCU31,el120,,,UNK,unseen_or_ambiguous_to_UNK,False
sub-ccepAgeUMCU31,el121,,,UNK,unseen_or_ambiguous_to_UNK,False
sub-ccepAgeUMCU31,el122,,,UNK,unseen_or_ambiguous_to_UNK,False
sub-ccepAgeUMCU31,el123,,,UNK,unseen_or_ambiguous_to_UNK,False
sub-ccepAgeUMCU31,el124,,,UNK,unseen_or_ambiguous_to_UNK,False
sub-ccepAgeUMCU31,el125,,,UNK,unseen_or_ambiguous_to_UNK,False
sub-ccepAgeUMCU31,el126,,,UNK,unseen_or_ambiguous_to_UNK,False
sub-ccepAgeUMCU31,el127,,,UNK,unseen_or_ambiguous_to_UNK,False
sub-ccepAgeUMCU31,el128,,,UNK,unseen_or_ambiguous_to_UNK,False
sub-ccepAgeUMCU31,thor+,,,UNK,unseen_or_ambiguous_to_UNK,False
sub-ccepAgeUMCU31,abdo+,,,UNK,unseen_or_ambiguous_to_UNK,False
sub-ccepAgeUMCU31,xyz+,,,UNK,unseen_or_ambiguous_to_UNK,False
sub-ccepAgeUMCU31,MKR2+,,,UNK,unseen_or_ambiguous_to_UNK,False
sub-ccepAgeUMCU32,TP01,L,G_temporal_inf,lh_G_temporal_inf,unique_hemi_stem_match,True
sub-ccepAgeUMCU32,TP02,L,G_temporal_inf,lh_G_temporal_inf,unique_hemi_stem_match,True
sub-ccepAgeUMCU32,TP03,L,G_temporal_inf,lh_G_temporal_inf,unique_hemi_stem_match,True
sub-ccepAgeUMCU32,TP04,L,G_temporal_inf,lh_G_temporal_inf,unique_hemi_stem_match,True
sub-ccepAgeUMCU32,TP05,L,G_temporal_inf,lh_G_temporal_inf,unique_hemi_stem_match,True
sub-ccepAgeUMCU32,TP06,L,G_temporal_inf,lh_G_temporal_inf,unique_hemi_stem_match,True
sub-ccepAgeUMCU32,TP07,L,G_temporal_inf,lh_G_temporal_inf,unique_hemi_stem_match,True
sub-ccepAgeUMCU32,TP08,L,G_temporal_middle,lh_G_temporal_middle,unique_hemi_stem_match,True
sub-ccepAgeUMCU32,TP09,L,G_temporal_middle,lh_G_temporal_middle,unique_hemi_stem_match,True
sub-ccepAgeUMCU32,TP10,L,G_temporal_middle,lh_G_temporal_middle,unique_hemi_stem_match,True
sub-ccepAgeUMCU32,TP11,L,G_temporal_middle,lh_G_temporal_middle,unique_hemi_stem_match,True
sub-ccepAgeUMCU32,TP12,L,G_temporal_inf,lh_G_temporal_inf,unique_hemi_stem_match,True
sub-ccepAgeUMCU32,TP13,L,G_temporal_middle,lh_G_temporal_middle,unique_hemi_stem_match,True
sub-ccepAgeUMCU32,TP14,L,G_temporal_inf,lh_G_temporal_inf,unique_hemi_stem_match,True
sub-ccepAgeUMCU32,TP15,L,G_temporal_middle,lh_G_temporal_middle,unique_hemi_stem_match,True
sub-ccepAgeUMCU32,TP16,L,G_temporal_middle,lh_G_temporal_middle,unique_hemi_stem_match,True
sub-ccepAgeUMCU32,TP17,L,G_temporal_middle,lh_G_temporal_middle,unique_hemi_stem_match,True
sub-ccepAgeUMCU32,TP18,L,G_temporal_middle,lh_G_temporal_middle,unique_hemi_stem_match,True
sub-ccepAgeUMCU32,TP19,L,G_temp_sup-Lateral,lh_G_temp_sup-Lateral,unique_hemi_stem_match,True
sub-ccepAgeUMCU32,TP20,L,G_temp_sup-Lateral,lh_G_temp_sup-Lateral,unique_hemi_stem_match,True
sub-ccepAgeUMCU32,TP21,L,G_temp_sup-Lateral,lh_G_temp_sup-Lateral,unique_hemi_stem_match,True
sub-ccepAgeUMCU32,TP22,L,G_temp_sup-Lateral,lh_G_temp_sup-Lateral,unique_hemi_stem_match,True
sub-ccepAgeUMCU32,TP23,L,G_temp_sup-Lateral,lh_G_temp_sup-Lateral,unique_hemi_stem_match,True
sub-ccepAgeUMCU32,TP24,L,G_temp_sup-Lateral,lh_G_temp_sup-Lateral,unique_hemi_stem_match,True
sub-ccepAgeUMCU32,TP25,L,G_pariet_inf-Supramar,lh_G_pariet_inf-Supramar,unique_hemi_stem_match,True
sub-ccepAgeUMCU32,TP26,L,G_temp_sup-Lateral,lh_G_temp_sup-Lateral,unique_hemi_stem_match,True
sub-ccepAgeUMCU32,TP27,L,G_temp_sup-Lateral,lh_G_temp_sup-Lateral,unique_hemi_stem_match,True
sub-ccepAgeUMCU32,TP28,L,G_temp_sup-Plan_tempo,lh_G_temp_sup-Plan_tempo,unique_hemi_stem_match,True
sub-ccepAgeUMCU32,TP29,L,G&S_subcentral,UNK,unseen_or_ambiguous_to_UNK,False
sub-ccepAgeUMCU32,TP30,L,G_temp_sup-Lateral,lh_G_temp_sup-Lateral,unique_hemi_stem_match,True
sub-ccepAgeUMCU32,TP31,L,G_temp_sup-Lateral,lh_G_temp_sup-Lateral,unique_hemi_stem_match,True
sub-ccepAgeUMCU32,TP32,L,G_temp_sup-Lateral,lh_G_temp_sup-Lateral,unique_hemi_stem_match,True
sub-ccepAgeUMCU32,TP33,L,G_pariet_inf-Supramar,lh_G_pariet_inf-Supramar,unique_hemi_stem_match,True
sub-ccepAgeUMCU32,TP34,L,G_pariet_inf-Supramar,lh_G_pariet_inf-Supramar,unique_hemi_stem_match,True
sub-ccepAgeUMCU32,TP35,L,G_pariet_inf-Supramar,lh_G_pariet_inf-Supramar,unique_hemi_stem_match,True
sub-ccepAgeUMCU32,TP36,L,G_pariet_inf-Supramar,lh_G_pariet_inf-Supramar,unique_hemi_stem_match,True
sub-ccepAgeUMCU32,TP37,L,G&S_subcentral,UNK,unseen_or_ambiguous_to_UNK,False
sub-ccepAgeUMCU32,TP38,L,G_precentral,lh_G_precentral,unique_hemi_stem_match,True
sub-ccepAgeUMCU32,TP39,L,G_front_inf-Opercular,UNK,unseen_or_ambiguous_to_UNK,False
sub-ccepAgeUMCU32,TP40,L,G_front_inf-Opercular,UNK,unseen_or_ambiguous_to_UNK,False
sub-ccepAgeUMCU32,TP41,L,G_pariet_inf-Supramar,lh_G_pariet_inf-Supramar,unique_hemi_stem_match,True
sub-ccepAgeUMCU32,TP42,L,G_pariet_inf-Supramar,lh_G_pariet_inf-Supramar,unique_hemi_stem_match,True
sub-ccepAgeUMCU32,TP43,L,G_postcentral,lh_G_postcentral,unique_hemi_stem_match,True
sub-ccepAgeUMCU32,TP44,L,G_postcentral,lh_G_postcentral,unique_hemi_stem_match,True
sub-ccepAgeUMCU32,TP45,L,G_precentral,lh_G_precentral,unique_hemi_stem_match,True
sub-ccepAgeUMCU32,TP46,L,G_precentral,lh_G_precentral,unique_hemi_stem_match,True
sub-ccepAgeUMCU32,TP47,L,G_front_inf-Opercular,UNK,unseen_or_ambiguous_to_UNK,False
sub-ccepAgeUMCU32,TP48,L,G_front_inf-Triangul,lh_G_front_inf-Triangul,unique_hemi_stem_match,True
sub-ccepAgeUMCU32,OB49,L,G&S_occipital_inf,UNK,unseen_or_ambiguous_to_UNK,False
sub-ccepAgeUMCU32,OB50,L,G&S_occipital_inf,UNK,unseen_or_ambiguous_to_UNK,False
sub-ccepAgeUMCU32,OB51,L,G_temporal_inf,lh_G_temporal_inf,unique_hemi_stem_match,True
sub-ccepAgeUMCU32,OB52,L,G_temporal_middle,lh_G_temporal_middle,unique_hemi_stem_match,True
sub-ccepAgeUMCU32,OB53,L,G_temporal_middle,lh_G_temporal_middle,unique_hemi_stem_match,True
sub-ccepAgeUMCU32,OB54,L,G_temporal_middle,lh_G_temporal_middle,unique_hemi_stem_match,True
sub-ccepAgeUMCU32,OB55,L,G_temp_sup-Lateral,lh_G_temp_sup-Lateral,unique_hemi_stem_match,True
sub-ccepAgeUMCU32,OB56,L,G_temp_sup-Lateral,lh_G_temp_sup-Lateral,unique_hemi_stem_match,True
sub-ccepAgeUMCU32,OB57,L,G_occipital_middle,UNK,unseen_or_ambiguous_to_UNK,False
sub-ccepAgeUMCU32,OB58,L,G_occipital_middle,UNK,unseen_or_ambiguous_to_UNK,False
sub-ccepAgeUMCU32,OB59,L,G_occipital_middle,UNK,unseen_or_ambiguous_to_UNK,False
sub-ccepAgeUMCU32,OB60,L,G_temporal_middle,lh_G_temporal_middle,unique_hemi_stem_match,True
sub-ccepAgeUMCU32,OB61,L,G_temporal_middle,lh_G_temporal_middle,unique_hemi_stem_match,True
sub-ccepAgeUMCU32,OB62,L,G_temp_sup-Lateral,lh_G_temp_sup-Lateral,unique_hemi_stem_match,True
sub-ccepAgeUMCU32,OB63,L,G_temp_sup-Lateral,lh_G_temp_sup-Lateral,unique_hemi_stem_match,True
sub-ccepAgeUMCU32,OB64,L,G&S_subcentral,UNK,unseen_or_ambiguous_to_UNK,False
sub-ccepAgeUMCU32,MKR1+,,,UNK,unseen_or_ambiguous_to_UNK,False
sub-ccepAgeUMCU32,TOB1,L,Pole_temporal,UNK,unseen_or_ambiguous_to_UNK,False
sub-ccepAgeUMCU32,TOB2,L,Pole_temporal,UNK,unseen_or_ambiguous_to_UNK,False
sub-ccepAgeUMCU32,TOB3,L,G_temporal_inf,lh_G_temporal_inf,unique_hemi_stem_match,True
sub-ccepAgeUMCU32,TOB4,L,G_temporal_inf,lh_G_temporal_inf,unique_hemi_stem_match,True
sub-ccepAgeUMCU32,TOB5,L,G_oc-temp_med-Parahip,lh_G_oc-temp_med-Parahip,unique_hemi_stem_match,True
sub-ccepAgeUMCU32,TOB6,L,S_collat_transv_ant,UNK,unseen_or_ambiguous_to_UNK,False
sub-ccepAgeUMCU32,TOB7,L,G_temporal_inf,lh_G_temporal_inf,unique_hemi_stem_match,True
sub-ccepAgeUMCU32,TOB8,L,G_temporal_inf,lh_G_temporal_inf,unique_hemi_stem_match,True
sub-ccepAgeUMCU32,sT1,L,,UNK,unseen_or_ambiguous_to_UNK,False
sub-ccepAgeUMCU32,sT2,L,Pole_temporal,UNK,unseen_or_ambiguous_to_UNK,False
sub-ccepAgeUMCU32,sT3,L,Pole_temporal,UNK,unseen_or_ambiguous_to_UNK,False
sub-ccepAgeUMCU32,sT4,L,Pole_temporal,UNK,unseen_or_ambiguous_to_UNK,False
sub-ccepAgeUMCU32,sT5,L,Pole_temporal,UNK,unseen_or_ambiguous_to_UNK,False
sub-ccepAgeUMCU32,sT6,L,G_temporal_middle,lh_G_temporal_middle,unique_hemi_stem_match,True
sub-ccepAgeUMCU32,sT7,L,G_temporal_middle,lh_G_temporal_middle,unique_hemi_stem_match,True
sub-ccepAgeUMCU32,sT8,L,G_temporal_middle,lh_G_temporal_middle,unique_hemi_stem_match,True
sub-ccepAgeUMCU32,vT1,L,G_oc-temp_lat-fusifor,UNK,unseen_or_ambiguous_to_UNK,False
sub-ccepAgeUMCU32,vT2,L,G_oc-temp_med-Parahip,lh_G_oc-temp_med-Parahip,unique_hemi_stem_match,True
sub-ccepAgeUMCU32,vT3,L,Pole_temporal,UNK,unseen_or_ambiguous_to_UNK,False
sub-ccepAgeUMCU32,vT4,L,Pole_temporal,UNK,unseen_or_ambiguous_to_UNK,False
sub-ccepAgeUMCU32,vT5,L,Pole_temporal,UNK,unseen_or_ambiguous_to_UNK,False
sub-ccepAgeUMCU32,vT6,L,Pole_temporal,UNK,unseen_or_ambiguous_to_UNK,False
sub-ccepAgeUMCU32,vT7,L,Pole_temporal,UNK,unseen_or_ambiguous_to_UNK,False
sub-ccepAgeUMCU32,vT8,L,Pole_temporal,UNK,unseen_or_ambiguous_to_UNK,False
sub-ccepAgeUMCU32,AH+,,,UNK,unseen_or_ambiguous_to_UNK,False
sub-ccepAgeUMCU32,ECG+,,,UNK,unseen_or_ambiguous_to_UNK,False
sub-ccepAgeUMCU32,orb+,,,UNK,unseen_or_ambiguous_to_UNK,False
sub-ccepAgeUMCU32,R1+,,,UNK,unseen_or_ambiguous_to_UNK,False
sub-ccepAgeUMCU32,R2+,,,UNK,unseen_or_ambiguous_to_UNK,False
sub-ccepAgeUMCU32,R3+,,,UNK,unseen_or_ambiguous_to_UNK,False
sub-ccepAgeUMCU32,el95,,,UNK,unseen_or_ambiguous_to_UNK,False
sub-ccepAgeUMCU32,el96,,,UNK,unseen_or_ambiguous_to_UNK,False
sub-ccepAgeUMCU32,x1,,,UNK,unseen_or_ambiguous_to_UNK,False
sub-ccepAgeUMCU32,x2,,,UNK,unseen_or_ambiguous_to_UNK,False
sub-ccepAgeUMCU32,x3,,,UNK,unseen_or_ambiguous_to_UNK,False
sub-ccepAgeUMCU32,x4,,,UNK,unseen_or_ambiguous_to_UNK,False
sub-ccepAgeUMCU32,x5,,,UNK,unseen_or_ambiguous_to_UNK,False
sub-ccepAgeUMCU32,x6,,,UNK,unseen_or_ambiguous_to_UNK,False
sub-ccepAgeUMCU32,x7,,,UNK,unseen_or_ambiguous_to_UNK,False
sub-ccepAgeUMCU32,x8,,,UNK,unseen_or_ambiguous_to_UNK,False
sub-ccepAgeUMCU32,x9,,,UNK,unseen_or_ambiguous_to_UNK,False
sub-ccepAgeUMCU32,x10,,,UNK,unseen_or_ambiguous_to_UNK,False
sub-ccepAgeUMCU32,x11,,,UNK,unseen_or_ambiguous_to_UNK,False
sub-ccepAgeUMCU32,x12,,,UNK,unseen_or_ambiguous_to_UNK,False
sub-ccepAgeUMCU32,x13,,,UNK,unseen_or_ambiguous_to_UNK,False
sub-ccepAgeUMCU32,x14,,,UNK,unseen_or_ambiguous_to_UNK,False
sub-ccepAgeUMCU32,x15,,,UNK,unseen_or_ambiguous_to_UNK,False
sub-ccepAgeUMCU32,x16,,,UNK,unseen_or_ambiguous_to_UNK,False
sub-ccepAgeUMCU32,x17,,,UNK,unseen_or_ambiguous_to_UNK,False
sub-ccepAgeUMCU32,x18,,,UNK,unseen_or_ambiguous_to_UNK,False
sub-ccepAgeUMCU32,x19,,,UNK,unseen_or_ambiguous_to_UNK,False
sub-ccepAgeUMCU32,x20,,,UNK,unseen_or_ambiguous_to_UNK,False
sub-ccepAgeUMCU32,x21,,,UNK,unseen_or_ambiguous_to_UNK,False
sub-ccepAgeUMCU32,x22,,,UNK,unseen_or_ambiguous_to_UNK,False
sub-ccepAgeUMCU32,x23,,,UNK,unseen_or_ambiguous_to_UNK,False
sub-ccepAgeUMCU32,x24,,,UNK,unseen_or_ambiguous_to_UNK,False
sub-ccepAgeUMCU32,x25,,,UNK,unseen_or_ambiguous_to_UNK,False
sub-ccepAgeUMCU32,x26,,,UNK,unseen_or_ambiguous_to_UNK,False
sub-ccepAgeUMCU32,x27,,,UNK,unseen_or_ambiguous_to_UNK,False
sub-ccepAgeUMCU32,x28,,,UNK,unseen_or_ambiguous_to_UNK,False
sub-ccepAgeUMCU32,x29,,,UNK,unseen_or_ambiguous_to_UNK,False
sub-ccepAgeUMCU32,x30,,,UNK,unseen_or_ambiguous_to_UNK,False
sub-ccepAgeUMCU32,x31,,,UNK,unseen_or_ambiguous_to_UNK,False
sub-ccepAgeUMCU32,x32,,,UNK,unseen_or_ambiguous_to_UNK,False
sub-ccepAgeUMCU32,thor+,,,UNK,unseen_or_ambiguous_to_UNK,False
sub-ccepAgeUMCU32,abdo+,,,UNK,unseen_or_ambiguous_to_UNK,False
sub-ccepAgeUMCU32,xyz+,,,UNK,unseen_or_ambiguous_to_UNK,False
sub-ccepAgeUMCU32,MKR2+,,,UNK,unseen_or_ambiguous_to_UNK,False
sub-ccepAgeUMCU33,C01,L,G_occipital_middle,UNK,unseen_or_ambiguous_to_UNK,False
sub-ccepAgeUMCU33,C02,L,G_temporal_middle,lh_G_temporal_middle,unique_hemi_stem_match,True
sub-ccepAgeUMCU33,C03,L,G_temporal_middle,lh_G_temporal_middle,unique_hemi_stem_match,True
sub-ccepAgeUMCU33,C04,L,S_interm_prim-Jensen,lh_S_interm_prim-Jensen,unique_hemi_stem_match,True
sub-ccepAgeUMCU33,C05,L,G_pariet_inf-Supramar,lh_G_pariet_inf-Supramar,unique_hemi_stem_match,True
sub-ccepAgeUMCU33,C06,L,G_pariet_inf-Supramar,lh_G_pariet_inf-Supramar,unique_hemi_stem_match,True
sub-ccepAgeUMCU33,C07,L,G_postcentral,lh_G_postcentral,unique_hemi_stem_match,True
sub-ccepAgeUMCU33,C08,L,G_postcentral,lh_G_postcentral,unique_hemi_stem_match,True
sub-ccepAgeUMCU33,C09,L,G_occipital_middle,UNK,unseen_or_ambiguous_to_UNK,False
sub-ccepAgeUMCU33,C10,L,G_occipital_middle,UNK,unseen_or_ambiguous_to_UNK,False
sub-ccepAgeUMCU33,C11,L,G_pariet_inf-Angular,UNK,unseen_or_ambiguous_to_UNK,False
sub-ccepAgeUMCU33,C12,L,G_pariet_inf-Angular,UNK,unseen_or_ambiguous_to_UNK,False
sub-ccepAgeUMCU33,C13,L,G_pariet_inf-Supramar,lh_G_pariet_inf-Supramar,unique_hemi_stem_match,True
sub-ccepAgeUMCU33,C14,L,G_pariet_inf-Supramar,lh_G_pariet_inf-Supramar,unique_hemi_stem_match,True
sub-ccepAgeUMCU33,C15,L,G_postcentral,lh_G_postcentral,unique_hemi_stem_match,True
sub-ccepAgeUMCU33,C16,L,G_postcentral,lh_G_postcentral,unique_hemi_stem_match,True
sub-ccepAgeUMCU33,C17,L,G_occipital_middle,UNK,unseen_or_ambiguous_to_UNK,False
sub-ccepAgeUMCU33,C18,L,G_pariet_inf-Angular,UNK,unseen_or_ambiguous_to_UNK,False
sub-ccepAgeUMCU33,C19,L,G_pariet_inf-Angular,UNK,unseen_or_ambiguous_to_UNK,False
sub-ccepAgeUMCU33,C20,L,G_pariet_inf-Angular,UNK,unseen_or_ambiguous_to_UNK,False
sub-ccepAgeUMCU33,C21,L,G_parietal_sup,UNK,unseen_or_ambiguous_to_UNK,False
sub-ccepAgeUMCU33,C22,L,G_postcentral,lh_G_postcentral,unique_hemi_stem_match,True
sub-ccepAgeUMCU33,C23,L,G_postcentral,lh_G_postcentral,unique_hemi_stem_match,True
sub-ccepAgeUMCU33,C24,L,G_precentral,lh_G_precentral,unique_hemi_stem_match,True
sub-ccepAgeUMCU33,C25,L,G_occipital_sup,UNK,unseen_or_ambiguous_to_UNK,False
sub-ccepAgeUMCU33,C26,L,G_parietal_sup,UNK,unseen_or_ambiguous_to_UNK,False
sub-ccepAgeUMCU33,C27,L,G_parietal_sup,UNK,unseen_or_ambiguous_to_UNK,False
sub-ccepAgeUMCU33,C28,L,G_parietal_sup,UNK,unseen_or_ambiguous_to_UNK,False
sub-ccepAgeUMCU33,C29,L,G_parietal_sup,UNK,unseen_or_ambiguous_to_UNK,False
sub-ccepAgeUMCU33,C30,L,G_postcentral,lh_G_postcentral,unique_hemi_stem_match,True
sub-ccepAgeUMCU33,C31,L,G_postcentral,lh_G_postcentral,unique_hemi_stem_match,True
sub-ccepAgeUMCU33,C32,L,G_precentral,lh_G_precentral,unique_hemi_stem_match,True
sub-ccepAgeUMCU33,CH01,L,G_occipital_sup,UNK,unseen_or_ambiguous_to_UNK,False
sub-ccepAgeUMCU33,CH02,L,G_parietal_sup,UNK,unseen_or_ambiguous_to_UNK,False
sub-ccepAgeUMCU33,CH03,L,G_parietal_sup,UNK,unseen_or_ambiguous_to_UNK,False
sub-ccepAgeUMCU33,CH04,L,G_parietal_sup,UNK,unseen_or_ambiguous_to_UNK,False
sub-ccepAgeUMCU33,CH05,L,G_parietal_sup,UNK,unseen_or_ambiguous_to_UNK,False
sub-ccepAgeUMCU33,CH06,L,G_postcentral,lh_G_postcentral,unique_hemi_stem_match,True
sub-ccepAgeUMCU33,CH07,L,G_precentral,lh_G_precentral,unique_hemi_stem_match,True
sub-ccepAgeUMCU33,CH08,L,G_precentral,lh_G_precentral,unique_hemi_stem_match,True
sub-ccepAgeUMCU33,CH09,L,G_parietal_sup,UNK,unseen_or_ambiguous_to_UNK,False
sub-ccepAgeUMCU33,CH10,L,G_precuneus,UNK,unseen_or_ambiguous_to_UNK,False
sub-ccepAgeUMCU33,CH11,L,G_precuneus,UNK,unseen_or_ambiguous_to_UNK,False
sub-ccepAgeUMCU33,CH12,L,G_precuneus,UNK,unseen_or_ambiguous_to_UNK,False
sub-ccepAgeUMCU33,CH13,L,G&S_paracentral,UNK,unseen_or_ambiguous_to_UNK,False
sub-ccepAgeUMCU33,CH14,L,G&S_paracentral,UNK,unseen_or_ambiguous_to_UNK,False
sub-ccepAgeUMCU33,CH15,L,G_precentral,lh_G_precentral,unique_hemi_stem_match,True
sub-ccepAgeUMCU33,CH16,L,G_front_sup,lh_G_front_sup,unique_hemi_stem_match,True
sub-ccepAgeUMCU33,IHa1,L,G&S_cingul-Mid-Ant,UNK,unseen_or_ambiguous_to_UNK,False
sub-ccepAgeUMCU33,IHa2,L,G&S_cingul-Mid-Ant,UNK,unseen_or_ambiguous_to_UNK,False
sub-ccepAgeUMCU33,IHa3,L,G_front_sup,lh_G_front_sup,unique_hemi_stem_match,True
sub-ccepAgeUMCU33,IHa4,L,G_front_sup,lh_G_front_sup,unique_hemi_stem_match,True
sub-ccepAgeUMCU33,IHa5,L,G_front_sup,lh_G_front_sup,unique_hemi_stem_match,True
sub-ccepAgeUMCU33,IHa6,L,G&S_paracentral,UNK,unseen_or_ambiguous_to_UNK,False
sub-ccepAgeUMCU33,IHa7,L,G&S_paracentral,UNK,unseen_or_ambiguous_to_UNK,False
sub-ccepAgeUMCU33,IHa8,L,G_precuneus,UNK,unseen_or_ambiguous_to_UNK,False
sub-ccepAgeUMCU33,IHv1,L,G_front_sup,lh_G_front_sup,unique_hemi_stem_match,True
sub-ccepAgeUMCU33,IHv2,L,G_front_sup,lh_G_front_sup,unique_hemi_stem_match,True
sub-ccepAgeUMCU33,IHv3,L,G_front_sup,lh_G_front_sup,unique_hemi_stem_match,True
sub-ccepAgeUMCU33,IHv4,L,G_front_sup,lh_G_front_sup,unique_hemi_stem_match,True
sub-ccepAgeUMCU33,IHv5,L,G_front_sup,lh_G_front_sup,unique_hemi_stem_match,True
sub-ccepAgeUMCU33,IHv6,L,S_front_sup,lh_S_front_sup,unique_hemi_stem_match,True
sub-ccepAgeUMCU33,IHv7,L,S_front_sup,lh_S_front_sup,unique_hemi_stem_match,True
sub-ccepAgeUMCU33,IHv8,L,G_front_middle,lh_G_front_middle,unique_hemi_stem_match,True
sub-ccepAgeUMCU33,MKR1+,,,UNK,unseen_or_ambiguous_to_UNK,False
sub-ccepAgeUMCU33,el065,,,UNK,unseen_or_ambiguous_to_UNK,False
sub-ccepAgeUMCU33,el066,,,UNK,unseen_or_ambiguous_to_UNK,False
sub-ccepAgeUMCU33,el067,,,UNK,unseen_or_ambiguous_to_UNK,False
sub-ccepAgeUMCU33,el068,,,UNK,unseen_or_ambiguous_to_UNK,False
sub-ccepAgeUMCU33,el069,,,UNK,unseen_or_ambiguous_to_UNK,False
sub-ccepAgeUMCU33,el070,,,UNK,unseen_or_ambiguous_to_UNK,False
sub-ccepAgeUMCU33,el071,,,UNK,unseen_or_ambiguous_to_UNK,False
sub-ccepAgeUMCU33,el072,,,UNK,unseen_or_ambiguous_to_UNK,False
sub-ccepAgeUMCU33,el073,,,UNK,unseen_or_ambiguous_to_UNK,False
sub-ccepAgeUMCU33,el074,,,UNK,unseen_or_ambiguous_to_UNK,False
sub-ccepAgeUMCU33,el075,,,UNK,unseen_or_ambiguous_to_UNK,False
sub-ccepAgeUMCU33,el076,,,UNK,unseen_or_ambiguous_to_UNK,False
sub-ccepAgeUMCU33,el077,,,UNK,unseen_or_ambiguous_to_UNK,False
sub-ccepAgeUMCU33,el078,,,UNK,unseen_or_ambiguous_to_UNK,False
sub-ccepAgeUMCU33,el079,,,UNK,unseen_or_ambiguous_to_UNK,False
sub-ccepAgeUMCU33,el080,,,UNK,unseen_or_ambiguous_to_UNK,False
sub-ccepAgeUMCU33,el081,,,UNK,unseen_or_ambiguous_to_UNK,False
sub-ccepAgeUMCU33,el082,,,UNK,unseen_or_ambiguous_to_UNK,False
sub-ccepAgeUMCU33,el083,,,UNK,unseen_or_ambiguous_to_UNK,False
sub-ccepAgeUMCU33,el084,,,UNK,unseen_or_ambiguous_to_UNK,False
sub-ccepAgeUMCU33,el085,,,UNK,unseen_or_ambiguous_to_UNK,False
sub-ccepAgeUMCU33,el086,,,UNK,unseen_or_ambiguous_to_UNK,False
sub-ccepAgeUMCU33,el087,,,UNK,unseen_or_ambiguous_to_UNK,False
sub-ccepAgeUMCU33,el088,,,UNK,unseen_or_ambiguous_to_UNK,False
sub-ccepAgeUMCU33,AH+,,,UNK,unseen_or_ambiguous_to_UNK,False
sub-ccepAgeUMCU33,ECG+,,,UNK,unseen_or_ambiguous_to_UNK,False
sub-ccepAgeUMCU33,orb+,,,UNK,unseen_or_ambiguous_to_UNK,False
sub-ccepAgeUMCU33,emg1+,,,UNK,unseen_or_ambiguous_to_UNK,False
sub-ccepAgeUMCU33,emg2+,,,UNK,unseen_or_ambiguous_to_UNK,False
sub-ccepAgeUMCU33,el094,,,UNK,unseen_or_ambiguous_to_UNK,False
sub-ccepAgeUMCU33,el095,,,UNK,unseen_or_ambiguous_to_UNK,False
sub-ccepAgeUMCU33,el096,,,UNK,unseen_or_ambiguous_to_UNK,False
sub-ccepAgeUMCU33,el097,,,UNK,unseen_or_ambiguous_to_UNK,False
sub-ccepAgeUMCU33,el098,,,UNK,unseen_or_ambiguous_to_UNK,False
sub-ccepAgeUMCU33,el099,,,UNK,unseen_or_ambiguous_to_UNK,False
sub-ccepAgeUMCU33,el100,,,UNK,unseen_or_ambiguous_to_UNK,False
sub-ccepAgeUMCU33,el101,,,UNK,unseen_or_ambiguous_to_UNK,False
sub-ccepAgeUMCU33,el102,,,UNK,unseen_or_ambiguous_to_UNK,False
sub-ccepAgeUMCU33,el103,,,UNK,unseen_or_ambiguous_to_UNK,False
sub-ccepAgeUMCU33,el104,,,UNK,unseen_or_ambiguous_to_UNK,False
sub-ccepAgeUMCU33,el105,,,UNK,unseen_or_ambiguous_to_UNK,False
sub-ccepAgeUMCU33,el106,,,UNK,unseen_or_ambiguous_to_UNK,False
sub-ccepAgeUMCU33,el107,,,UNK,unseen_or_ambiguous_to_UNK,False
sub-ccepAgeUMCU33,el108,,,UNK,unseen_or_ambiguous_to_UNK,False
sub-ccepAgeUMCU33,el109,,,UNK,unseen_or_ambiguous_to_UNK,False
sub-ccepAgeUMCU33,el110,,,UNK,unseen_or_ambiguous_to_UNK,False
sub-ccepAgeUMCU33,el111,,,UNK,unseen_or_ambiguous_to_UNK,False
sub-ccepAgeUMCU33,el112,,,UNK,unseen_or_ambiguous_to_UNK,False
sub-ccepAgeUMCU33,el113,,,UNK,unseen_or_ambiguous_to_UNK,False
sub-ccepAgeUMCU33,el114,,,UNK,unseen_or_ambiguous_to_UNK,False
sub-ccepAgeUMCU33,el115,,,UNK,unseen_or_ambiguous_to_UNK,False
sub-ccepAgeUMCU33,el116,,,UNK,unseen_or_ambiguous_to_UNK,False
sub-ccepAgeUMCU33,el117,,,UNK,unseen_or_ambiguous_to_UNK,False
sub-ccepAgeUMCU33,el118,,,UNK,unseen_or_ambiguous_to_UNK,False
sub-ccepAgeUMCU33,el119,,,UNK,unseen_or_ambiguous_to_UNK,False
sub-ccepAgeUMCU33,el120,,,UNK,unseen_or_ambiguous_to_UNK,False
sub-ccepAgeUMCU33,el121,,,UNK,unseen_or_ambiguous_to_UNK,False
sub-ccepAgeUMCU33,el122,,,UNK,unseen_or_ambiguous_to_UNK,False
sub-ccepAgeUMCU33,el123,,,UNK,unseen_or_ambiguous_to_UNK,False
sub-ccepAgeUMCU33,el124,,,UNK,unseen_or_ambiguous_to_UNK,False
sub-ccepAgeUMCU33,el125,,,UNK,unseen_or_ambiguous_to_UNK,False
sub-ccepAgeUMCU33,el126,,,UNK,unseen_or_ambiguous_to_UNK,False
sub-ccepAgeUMCU33,el127,,,UNK,unseen_or_ambiguous_to_UNK,False
sub-ccepAgeUMCU33,el128,,,UNK,unseen_or_ambiguous_to_UNK,False
sub-ccepAgeUMCU33,thor+,,,UNK,unseen_or_ambiguous_to_UNK,False
sub-ccepAgeUMCU33,abdo+,,,UNK,unseen_or_ambiguous_to_UNK,False
sub-ccepAgeUMCU33,xyz+,,,UNK,unseen_or_ambiguous_to_UNK,False
sub-ccepAgeUMCU33,MKR2+,,,UNK,unseen_or_ambiguous_to_UNK,False
sub-ccepAgeUMCU34,C01,L,G_parietal_sup,UNK,unseen_or_ambiguous_to_UNK,False
sub-ccepAgeUMCU34,C02,L,G_parietal_sup,UNK,unseen_or_ambiguous_to_UNK,False
sub-ccepAgeUMCU34,C03,L,G_parietal_sup,UNK,unseen_or_ambiguous_to_UNK,False
sub-ccepAgeUMCU34,C04,L,G&S_paracentral,UNK,unseen_or_ambiguous_to_UNK,False
sub-ccepAgeUMCU34,C05,L,G&S_paracentral,UNK,unseen_or_ambiguous_to_UNK,False
sub-ccepAgeUMCU34,C06,L,G_precentral,lh_G_precentral,unique_hemi_stem_match,True
sub-ccepAgeUMCU34,C07,L,G_precentral,lh_G_precentral,unique_hemi_stem_match,True
sub-ccepAgeUMCU34,C08,L,G_front_sup,lh_G_front_sup,unique_hemi_stem_match,True
sub-ccepAgeUMCU34,C09,L,G_parietal_sup,UNK,unseen_or_ambiguous_to_UNK,False
sub-ccepAgeUMCU34,C10,L,G_parietal_sup,UNK,unseen_or_ambiguous_to_UNK,False
sub-ccepAgeUMCU34,C11,L,G_postcentral,lh_G_postcentral,unique_hemi_stem_match,True
sub-ccepAgeUMCU34,C12,L,G_postcentral,lh_G_postcentral,unique_hemi_stem_match,True
sub-ccepAgeUMCU34,C13,L,G_postcentral,lh_G_postcentral,unique_hemi_stem_match,True
sub-ccepAgeUMCU34,C14,L,G_precentral,lh_G_precentral,unique_hemi_stem_match,True
sub-ccepAgeUMCU34,C15,L,G_precentral,lh_G_precentral,unique_hemi_stem_match,True
sub-ccepAgeUMCU34,C16,L,G_precentral,lh_G_precentral,unique_hemi_stem_match,True
sub-ccepAgeUMCU34,C17,L,G_parietal_sup,UNK,unseen_or_ambiguous_to_UNK,False
sub-ccepAgeUMCU34,C18,L,G_parietal_sup,UNK,unseen_or_ambiguous_to_UNK,False
sub-ccepAgeUMCU34,C19,L,G_parietal_sup,UNK,unseen_or_ambiguous_to_UNK,False
sub-ccepAgeUMCU34,C20,L,G_pariet_inf-Angular,UNK,unseen_or_ambiguous_to_UNK,False
sub-ccepAgeUMCU34,C21,L,G_postcentral,lh_G_postcentral,unique_hemi_stem_match,True
sub-ccepAgeUMCU34,C22,L,G_postcentral,lh_G_postcentral,unique_hemi_stem_match,True
sub-ccepAgeUMCU34,C23,L,G_postcentral,lh_G_postcentral,unique_hemi_stem_match,True
sub-ccepAgeUMCU34,C24,L,G_precentral,lh_G_precentral,unique_hemi_stem_match,True
sub-ccepAgeUMCU34,C25,L,G_parietal_sup,UNK,unseen_or_ambiguous_to_UNK,False
sub-ccepAgeUMCU34,C26,L,G_pariet_inf-Angular,UNK,unseen_or_ambiguous_to_UNK,False
sub-ccepAgeUMCU34,C27,L,G_pariet_inf-Angular,UNK,unseen_or_ambiguous_to_UNK,False
sub-ccepAgeUMCU34,C28,L,G_pariet_inf-Angular,UNK,unseen_or_ambiguous_to_UNK,False
sub-ccepAgeUMCU34,C29,L,G_pariet_inf-Angular,UNK,unseen_or_ambiguous_to_UNK,False
sub-ccepAgeUMCU34,C30,L,G_pariet_inf-Supramar,lh_G_pariet_inf-Supramar,unique_hemi_stem_match,True
sub-ccepAgeUMCU34,C31,L,G_postcentral,lh_G_postcentral,unique_hemi_stem_match,True
sub-ccepAgeUMCU34,C32,L,G_precentral,lh_G_precentral,unique_hemi_stem_match,True
sub-ccepAgeUMCU34,C33,L,G_pariet_inf-Angular,UNK,unseen_or_ambiguous_to_UNK,False
sub-ccepAgeUMCU34,C34,L,G_pariet_inf-Angular,UNK,unseen_or_ambiguous_to_UNK,False
sub-ccepAgeUMCU34,C35,L,G_pariet_inf-Angular,UNK,unseen_or_ambiguous_to_UNK,False
sub-ccepAgeUMCU34,C36,L,G_pariet_inf-Angular,UNK,unseen_or_ambiguous_to_UNK,False
sub-ccepAgeUMCU34,C37,L,G_pariet_inf-Angular,UNK,unseen_or_ambiguous_to_UNK,False
sub-ccepAgeUMCU34,C38,L,G_pariet_inf-Supramar,lh_G_pariet_inf-Supramar,unique_hemi_stem_match,True
sub-ccepAgeUMCU34,C39,L,G_postcentral,lh_G_postcentral,unique_hemi_stem_match,True
sub-ccepAgeUMCU34,C40,L,G_postcentral,lh_G_postcentral,unique_hemi_stem_match,True
sub-ccepAgeUMCU34,C41,L,G_occipital_middle,UNK,unseen_or_ambiguous_to_UNK,False
sub-ccepAgeUMCU34,C42,L,G_pariet_inf-Angular,UNK,unseen_or_ambiguous_to_UNK,False
sub-ccepAgeUMCU34,C43,L,G_pariet_inf-Angular,UNK,unseen_or_ambiguous_to_UNK,False
sub-ccepAgeUMCU34,C44,L,G_pariet_inf-Supramar,lh_G_pariet_inf-Supramar,unique_hemi_stem_match,True
sub-ccepAgeUMCU34,C45,L,G_pariet_inf-Supramar,lh_G_pariet_inf-Supramar,unique_hemi_stem_match,True
sub-ccepAgeUMCU34,C46,L,G_pariet_inf-Supramar,lh_G_pariet_inf-Supramar,unique_hemi_stem_match,True
sub-ccepAgeUMCU34,C47,L,G_pariet_inf-Supramar,lh_G_pariet_inf-Supramar,unique_hemi_stem_match,True
sub-ccepAgeUMCU34,C48,L,G_postcentral,lh_G_postcentral,unique_hemi_stem_match,True
sub-ccepAgeUMCU34,D1,L,G_precuneus,UNK,unseen_or_ambiguous_to_UNK,False
sub-ccepAgeUMCU34,D2,L,S_cingul-Marginalis,lh_S_cingul-Marginalis,unique_hemi_stem_match,True
sub-ccepAgeUMCU34,D3,L,S_cingul-Marginalis,lh_S_cingul-Marginalis,unique_hemi_stem_match,True
sub-ccepAgeUMCU34,D4,L,G_parietal_sup,UNK,unseen_or_ambiguous_to_UNK,False
sub-ccepAgeUMCU34,D5,L,G_parietal_sup,UNK,unseen_or_ambiguous_to_UNK,False
sub-ccepAgeUMCU34,D6,L,G_parietal_sup,UNK,unseen_or_ambiguous_to_UNK,False
sub-ccepAgeUMCU34,D7,L,G_parietal_sup,UNK,unseen_or_ambiguous_to_UNK,False
sub-ccepAgeUMCU34,D8,L,G_parietal_sup,UNK,unseen_or_ambiguous_to_UNK,False
sub-ccepAgeUMCU34,D9,L,G_parietal_sup,UNK,unseen_or_ambiguous_to_UNK,False
sub-ccepAgeUMCU34,D10,L,G_parietal_sup,UNK,unseen_or_ambiguous_to_UNK,False
sub-ccepAgeUMCU34,ECG1,,,UNK,unseen_or_ambiguous_to_UNK,False
sub-ccepAgeUMCU34,ECG2,,,UNK,unseen_or_ambiguous_to_UNK,False
sub-ccepAgeUMCU34,elB29,,,UNK,unseen_or_ambiguous_to_UNK,False
sub-ccepAgeUMCU34,elB30,,,UNK,unseen_or_ambiguous_to_UNK,False
sub-ccepAgeUMCU34,elB31,,,UNK,unseen_or_ambiguous_to_UNK,False
sub-ccepAgeUMCU34,elB32,,,UNK,unseen_or_ambiguous_to_UNK,False
sub-ccepAgeUMCU34,thor+,,,UNK,unseen_or_ambiguous_to_UNK,False
sub-ccepAgeUMCU34,abdo+,,,UNK,unseen_or_ambiguous_to_UNK,False
sub-ccepAgeUMCU34,xyz+,,,UNK,unseen_or_ambiguous_to_UNK,False
sub-ccepAgeUMCU34,MKR+,,,UNK,unseen_or_ambiguous_to_UNK,False
sub-ccepAgeUMCU35,AT1,R,G_occipital_middle,rh_G_occipital_middle,unique_hemi_stem_match,True
sub-ccepAgeUMCU35,AT2,R,G_occipital_middle,rh_G_occipital_middle,unique_hemi_stem_match,True
sub-ccepAgeUMCU35,AT3,R,G_pariet_inf-Supramar,rh_G_pariet_inf-Supramar,unique_hemi_stem_match,True
sub-ccepAgeUMCU35,AT4,R,G_pariet_inf-Supramar,rh_G_pariet_inf-Supramar,unique_hemi_stem_match,True
sub-ccepAgeUMCU35,AT5,R,G_temp_sup-Plan_tempo,rh_G_temp_sup-Plan_tempo,unique_hemi_stem_match,True
sub-ccepAgeUMCU35,AT6,R,G_pariet_inf-Supramar,rh_G_pariet_inf-Supramar,unique_hemi_stem_match,True
sub-ccepAgeUMCU35,AT7,R,G_postcentral,rh_G_postcentral,unique_hemi_stem_match,True
sub-ccepAgeUMCU35,AT8,R,G&S_subcentral,UNK,unseen_or_ambiguous_to_UNK,False
sub-ccepAgeUMCU35,AT9,R,G_occipital_middle,rh_G_occipital_middle,unique_hemi_stem_match,True
sub-ccepAgeUMCU35,AT10,R,G_temporal_middle,rh_G_temporal_middle,unique_hemi_stem_match,True
sub-ccepAgeUMCU35,AT11,R,G_temporal_middle,rh_G_temporal_middle,unique_hemi_stem_match,True
sub-ccepAgeUMCU35,AT12,R,G_pariet_inf-Supramar,rh_G_pariet_inf-Supramar,unique_hemi_stem_match,True
sub-ccepAgeUMCU35,AT13,R,G_temp_sup-Lateral,rh_G_temp_sup-Lateral,unique_hemi_stem_match,True
sub-ccepAgeUMCU35,AT14,R,G_temp_sup-Lateral,rh_G_temp_sup-Lateral,unique_hemi_stem_match,True
sub-ccepAgeUMCU35,AT15,R,G&S_subcentral,UNK,unseen_or_ambiguous_to_UNK,False
sub-ccepAgeUMCU35,AT16,R,G&S_subcentral,UNK,unseen_or_ambiguous_to_UNK,False
sub-ccepAgeUMCU35,AT17,R,S_occipital_ant,UNK,unseen_or_ambiguous_to_UNK,False
sub-ccepAgeUMCU35,AT18,R,G_temporal_middle,rh_G_temporal_middle,unique_hemi_stem_match,True
sub-ccepAgeUMCU35,AT19,R,G_temporal_middle,rh_G_temporal_middle,unique_hemi_stem_match,True
sub-ccepAgeUMCU35,AT20,R,G_temporal_middle,rh_G_temporal_middle,unique_hemi_stem_match,True
sub-ccepAgeUMCU35,AT21,R,G_temporal_middle,rh_G_temporal_middle,unique_hemi_stem_match,True
sub-ccepAgeUMCU35,AT22,R,G_temporal_middle,rh_G_temporal_middle,unique_hemi_stem_match,True
sub-ccepAgeUMCU35,AT23,R,G_temp_sup-Lateral,rh_G_temp_sup-Lateral,unique_hemi_stem_match,True
sub-ccepAgeUMCU35,AT24,R,G_temp_sup-Lateral,rh_G_temp_sup-Lateral,unique_hemi_stem_match,True
sub-ccepAgeUMCU35,AT25,R,G_occipital_middle,rh_G_occipital_middle,unique_hemi_stem_match,True
sub-ccepAgeUMCU35,AT26,R,G_temporal_middle,rh_G_temporal_middle,unique_hemi_stem_match,True
sub-ccepAgeUMCU35,AT27,R,G_temporal_inf,rh_G_temporal_inf,unique_hemi_stem_match,True
sub-ccepAgeUMCU35,AT28,R,G_temporal_inf,rh_G_temporal_inf,unique_hemi_stem_match,True
sub-ccepAgeUMCU35,AT29,R,G_temporal_middle,rh_G_temporal_middle,unique_hemi_stem_match,True
sub-ccepAgeUMCU35,AT30,R,G_temporal_middle,rh_G_temporal_middle,unique_hemi_stem_match,True
sub-ccepAgeUMCU35,AT31,R,G_temporal_middle,rh_G_temporal_middle,unique_hemi_stem_match,True
sub-ccepAgeUMCU35,AT32,R,G_temporal_middle,rh_G_temporal_middle,unique_hemi_stem_match,True
sub-ccepAgeUMCU35,OB1,R,G_oc-temp_med-Lingual,rh_G_oc-temp_med-Lingual,unique_hemi_stem_match,True
sub-ccepAgeUMCU35,OB2,R,G_oc-temp_med-Lingual,rh_G_oc-temp_med-Lingual,unique_hemi_stem_match,True
sub-ccepAgeUMCU35,OB3,R,G_oc-temp_lat-fusifor,UNK,unseen_or_ambiguous_to_UNK,False
sub-ccepAgeUMCU35,OB4,R,G_oc-temp_lat-fusifor,UNK,unseen_or_ambiguous_to_UNK,False
sub-ccepAgeUMCU35,OB5,R,S_oc-temp_lat,rh_S_oc-temp_lat,unique_hemi_stem_match,True
sub-ccepAgeUMCU35,OB6,R,S_temporal_inf,rh_S_temporal_inf,unique_hemi_stem_match,True
sub-ccepAgeUMCU35,OB7,R,G_temporal_middle,rh_G_temporal_middle,unique_hemi_stem_match,True
sub-ccepAgeUMCU35,OB8,R,S_temporal_sup,rh_S_temporal_sup,unique_hemi_stem_match,True
sub-ccepAgeUMCU35,TOB1,R,G_oc-temp_med-Parahip,rh_G_oc-temp_med-Parahip,unique_hemi_stem_match,True
sub-ccepAgeUMCU35,TOB2,R,G_oc-temp_lat-fusifor,UNK,unseen_or_ambiguous_to_UNK,False
sub-ccepAgeUMCU35,TOB3,R,G_oc-temp_lat-fusifor,UNK,unseen_or_ambiguous_to_UNK,False
sub-ccepAgeUMCU35,TOB4,R,G_oc-temp_lat-fusifor,UNK,unseen_or_ambiguous_to_UNK,False
sub-ccepAgeUMCU35,TOB5,R,G_temporal_inf,rh_G_temporal_inf,unique_hemi_stem_match,True
sub-ccepAgeUMCU35,TOB6,R,G_temporal_inf,rh_G_temporal_inf,unique_hemi_stem_match,True
sub-ccepAgeUMCU35,TOB7,R,G_temporal_middle,rh_G_temporal_middle,unique_hemi_stem_match,True
sub-ccepAgeUMCU35,TOB8,R,S_temporal_sup,rh_S_temporal_sup,unique_hemi_stem_match,True
sub-ccepAgeUMCU35,ATB1,R,G_oc-temp_med-Parahip,rh_G_oc-temp_med-Parahip,unique_hemi_stem_match,True
sub-ccepAgeUMCU35,ATB2,R,G_oc-temp_med-Parahip,rh_G_oc-temp_med-Parahip,unique_hemi_stem_match,True
sub-ccepAgeUMCU35,ATB3,R,G_oc-temp_lat-fusifor,UNK,unseen_or_ambiguous_to_UNK,False
sub-ccepAgeUMCU35,ATB4,R,S_collat_transv_ant,rh_S_collat_transv_ant,unique_hemi_stem_match,True
sub-ccepAgeUMCU35,ATB5,R,G_temporal_inf,rh_G_temporal_inf,unique_hemi_stem_match,True
sub-ccepAgeUMCU35,ATB6,R,G_temporal_inf,rh_G_temporal_inf,unique_hemi_stem_match,True
sub-ccepAgeUMCU35,ATB7,R,G_temporal_inf,rh_G_temporal_inf,unique_hemi_stem_match,True
sub-ccepAgeUMCU35,ATB8,R,G_temporal_middle,rh_G_temporal_middle,unique_hemi_stem_match,True
sub-ccepAgeUMCU35,el057,,,UNK,unseen_or_ambiguous_to_UNK,False
sub-ccepAgeUMCU35,el058,,,UNK,unseen_or_ambiguous_to_UNK,False
sub-ccepAgeUMCU35,D1,R,,UNK,unseen_or_ambiguous_to_UNK,False
sub-ccepAgeUMCU35,D2,R,,UNK,unseen_or_ambiguous_to_UNK,False
sub-ccepAgeUMCU35,D3,R,S_temporal_sup,rh_S_temporal_sup,unique_hemi_stem_match,True
sub-ccepAgeUMCU35,D4,R,S_temporal_inf,rh_S_temporal_inf,unique_hemi_stem_match,True
sub-ccepAgeUMCU35,D5,R,S_temporal_inf,rh_S_temporal_inf,unique_hemi_stem_match,True
sub-ccepAgeUMCU35,D6,R,S_temporal_sup,rh_S_temporal_sup,unique_hemi_stem_match,True
sub-ccepAgeUMCU35,MKR1+,,,UNK,unseen_or_ambiguous_to_UNK,False
sub-ccepAgeUMCU35,sT1,R,Pole_temporal,rh_Pole_temporal,unique_hemi_stem_match,True
sub-ccepAgeUMCU35,sT2,R,Pole_temporal,rh_Pole_temporal,unique_hemi_stem_match,True
sub-ccepAgeUMCU35,sT3,R,G_temporal_inf,rh_G_temporal_inf,unique_hemi_stem_match,True
sub-ccepAgeUMCU35,sT4,R,G_temporal_inf,rh_G_temporal_inf,unique_hemi_stem_match,True
sub-ccepAgeUMCU35,sT5,R,Pole_temporal,rh_Pole_temporal,unique_hemi_stem_match,True
sub-ccepAgeUMCU35,sT6,R,Pole_temporal,rh_Pole_temporal,unique_hemi_stem_match,True
sub-ccepAgeUMCU35,sT7,R,Pole_temporal,rh_Pole_temporal,unique_hemi_stem_match,True
sub-ccepAgeUMCU35,sT8,R,G_temporal_middle,rh_G_temporal_middle,unique_hemi_stem_match,True
sub-ccepAgeUMCU35,vT1,R,,UNK,unseen_or_ambiguous_to_UNK,False
sub-ccepAgeUMCU35,vT2,R,Pole_temporal,rh_Pole_temporal,unique_hemi_stem_match,True
sub-ccepAgeUMCU35,vT3,R,Pole_temporal,rh_Pole_temporal,unique_hemi_stem_match,True
sub-ccepAgeUMCU35,vT4,R,Pole_temporal,rh_Pole_temporal,unique_hemi_stem_match,True
sub-ccepAgeUMCU35,vT5,R,Pole_temporal,rh_Pole_temporal,unique_hemi_stem_match,True
sub-ccepAgeUMCU35,vT6,R,G_temporal_middle,rh_G_temporal_middle,unique_hemi_stem_match,True
sub-ccepAgeUMCU35,vT7,R,G_temp_sup-Lateral,rh_G_temp_sup-Lateral,unique_hemi_stem_match,True
sub-ccepAgeUMCU35,vT8,R,G_temp_sup-Lateral,rh_G_temp_sup-Lateral,unique_hemi_stem_match,True
sub-ccepAgeUMCU35,el081,,,UNK,unseen_or_ambiguous_to_UNK,False
sub-ccepAgeUMCU35,el082,,,UNK,unseen_or_ambiguous_to_UNK,False
sub-ccepAgeUMCU35,el083,,,UNK,unseen_or_ambiguous_to_UNK,False
sub-ccepAgeUMCU35,el084,,,UNK,unseen_or_ambiguous_to_UNK,False
sub-ccepAgeUMCU35,el085,,,UNK,unseen_or_ambiguous_to_UNK,False
sub-ccepAgeUMCU35,el086,,,UNK,unseen_or_ambiguous_to_UNK,False
sub-ccepAgeUMCU35,el087,,,UNK,unseen_or_ambiguous_to_UNK,False
sub-ccepAgeUMCU35,el088,,,UNK,unseen_or_ambiguous_to_UNK,False
sub-ccepAgeUMCU35,AH+,,,UNK,unseen_or_ambiguous_to_UNK,False
sub-ccepAgeUMCU35,ECG+,,,UNK,unseen_or_ambiguous_to_UNK,False
sub-ccepAgeUMCU35,orb+,,,UNK,unseen_or_ambiguous_to_UNK,False
sub-ccepAgeUMCU35,emg+,,,UNK,unseen_or_ambiguous_to_UNK,False
sub-ccepAgeUMCU35,R1+,,,UNK,unseen_or_ambiguous_to_UNK,False
sub-ccepAgeUMCU35,R2+,,,UNK,unseen_or_ambiguous_to_UNK,False
sub-ccepAgeUMCU35,el095,,,UNK,unseen_or_ambiguous_to_UNK,False
sub-ccepAgeUMCU35,el096,,,UNK,unseen_or_ambiguous_to_UNK,False
sub-ccepAgeUMCU35,el097,,,UNK,unseen_or_ambiguous_to_UNK,False
sub-ccepAgeUMCU35,el098,,,UNK,unseen_or_ambiguous_to_UNK,False
sub-ccepAgeUMCU35,el099,,,UNK,unseen_or_ambiguous_to_UNK,False
sub-ccepAgeUMCU35,el100,,,UNK,unseen_or_ambiguous_to_UNK,False
sub-ccepAgeUMCU35,el101,,,UNK,unseen_or_ambiguous_to_UNK,False
sub-ccepAgeUMCU35,el102,,,UNK,unseen_or_ambiguous_to_UNK,False
sub-ccepAgeUMCU35,el103,,,UNK,unseen_or_ambiguous_to_UNK,False
sub-ccepAgeUMCU35,el104,,,UNK,unseen_or_ambiguous_to_UNK,False
sub-ccepAgeUMCU35,el105,,,UNK,unseen_or_ambiguous_to_UNK,False
sub-ccepAgeUMCU35,el106,,,UNK,unseen_or_ambiguous_to_UNK,False
sub-ccepAgeUMCU35,el107,,,UNK,unseen_or_ambiguous_to_UNK,False
sub-ccepAgeUMCU35,el108,,,UNK,unseen_or_ambiguous_to_UNK,False
sub-ccepAgeUMCU35,el109,,,UNK,unseen_or_ambiguous_to_UNK,False
sub-ccepAgeUMCU35,el110,,,UNK,unseen_or_ambiguous_to_UNK,False
sub-ccepAgeUMCU35,el111,,,UNK,unseen_or_ambiguous_to_UNK,False
sub-ccepAgeUMCU35,el112,,,UNK,unseen_or_ambiguous_to_UNK,False
sub-ccepAgeUMCU35,el113,,,UNK,unseen_or_ambiguous_to_UNK,False
sub-ccepAgeUMCU35,el114,,,UNK,unseen_or_ambiguous_to_UNK,False
sub-ccepAgeUMCU35,el115,,,UNK,unseen_or_ambiguous_to_UNK,False
sub-ccepAgeUMCU35,el116,,,UNK,unseen_or_ambiguous_to_UNK,False
sub-ccepAgeUMCU35,el117,,,UNK,unseen_or_ambiguous_to_UNK,False
sub-ccepAgeUMCU35,el118,,,UNK,unseen_or_ambiguous_to_UNK,False
sub-ccepAgeUMCU35,el119,,,UNK,unseen_or_ambiguous_to_UNK,False
sub-ccepAgeUMCU35,el120,,,UNK,unseen_or_ambiguous_to_UNK,False
sub-ccepAgeUMCU35,el121,,,UNK,unseen_or_ambiguous_to_UNK,False
sub-ccepAgeUMCU35,el122,,,UNK,unseen_or_ambiguous_to_UNK,False
sub-ccepAgeUMCU35,el123,,,UNK,unseen_or_ambiguous_to_UNK,False
sub-ccepAgeUMCU35,el124,,,UNK,unseen_or_ambiguous_to_UNK,False
sub-ccepAgeUMCU35,el125,,,UNK,unseen_or_ambiguous_to_UNK,False
sub-ccepAgeUMCU35,el126,,,UNK,unseen_or_ambiguous_to_UNK,False
sub-ccepAgeUMCU35,el127,,,UNK,unseen_or_ambiguous_to_UNK,False
sub-ccepAgeUMCU35,el128,,,UNK,unseen_or_ambiguous_to_UNK,False
sub-ccepAgeUMCU35,thor+,,,UNK,unseen_or_ambiguous_to_UNK,False
sub-ccepAgeUMCU35,abdo+,,,UNK,unseen_or_ambiguous_to_UNK,False
sub-ccepAgeUMCU35,xyz+,,,UNK,unseen_or_ambiguous_to_UNK,False
sub-ccepAgeUMCU35,MKR2+,,,UNK,unseen_or_ambiguous_to_UNK,False
sub-ccepAgeUMCU36,C01,L,S_front_sup,lh_S_front_sup,unique_hemi_stem_match,True
sub-ccepAgeUMCU36,C02,L,G_front_middle,lh_G_front_middle,unique_hemi_stem_match,True
sub-ccepAgeUMCU36,C03,L,G_front_sup,lh_G_front_sup,unique_hemi_stem_match,True
sub-ccepAgeUMCU36,C04,L,G_front_sup,lh_G_front_sup,unique_hemi_stem_match,True
sub-ccepAgeUMCU36,C05,L,G_postcentral,lh_G_postcentral,unique_hemi_stem_match,True
sub-ccepAgeUMCU36,C06,L,G_postcentral,lh_G_postcentral,unique_hemi_stem_match,True
sub-ccepAgeUMCU36,C07,L,G_parietal_sup,UNK,unseen_or_ambiguous_to_UNK,False
sub-ccepAgeUMCU36,C08,L,G_parietal_sup,UNK,unseen_or_ambiguous_to_UNK,False
sub-ccepAgeUMCU36,C09,L,S_front_sup,lh_S_front_sup,unique_hemi_stem_match,True
sub-ccepAgeUMCU36,C10,L,G_front_middle,lh_G_front_middle,unique_hemi_stem_match,True
sub-ccepAgeUMCU36,C11,L,G_precentral,lh_G_precentral,unique_hemi_stem_match,True
sub-ccepAgeUMCU36,C12,L,G_postcentral,lh_G_postcentral,unique_hemi_stem_match,True
sub-ccepAgeUMCU36,C13,L,G_postcentral,lh_G_postcentral,unique_hemi_stem_match,True
sub-ccepAgeUMCU36,C14,L,G_postcentral,lh_G_postcentral,unique_hemi_stem_match,True
sub-ccepAgeUMCU36,C15,L,G_parietal_sup,UNK,unseen_or_ambiguous_to_UNK,False
sub-ccepAgeUMCU36,C16,L,G_parietal_sup,UNK,unseen_or_ambiguous_to_UNK,False
sub-ccepAgeUMCU36,C17,L,G_front_middle,lh_G_front_middle,unique_hemi_stem_match,True
sub-ccepAgeUMCU36,C18,L,G_front_middle,lh_G_front_middle,unique_hemi_stem_match,True
sub-ccepAgeUMCU36,C19,L,G_precentral,lh_G_precentral,unique_hemi_stem_match,True
sub-ccepAgeUMCU36,C20,L,G_postcentral,lh_G_postcentral,unique_hemi_stem_match,True
sub-ccepAgeUMCU36,C21,L,G_postcentral,lh_G_postcentral,unique_hemi_stem_match,True
sub-ccepAgeUMCU36,C22,L,S_postcentral,lh_S_postcentral,unique_hemi_stem_match,True
sub-ccepAgeUMCU36,C23,L,S_postcentral,lh_S_postcentral,unique_hemi_stem_match,True
sub-ccepAgeUMCU36,C24,L,G_parietal_sup,UNK,unseen_or_ambiguous_to_UNK,False
sub-ccepAgeUMCU36,C25,L,G_front_middle,lh_G_front_middle,unique_hemi_stem_match,True
sub-ccepAgeUMCU36,C26,L,S_precentral-inf-part,lh_S_precentral-inf-part,unique_hemi_stem_match,True
sub-ccepAgeUMCU36,C27,L,G_precentral,lh_G_precentral,unique_hemi_stem_match,True
sub-ccepAgeUMCU36,C28,L,G_postcentral,lh_G_postcentral,unique_hemi_stem_match,True
sub-ccepAgeUMCU36,C29,L,G_postcentral,lh_G_postcentral,unique_hemi_stem_match,True
sub-ccepAgeUMCU36,C30,L,G_pariet_inf-Supramar,lh_G_pariet_inf-Supramar,unique_hemi_stem_match,True
sub-ccepAgeUMCU36,C31,L,G_pariet_inf-Angular,UNK,unseen_or_ambiguous_to_UNK,False
sub-ccepAgeUMCU36,C32,L,G_pariet_inf-Angular,UNK,unseen_or_ambiguous_to_UNK,False
sub-ccepAgeUMCU36,CH1,L,G_front_sup,lh_G_front_sup,unique_hemi_stem_match,True
sub-ccepAgeUMCU36,CH2,L,G_front_sup,lh_G_front_sup,unique_hemi_stem_match,True
sub-ccepAgeUMCU36,CH3,L,G_front_sup,lh_G_front_sup,unique_hemi_stem_match,True
sub-ccepAgeUMCU36,CH4,L,G_front_sup,lh_G_front_sup,unique_hemi_stem_match,True
sub-ccepAgeUMCU36,CH5,L,G_front_sup,lh_G_front_sup,unique_hemi_stem_match,True
sub-ccepAgeUMCU36,CH6,L,G&S_paracentral,UNK,unseen_or_ambiguous_to_UNK,False
sub-ccepAgeUMCU36,CH7,L,G&S_paracentral,UNK,unseen_or_ambiguous_to_UNK,False
sub-ccepAgeUMCU36,CH8,L,G_parietal_sup,UNK,unseen_or_ambiguous_to_UNK,False
sub-ccepAgeUMCU36,IH1,L,G&S_cingul-Mid-Ant,UNK,unseen_or_ambiguous_to_UNK,False
sub-ccepAgeUMCU36,IH2,L,G&S_cingul-Mid-Post,lh_G&S_cingul-Mid-Post,unique_hemi_stem_match,True
sub-ccepAgeUMCU36,IH3,L,G_front_sup,lh_G_front_sup,unique_hemi_stem_match,True
sub-ccepAgeUMCU36,IH4,L,G_front_sup,lh_G_front_sup,unique_hemi_stem_match,True
sub-ccepAgeUMCU36,IH5,L,G&S_paracentral,UNK,unseen_or_ambiguous_to_UNK,False
sub-ccepAgeUMCU36,IH6,L,G&S_paracentral,UNK,unseen_or_ambiguous_to_UNK,False
sub-ccepAgeUMCU36,IH7,L,G&S_paracentral,UNK,unseen_or_ambiguous_to_UNK,False
sub-ccepAgeUMCU36,IH8,L,G_postcentral,lh_G_postcentral,unique_hemi_stem_match,True
sub-ccepAgeUMCU36,el049,,,UNK,unseen_or_ambiguous_to_UNK,False
sub-ccepAgeUMCU36,el050,,,UNK,unseen_or_ambiguous_to_UNK,False
sub-ccepAgeUMCU36,DC1,L,S_cingul-Marginalis,lh_S_cingul-Marginalis,unique_hemi_stem_match,True
sub-ccepAgeUMCU36,DC2,L,S_cingul-Marginalis,lh_S_cingul-Marginalis,unique_hemi_stem_match,True
sub-ccepAgeUMCU36,DC3,L,S_cingul-Marginalis,lh_S_cingul-Marginalis,unique_hemi_stem_match,True
sub-ccepAgeUMCU36,DC4,L,S_central,lh_S_central,unique_hemi_stem_match,True
sub-ccepAgeUMCU36,DC5,L,S_central,lh_S_central,unique_hemi_stem_match,True
sub-ccepAgeUMCU36,DC6,L,S_central,lh_S_central,unique_hemi_stem_match,True
sub-ccepAgeUMCU36,el057,,,UNK,unseen_or_ambiguous_to_UNK,False
sub-ccepAgeUMCU36,el058,,,UNK,unseen_or_ambiguous_to_UNK,False
sub-ccepAgeUMCU36,DF1,L,G&S_cingul-Mid-Post,lh_G&S_cingul-Mid-Post,unique_hemi_stem_match,True
sub-ccepAgeUMCU36,DF2,L,G&S_cingul-Mid-Post,lh_G&S_cingul-Mid-Post,unique_hemi_stem_match,True
sub-ccepAgeUMCU36,DF3,L,G&S_cingul-Mid-Post,lh_G&S_cingul-Mid-Post,unique_hemi_stem_match,True
sub-ccepAgeUMCU36,DF4,L,S_central,lh_S_central,unique_hemi_stem_match,True
sub-ccepAgeUMCU36,DF5,L,G_precentral,lh_G_precentral,unique_hemi_stem_match,True
sub-ccepAgeUMCU36,DF6,L,G_precentral,lh_G_precentral,unique_hemi_stem_match,True
sub-ccepAgeUMCU36,MKR1+,,,UNK,unseen_or_ambiguous_to_UNK,False
sub-ccepAgeUMCU36,el065,,,UNK,unseen_or_ambiguous_to_UNK,False
sub-ccepAgeUMCU36,el066,,,UNK,unseen_or_ambiguous_to_UNK,False
sub-ccepAgeUMCU36,el067,,,UNK,unseen_or_ambiguous_to_UNK,False
sub-ccepAgeUMCU36,el068,,,UNK,unseen_or_ambiguous_to_UNK,False
sub-ccepAgeUMCU36,el069,,,UNK,unseen_or_ambiguous_to_UNK,False
sub-ccepAgeUMCU36,el070,,,UNK,unseen_or_ambiguous_to_UNK,False
sub-ccepAgeUMCU36,el071,,,UNK,unseen_or_ambiguous_to_UNK,False
sub-ccepAgeUMCU36,el072,,,UNK,unseen_or_ambiguous_to_UNK,False
sub-ccepAgeUMCU36,el073,,,UNK,unseen_or_ambiguous_to_UNK,False
sub-ccepAgeUMCU36,el074,,,UNK,unseen_or_ambiguous_to_UNK,False
sub-ccepAgeUMCU36,el075,,,UNK,unseen_or_ambiguous_to_UNK,False
sub-ccepAgeUMCU36,el076,,,UNK,unseen_or_ambiguous_to_UNK,False
sub-ccepAgeUMCU36,el077,,,UNK,unseen_or_ambiguous_to_UNK,False
sub-ccepAgeUMCU36,el078,,,UNK,unseen_or_ambiguous_to_UNK,False
sub-ccepAgeUMCU36,el079,,,UNK,unseen_or_ambiguous_to_UNK,False
sub-ccepAgeUMCU36,el080,,,UNK,unseen_or_ambiguous_to_UNK,False
sub-ccepAgeUMCU36,el081,,,UNK,unseen_or_ambiguous_to_UNK,False
sub-ccepAgeUMCU36,el082,,,UNK,unseen_or_ambiguous_to_UNK,False
sub-ccepAgeUMCU36,el083,,,UNK,unseen_or_ambiguous_to_UNK,False
sub-ccepAgeUMCU36,el084,,,UNK,unseen_or_ambiguous_to_UNK,False
sub-ccepAgeUMCU36,el085,,,UNK,unseen_or_ambiguous_to_UNK,False
sub-ccepAgeUMCU36,el086,,,UNK,unseen_or_ambiguous_to_UNK,False
sub-ccepAgeUMCU36,el087,,,UNK,unseen_or_ambiguous_to_UNK,False
sub-ccepAgeUMCU36,el088,,,UNK,unseen_or_ambiguous_to_UNK,False
sub-ccepAgeUMCU36,AH+,,,UNK,unseen_or_ambiguous_to_UNK,False
sub-ccepAgeUMCU36,ECG+,,,UNK,unseen_or_ambiguous_to_UNK,False
sub-ccepAgeUMCU36,orb+,,,UNK,unseen_or_ambiguous_to_UNK,False
sub-ccepAgeUMCU36,emg1+,,,UNK,unseen_or_ambiguous_to_UNK,False
sub-ccepAgeUMCU36,emg2+,,,UNK,unseen_or_ambiguous_to_UNK,False
sub-ccepAgeUMCU36,p12+,,,UNK,unseen_or_ambiguous_to_UNK,False
sub-ccepAgeUMCU36,el095,,,UNK,unseen_or_ambiguous_to_UNK,False
sub-ccepAgeUMCU36,el096,,,UNK,unseen_or_ambiguous_to_UNK,False
sub-ccepAgeUMCU36,el097,,,UNK,unseen_or_ambiguous_to_UNK,False
sub-ccepAgeUMCU36,el098,,,UNK,unseen_or_ambiguous_to_UNK,False
sub-ccepAgeUMCU36,el099,,,UNK,unseen_or_ambiguous_to_UNK,False
sub-ccepAgeUMCU36,el100,,,UNK,unseen_or_ambiguous_to_UNK,False
sub-ccepAgeUMCU36,el101,,,UNK,unseen_or_ambiguous_to_UNK,False
sub-ccepAgeUMCU36,el102,,,UNK,unseen_or_ambiguous_to_UNK,False
sub-ccepAgeUMCU36,el103,,,UNK,unseen_or_ambiguous_to_UNK,False
sub-ccepAgeUMCU36,el104,,,UNK,unseen_or_ambiguous_to_UNK,False
sub-ccepAgeUMCU36,el105,,,UNK,unseen_or_ambiguous_to_UNK,False
sub-ccepAgeUMCU36,el106,,,UNK,unseen_or_ambiguous_to_UNK,False
sub-ccepAgeUMCU36,el107,,,UNK,unseen_or_ambiguous_to_UNK,False
sub-ccepAgeUMCU36,el108,,,UNK,unseen_or_ambiguous_to_UNK,False
sub-ccepAgeUMCU36,el109,,,UNK,unseen_or_ambiguous_to_UNK,False
sub-ccepAgeUMCU36,el110,,,UNK,unseen_or_ambiguous_to_UNK,False
sub-ccepAgeUMCU36,el111,,,UNK,unseen_or_ambiguous_to_UNK,False
sub-ccepAgeUMCU36,el112,,,UNK,unseen_or_ambiguous_to_UNK,False
sub-ccepAgeUMCU36,el113,,,UNK,unseen_or_ambiguous_to_UNK,False
sub-ccepAgeUMCU36,el114,,,UNK,unseen_or_ambiguous_to_UNK,False
sub-ccepAgeUMCU36,el115,,,UNK,unseen_or_ambiguous_to_UNK,False
sub-ccepAgeUMCU36,el116,,,UNK,unseen_or_ambiguous_to_UNK,False
sub-ccepAgeUMCU36,el117,,,UNK,unseen_or_ambiguous_to_UNK,False
sub-ccepAgeUMCU36,el118,,,UNK,unseen_or_ambiguous_to_UNK,False
sub-ccepAgeUMCU36,el119,,,UNK,unseen_or_ambiguous_to_UNK,False
sub-ccepAgeUMCU36,el120,,,UNK,unseen_or_ambiguous_to_UNK,False
sub-ccepAgeUMCU36,el121,,,UNK,unseen_or_ambiguous_to_UNK,False
sub-ccepAgeUMCU36,el122,,,UNK,unseen_or_ambiguous_to_UNK,False
sub-ccepAgeUMCU36,el123,,,UNK,unseen_or_ambiguous_to_UNK,False
sub-ccepAgeUMCU36,el124,,,UNK,unseen_or_ambiguous_to_UNK,False
sub-ccepAgeUMCU36,el125,,,UNK,unseen_or_ambiguous_to_UNK,False
sub-ccepAgeUMCU36,el126,,,UNK,unseen_or_ambiguous_to_UNK,False
sub-ccepAgeUMCU36,el127,,,UNK,unseen_or_ambiguous_to_UNK,False
sub-ccepAgeUMCU36,el128,,,UNK,unseen_or_ambiguous_to_UNK,False
sub-ccepAgeUMCU36,thor+,,,UNK,unseen_or_ambiguous_to_UNK,False
sub-ccepAgeUMCU36,abdo+,,,UNK,unseen_or_ambiguous_to_UNK,False
sub-ccepAgeUMCU36,xyz+,,,UNK,unseen_or_ambiguous_to_UNK,False
sub-ccepAgeUMCU36,MKR2+,,,UNK,unseen_or_ambiguous_to_UNK,False
sub-ccepAgeUMCU37,C01,L,G_pariet_inf-Angular,UNK,unseen_or_ambiguous_to_UNK,False
sub-ccepAgeUMCU37,C02,L,G_pariet_inf-Supramar,lh_G_pariet_inf-Supramar,unique_hemi_stem_match,True
sub-ccepAgeUMCU37,C03,L,G_pariet_inf-Supramar,lh_G_pariet_inf-Supramar,unique_hemi_stem_match,True
sub-ccepAgeUMCU37,C04,L,G_pariet_inf-Supramar,lh_G_pariet_inf-Supramar,unique_hemi_stem_match,True
sub-ccepAgeUMCU37,C05,L,G_postcentral,lh_G_postcentral,unique_hemi_stem_match,True
sub-ccepAgeUMCU37,C06,L,G_precentral,lh_G_precentral,unique_hemi_stem_match,True
sub-ccepAgeUMCU37,C07,L,G_precentral,lh_G_precentral,unique_hemi_stem_match,True
sub-ccepAgeUMCU37,C08,L,G_front_inf-Opercular,UNK,unseen_or_ambiguous_to_UNK,False
sub-ccepAgeUMCU37,C09,L,G_pariet_inf-Angular,UNK,unseen_or_ambiguous_to_UNK,False
sub-ccepAgeUMCU37,C10,L,G_pariet_inf-Angular,UNK,unseen_or_ambiguous_to_UNK,False
sub-ccepAgeUMCU37,C11,L,G_postcentral,lh_G_postcentral,unique_hemi_stem_match,True
sub-ccepAgeUMCU37,C12,L,G_postcentral,lh_G_postcentral,unique_hemi_stem_match,True
sub-ccepAgeUMCU37,C13,L,G_postcentral,lh_G_postcentral,unique_hemi_stem_match,True
sub-ccepAgeUMCU37,C14,L,G_precentral,lh_G_precentral,unique_hemi_stem_match,True
sub-ccepAgeUMCU37,C15,L,G_precentral,lh_G_precentral,unique_hemi_stem_match,True
sub-ccepAgeUMCU37,C16,L,G_front_middle,lh_G_front_middle,unique_hemi_stem_match,True
sub-ccepAgeUMCU37,C17,L,G_parietal_sup,UNK,unseen_or_ambiguous_to_UNK,False
sub-ccepAgeUMCU37,C18,L,G_postcentral,lh_G_postcentral,unique_hemi_stem_match,True
sub-ccepAgeUMCU37,C19,L,G_postcentral,lh_G_postcentral,unique_hemi_stem_match,True
sub-ccepAgeUMCU37,C20,L,G_postcentral,lh_G_postcentral,unique_hemi_stem_match,True
sub-ccepAgeUMCU37,C21,L,G_precentral,lh_G_precentral,unique_hemi_stem_match,True
sub-ccepAgeUMCU37,C22,L,G_front_middle,lh_G_front_middle,unique_hemi_stem_match,True
sub-ccepAgeUMCU37,C23,L,G_front_middle,lh_G_front_middle,unique_hemi_stem_match,True
sub-ccepAgeUMCU37,C24,L,G_front_middle,lh_G_front_middle,unique_hemi_stem_match,True
sub-ccepAgeUMCU37,C25,L,G_parietal_sup,UNK,unseen_or_ambiguous_to_UNK,False
sub-ccepAgeUMCU37,C26,L,G_postcentral,lh_G_postcentral,unique_hemi_stem_match,True
sub-ccepAgeUMCU37,C27,L,G_precentral,lh_G_precentral,unique_hemi_stem_match,True
sub-ccepAgeUMCU37,C28,L,G_precentral,lh_G_precentral,unique_hemi_stem_match,True
sub-ccepAgeUMCU37,C29,L,G_precentral,lh_G_precentral,unique_hemi_stem_match,True
sub-ccepAgeUMCU37,C30,L,G_front_middle,lh_G_front_middle,unique_hemi_stem_match,True
sub-ccepAgeUMCU37,C31,L,G_front_middle,lh_G_front_middle,unique_hemi_stem_match,True
sub-ccepAgeUMCU37,C32,L,G_front_middle,lh_G_front_middle,unique_hemi_stem_match,True
sub-ccepAgeUMCU37,CH1,L,G_parietal_sup,UNK,unseen_or_ambiguous_to_UNK,False
sub-ccepAgeUMCU37,CH2,L,G_parietal_sup,UNK,unseen_or_ambiguous_to_UNK,False
sub-ccepAgeUMCU37,CH3,L,G_parietal_sup,UNK,unseen_or_ambiguous_to_UNK,False
sub-ccepAgeUMCU37,CH4,L,G_postcentral,lh_G_postcentral,unique_hemi_stem_match,True
sub-ccepAgeUMCU37,CH5,L,G_postcentral,lh_G_postcentral,unique_hemi_stem_match,True
sub-ccepAgeUMCU37,CH6,L,G_precentral,lh_G_precentral,unique_hemi_stem_match,True
sub-ccepAgeUMCU37,CH7,L,G_front_sup,lh_G_front_sup,unique_hemi_stem_match,True
sub-ccepAgeUMCU37,CH8,L,G_front_middle,lh_G_front_middle,unique_hemi_stem_match,True
sub-ccepAgeUMCU37,CH9,L,G_parietal_sup,UNK,unseen_or_ambiguous_to_UNK,False
sub-ccepAgeUMCU37,CH10,L,G_parietal_sup,UNK,unseen_or_ambiguous_to_UNK,False
sub-ccepAgeUMCU37,CH11,L,G&S_paracentral,UNK,unseen_or_ambiguous_to_UNK,False
sub-ccepAgeUMCU37,CH12,L,G_postcentral,lh_G_postcentral,unique_hemi_stem_match,True
sub-ccepAgeUMCU37,CH13,L,G_precentral,lh_G_precentral,unique_hemi_stem_match,True
sub-ccepAgeUMCU37,CH14,L,G_front_sup,lh_G_front_sup,unique_hemi_stem_match,True
sub-ccepAgeUMCU37,CH15,L,G_front_sup,lh_G_front_sup,unique_hemi_stem_match,True
sub-ccepAgeUMCU37,CH16,L,G_front_sup,lh_G_front_sup,unique_hemi_stem_match,True
sub-ccepAgeUMCU37,elB17,,,UNK,unseen_or_ambiguous_to_UNK,False
sub-ccepAgeUMCU37,elB18,,,UNK,unseen_or_ambiguous_to_UNK,False
sub-ccepAgeUMCU37,D1,L,G&S_cingul-Mid-Post,lh_G&S_cingul-Mid-Post,unique_hemi_stem_match,True
sub-ccepAgeUMCU37,D2,L,G&S_cingul-Mid-Post,lh_G&S_cingul-Mid-Post,unique_hemi_stem_match,True
sub-ccepAgeUMCU37,D3,L,S_precentral-sup-part,lh_S_precentral-sup-part,unique_hemi_stem_match,True
sub-ccepAgeUMCU37,D4,L,S_precentral-sup-part,lh_S_precentral-sup-part,unique_hemi_stem_match,True
sub-ccepAgeUMCU37,D5,L,S_precentral-sup-part,lh_S_precentral-sup-part,unique_hemi_stem_match,True
sub-ccepAgeUMCU37,D6,L,S_front_sup,lh_S_front_sup,unique_hemi_stem_match,True
sub-ccepAgeUMCU37,IH1,L,G_front_sup,lh_G_front_sup,unique_hemi_stem_match,True
sub-ccepAgeUMCU37,IH2,L,G_front_sup,lh_G_front_sup,unique_hemi_stem_match,True
sub-ccepAgeUMCU37,IH3,L,G_front_sup,lh_G_front_sup,unique_hemi_stem_match,True
sub-ccepAgeUMCU37,IH4,L,G_front_sup,lh_G_front_sup,unique_hemi_stem_match,True
sub-ccepAgeUMCU37,IH5,L,G_front_sup,lh_G_front_sup,unique_hemi_stem_match,True
sub-ccepAgeUMCU37,IH6,L,G_front_sup,lh_G_front_sup,unique_hemi_stem_match,True
sub-ccepAgeUMCU37,IH7,L,G_front_sup,lh_G_front_sup,unique_hemi_stem_match,True
sub-ccepAgeUMCU37,IH8,L,G_front_sup,lh_G_front_sup,unique_hemi_stem_match,True
sub-ccepAgeUMCU37,thor+,,,UNK,unseen_or_ambiguous_to_UNK,False
sub-ccepAgeUMCU37,abdo+,,,UNK,unseen_or_ambiguous_to_UNK,False
sub-ccepAgeUMCU37,xyz+,,,UNK,unseen_or_ambiguous_to_UNK,False
sub-ccepAgeUMCU37,MKR+,,,UNK,unseen_or_ambiguous_to_UNK,False
sub-ccepAgeUMCU38,F01,L,G_front_sup,lh_G_front_sup,unique_hemi_stem_match,True
sub-ccepAgeUMCU38,F02,L,G_front_middle,lh_G_front_middle,unique_hemi_stem_match,True
sub-ccepAgeUMCU38,F03,L,G_front_middle,lh_G_front_middle,unique_hemi_stem_match,True
sub-ccepAgeUMCU38,F04,L,G_front_middle,lh_G_front_middle,unique_hemi_stem_match,True
sub-ccepAgeUMCU38,F05,L,G_front_middle,lh_G_front_middle,unique_hemi_stem_match,True
sub-ccepAgeUMCU38,F06,L,G_precentral,lh_G_precentral,unique_hemi_stem_match,True
sub-ccepAgeUMCU38,F07,L,G_precentral,lh_G_precentral,unique_hemi_stem_match,True
sub-ccepAgeUMCU38,F08,L,G_postcentral,lh_G_postcentral,unique_hemi_stem_match,True
sub-ccepAgeUMCU38,F09,L,S_front_sup,lh_S_front_sup,unique_hemi_stem_match,True
sub-ccepAgeUMCU38,F10,L,G_front_middle,lh_G_front_middle,unique_hemi_stem_match,True
sub-ccepAgeUMCU38,F11,L,G_front_middle,lh_G_front_middle,unique_hemi_stem_match,True
sub-ccepAgeUMCU38,F12,L,G_front_middle,lh_G_front_middle,unique_hemi_stem_match,True
sub-ccepAgeUMCU38,F13,L,G_front_middle,lh_G_front_middle,unique_hemi_stem_match,True
sub-ccepAgeUMCU38,F14,L,G_precentral,lh_G_precentral,unique_hemi_stem_match,True
sub-ccepAgeUMCU38,F15,L,G_precentral,lh_G_precentral,unique_hemi_stem_match,True
sub-ccepAgeUMCU38,F16,L,G_postcentral,lh_G_postcentral,unique_hemi_stem_match,True
sub-ccepAgeUMCU38,F17,L,G_front_middle,lh_G_front_middle,unique_hemi_stem_match,True
sub-ccepAgeUMCU38,F18,L,G_front_middle,lh_G_front_middle,unique_hemi_stem_match,True
sub-ccepAgeUMCU38,F19,L,G_front_middle,lh_G_front_middle,unique_hemi_stem_match,True
sub-ccepAgeUMCU38,F20,L,G_front_middle,lh_G_front_middle,unique_hemi_stem_match,True
sub-ccepAgeUMCU38,F21,L,G_precentral,lh_G_precentral,unique_hemi_stem_match,True
sub-ccepAgeUMCU38,F22,L,G_precentral,lh_G_precentral,unique_hemi_stem_match,True
sub-ccepAgeUMCU38,F23,L,G_postcentral,lh_G_postcentral,unique_hemi_stem_match,True
sub-ccepAgeUMCU38,F24,L,G_pariet_inf-Supramar,lh_G_pariet_inf-Supramar,unique_hemi_stem_match,True
sub-ccepAgeUMCU38,F25,L,G_front_middle,lh_G_front_middle,unique_hemi_stem_match,True
sub-ccepAgeUMCU38,F26,L,S_front_inf,lh_S_front_inf,unique_hemi_stem_match,True
sub-ccepAgeUMCU38,F27,L,G_front_inf-Triangul,lh_G_front_inf-Triangul,unique_hemi_stem_match,True
sub-ccepAgeUMCU38,F28,L,G_front_inf-Opercular,UNK,unseen_or_ambiguous_to_UNK,False
sub-ccepAgeUMCU38,F29,L,G_precentral,lh_G_precentral,unique_hemi_stem_match,True
sub-ccepAgeUMCU38,F30,L,G&S_subcentral,UNK,unseen_or_ambiguous_to_UNK,False
sub-ccepAgeUMCU38,F31,L,G_postcentral,lh_G_postcentral,unique_hemi_stem_match,True
sub-ccepAgeUMCU38,F32,L,G_pariet_inf-Supramar,lh_G_pariet_inf-Supramar,unique_hemi_stem_match,True
sub-ccepAgeUMCU38,F33,L,G_front_middle,lh_G_front_middle,unique_hemi_stem_match,True
sub-ccepAgeUMCU38,F34,L,G_front_inf-Triangul,lh_G_front_inf-Triangul,unique_hemi_stem_match,True
sub-ccepAgeUMCU38,F35,L,G_front_inf-Triangul,lh_G_front_inf-Triangul,unique_hemi_stem_match,True
sub-ccepAgeUMCU38,F36,L,G_front_inf-Triangul,lh_G_front_inf-Triangul,unique_hemi_stem_match,True
sub-ccepAgeUMCU38,F37,L,G_front_inf-Opercular,UNK,unseen_or_ambiguous_to_UNK,False
sub-ccepAgeUMCU38,F38,L,G&S_subcentral,UNK,unseen_or_ambiguous_to_UNK,False
sub-ccepAgeUMCU38,F39,L,G&S_subcentral,UNK,unseen_or_ambiguous_to_UNK,False
sub-ccepAgeUMCU38,F40,L,G&S_subcentral,UNK,unseen_or_ambiguous_to_UNK,False
sub-ccepAgeUMCU38,F41,L,G_orbital,UNK,unseen_or_ambiguous_to_UNK,False
sub-ccepAgeUMCU38,F42,L,G_front_inf-Triangul,lh_G_front_inf-Triangul,unique_hemi_stem_match,True
sub-ccepAgeUMCU38,F43,L,G_front_inf-Triangul,lh_G_front_inf-Triangul,unique_hemi_stem_match,True
sub-ccepAgeUMCU38,F44,L,G_front_inf-Orbital,UNK,unseen_or_ambiguous_to_UNK,False
sub-ccepAgeUMCU38,F45,L,G_front_inf-Opercular,UNK,unseen_or_ambiguous_to_UNK,False
sub-ccepAgeUMCU38,F46,L,G_temp_sup-Lateral,lh_G_temp_sup-Lateral,unique_hemi_stem_match,True
sub-ccepAgeUMCU38,F47,L,G_temp_sup-Lateral,lh_G_temp_sup-Lateral,unique_hemi_stem_match,True
sub-ccepAgeUMCU38,F48,L,G_temp_sup-Lateral,lh_G_temp_sup-Lateral,unique_hemi_stem_match,True
sub-ccepAgeUMCU38,P49,L,G_occipital_middle,UNK,unseen_or_ambiguous_to_UNK,False
sub-ccepAgeUMCU38,P50,L,G_occipital_middle,UNK,unseen_or_ambiguous_to_UNK,False
sub-ccepAgeUMCU38,P51,L,S_temporal_sup,lh_S_temporal_sup,unique_hemi_stem_match,True
sub-ccepAgeUMCU38,P52,L,G_pariet_inf-Angular,UNK,unseen_or_ambiguous_to_UNK,False
sub-ccepAgeUMCU38,P53,L,G_pariet_inf-Angular,UNK,unseen_or_ambiguous_to_UNK,False
sub-ccepAgeUMCU38,P54,L,G_pariet_inf-Supramar,lh_G_pariet_inf-Supramar,unique_hemi_stem_match,True
sub-ccepAgeUMCU38,P55,L,G_pariet_inf-Supramar,lh_G_pariet_inf-Supramar,unique_hemi_stem_match,True
sub-ccepAgeUMCU38,P56,L,G_pariet_inf-Supramar,lh_G_pariet_inf-Supramar,unique_hemi_stem_match,True
sub-ccepAgeUMCU38,P57,L,G_pariet_inf-Angular,UNK,unseen_or_ambiguous_to_UNK,False
sub-ccepAgeUMCU38,P58,L,G_pariet_inf-Angular,UNK,unseen_or_ambiguous_to_UNK,False
sub-ccepAgeUMCU38,P59,L,G_pariet_inf-Angular,UNK,unseen_or_ambiguous_to_UNK,False
sub-ccepAgeUMCU38,P60,L,G_pariet_inf-Angular,UNK,unseen_or_ambiguous_to_UNK,False
sub-ccepAgeUMCU38,P61,L,G_pariet_inf-Angular,UNK,unseen_or_ambiguous_to_UNK,False
sub-ccepAgeUMCU38,P62,L,G_pariet_inf-Supramar,lh_G_pariet_inf-Supramar,unique_hemi_stem_match,True
sub-ccepAgeUMCU38,P63,L,G_pariet_inf-Supramar,lh_G_pariet_inf-Supramar,unique_hemi_stem_match,True
sub-ccepAgeUMCU38,P64,L,G_pariet_inf-Supramar,lh_G_pariet_inf-Supramar,unique_hemi_stem_match,True
sub-ccepAgeUMCU38,MKR1+,,G_pariet_inf-Supramar,UNK,unseen_or_ambiguous_to_UNK,False
sub-ccepAgeUMCU38,el065,,,UNK,unseen_or_ambiguous_to_UNK,False
sub-ccepAgeUMCU38,el066,,,UNK,unseen_or_ambiguous_to_UNK,False
sub-ccepAgeUMCU38,Dm1,L,G&S_cingul-Mid-Ant,UNK,unseen_or_ambiguous_to_UNK,False
sub-ccepAgeUMCU38,Dm2,L,S_precentral-inf-part,lh_S_precentral-inf-part,unique_hemi_stem_match,True
sub-ccepAgeUMCU38,Dm3,L,S_precentral-inf-part,lh_S_precentral-inf-part,unique_hemi_stem_match,True
sub-ccepAgeUMCU38,Dm4,L,S_front_inf,lh_S_front_inf,unique_hemi_stem_match,True
sub-ccepAgeUMCU38,Dm5,L,S_front_inf,lh_S_front_inf,unique_hemi_stem_match,True
sub-ccepAgeUMCU38,Dm6,L,S_front_inf,lh_S_front_inf,unique_hemi_stem_match,True
sub-ccepAgeUMCU38,el073,,,UNK,unseen_or_ambiguous_to_UNK,False
sub-ccepAgeUMCU38,el074,,,UNK,unseen_or_ambiguous_to_UNK,False
sub-ccepAgeUMCU38,Di1,L,S_precentral-inf-part,lh_S_precentral-inf-part,unique_hemi_stem_match,True
sub-ccepAgeUMCU38,Di2,L,S_precentral-inf-part,lh_S_precentral-inf-part,unique_hemi_stem_match,True
sub-ccepAgeUMCU38,Di3,L,S_precentral-inf-part,lh_S_precentral-inf-part,unique_hemi_stem_match,True
sub-ccepAgeUMCU38,Di4,L,S_precentral-inf-part,lh_S_precentral-inf-part,unique_hemi_stem_match,True
sub-ccepAgeUMCU38,Di5,L,S_precentral-inf-part,lh_S_precentral-inf-part,unique_hemi_stem_match,True
sub-ccepAgeUMCU38,Di6,L,S_precentral-inf-part,lh_S_precentral-inf-part,unique_hemi_stem_match,True
sub-ccepAgeUMCU38,el081,,,UNK,unseen_or_ambiguous_to_UNK,False
sub-ccepAgeUMCU38,el082,,,UNK,unseen_or_ambiguous_to_UNK,False
sub-ccepAgeUMCU38,el083,,,UNK,unseen_or_ambiguous_to_UNK,False
sub-ccepAgeUMCU38,el084,,,UNK,unseen_or_ambiguous_to_UNK,False
sub-ccepAgeUMCU38,el085,,,UNK,unseen_or_ambiguous_to_UNK,False
sub-ccepAgeUMCU38,el086,,,UNK,unseen_or_ambiguous_to_UNK,False
sub-ccepAgeUMCU38,el087,,,UNK,unseen_or_ambiguous_to_UNK,False
sub-ccepAgeUMCU38,el088,,,UNK,unseen_or_ambiguous_to_UNK,False
sub-ccepAgeUMCU38,AH+,,,UNK,unseen_or_ambiguous_to_UNK,False
sub-ccepAgeUMCU38,ECG+,,,UNK,unseen_or_ambiguous_to_UNK,False
sub-ccepAgeUMCU38,orb+,,,UNK,unseen_or_ambiguous_to_UNK,False
sub-ccepAgeUMCU38,EMG+,,,UNK,unseen_or_ambiguous_to_UNK,False
sub-ccepAgeUMCU38,pB29+,,,UNK,unseen_or_ambiguous_to_UNK,False
sub-ccepAgeUMCU38,el094,,,UNK,unseen_or_ambiguous_to_UNK,False
sub-ccepAgeUMCU38,el095,,,UNK,unseen_or_ambiguous_to_UNK,False
sub-ccepAgeUMCU38,el096,,,UNK,unseen_or_ambiguous_to_UNK,False
sub-ccepAgeUMCU38,el097,,,UNK,unseen_or_ambiguous_to_UNK,False
sub-ccepAgeUMCU38,el098,,,UNK,unseen_or_ambiguous_to_UNK,False
sub-ccepAgeUMCU38,el099,,,UNK,unseen_or_ambiguous_to_UNK,False
sub-ccepAgeUMCU38,el100,,,UNK,unseen_or_ambiguous_to_UNK,False
sub-ccepAgeUMCU38,el101,,,UNK,unseen_or_ambiguous_to_UNK,False
sub-ccepAgeUMCU38,el102,,,UNK,unseen_or_ambiguous_to_UNK,False
sub-ccepAgeUMCU38,el103,,,UNK,unseen_or_ambiguous_to_UNK,False
sub-ccepAgeUMCU38,el104,,,UNK,unseen_or_ambiguous_to_UNK,False
sub-ccepAgeUMCU38,el105,,,UNK,unseen_or_ambiguous_to_UNK,False
sub-ccepAgeUMCU38,el106,,,UNK,unseen_or_ambiguous_to_UNK,False
sub-ccepAgeUMCU38,el107,,,UNK,unseen_or_ambiguous_to_UNK,False
sub-ccepAgeUMCU38,el108,,,UNK,unseen_or_ambiguous_to_UNK,False
sub-ccepAgeUMCU38,el109,,,UNK,unseen_or_ambiguous_to_UNK,False
sub-ccepAgeUMCU38,el110,,,UNK,unseen_or_ambiguous_to_UNK,False
sub-ccepAgeUMCU38,el111,,,UNK,unseen_or_ambiguous_to_UNK,False
sub-ccepAgeUMCU38,el112,,,UNK,unseen_or_ambiguous_to_UNK,False
sub-ccepAgeUMCU38,el113,,,UNK,unseen_or_ambiguous_to_UNK,False
sub-ccepAgeUMCU38,el114,,,UNK,unseen_or_ambiguous_to_UNK,False
sub-ccepAgeUMCU38,el115,,,UNK,unseen_or_ambiguous_to_UNK,False
sub-ccepAgeUMCU38,el116,,,UNK,unseen_or_ambiguous_to_UNK,False
sub-ccepAgeUMCU38,el117,,,UNK,unseen_or_ambiguous_to_UNK,False
sub-ccepAgeUMCU38,el118,,,UNK,unseen_or_ambiguous_to_UNK,False
sub-ccepAgeUMCU38,el119,,,UNK,unseen_or_ambiguous_to_UNK,False
sub-ccepAgeUMCU38,el120,,,UNK,unseen_or_ambiguous_to_UNK,False
sub-ccepAgeUMCU38,el121,,,UNK,unseen_or_ambiguous_to_UNK,False
sub-ccepAgeUMCU38,el122,,,UNK,unseen_or_ambiguous_to_UNK,False
sub-ccepAgeUMCU38,el123,,,UNK,unseen_or_ambiguous_to_UNK,False
sub-ccepAgeUMCU38,el124,,,UNK,unseen_or_ambiguous_to_UNK,False
sub-ccepAgeUMCU38,el125,,,UNK,unseen_or_ambiguous_to_UNK,False
sub-ccepAgeUMCU38,el126,,,UNK,unseen_or_ambiguous_to_UNK,False
sub-ccepAgeUMCU38,el127,,,UNK,unseen_or_ambiguous_to_UNK,False
sub-ccepAgeUMCU38,el128,,,UNK,unseen_or_ambiguous_to_UNK,False
sub-ccepAgeUMCU38,thor+,,,UNK,unseen_or_ambiguous_to_UNK,False
sub-ccepAgeUMCU38,abdo+,,,UNK,unseen_or_ambiguous_to_UNK,False
sub-ccepAgeUMCU38,xyz+,,,UNK,unseen_or_ambiguous_to_UNK,False
sub-ccepAgeUMCU38,MKR2+,,,UNK,unseen_or_ambiguous_to_UNK,False
sub-ccepAgeUMCU39,F01,L,G_front_middle,lh_G_front_middle,unique_hemi_stem_match,True
sub-ccepAgeUMCU39,F02,L,G_front_middle,lh_G_front_middle,unique_hemi_stem_match,True
sub-ccepAgeUMCU39,F03,L,G_front_middle,lh_G_front_middle,unique_hemi_stem_match,True
sub-ccepAgeUMCU39,F04,L,G_front_middle,lh_G_front_middle,unique_hemi_stem_match,True
sub-ccepAgeUMCU39,F05,L,G_precentral,lh_G_precentral,unique_hemi_stem_match,True
sub-ccepAgeUMCU39,F06,L,G_precentral,lh_G_precentral,unique_hemi_stem_match,True
sub-ccepAgeUMCU39,F07,L,G_precentral,lh_G_precentral,unique_hemi_stem_match,True
sub-ccepAgeUMCU39,F08,L,G_precentral,lh_G_precentral,unique_hemi_stem_match,True
sub-ccepAgeUMCU39,F09,L,G_front_middle,lh_G_front_middle,unique_hemi_stem_match,True
sub-ccepAgeUMCU39,F10,L,G_front_inf-Triangul,lh_G_front_inf-Triangul,unique_hemi_stem_match,True
sub-ccepAgeUMCU39,F11,L,G_front_middle,lh_G_front_middle,unique_hemi_stem_match,True
sub-ccepAgeUMCU39,F12,L,G_precentral,lh_G_precentral,unique_hemi_stem_match,True
sub-ccepAgeUMCU39,F13,L,G_precentral,lh_G_precentral,unique_hemi_stem_match,True
sub-ccepAgeUMCU39,F14,L,G_precentral,lh_G_precentral,unique_hemi_stem_match,True
sub-ccepAgeUMCU39,F15,L,G_postcentral,lh_G_postcentral,unique_hemi_stem_match,True
sub-ccepAgeUMCU39,F16,L,G_postcentral,lh_G_postcentral,unique_hemi_stem_match,True
sub-ccepAgeUMCU39,F17,L,G_front_inf-Triangul,lh_G_front_inf-Triangul,unique_hemi_stem_match,True
sub-ccepAgeUMCU39,F18,L,G_front_inf-Triangul,lh_G_front_inf-Triangul,unique_hemi_stem_match,True
sub-ccepAgeUMCU39,F19,L,G_front_inf-Triangul,lh_G_front_inf-Triangul,unique_hemi_stem_match,True
sub-ccepAgeUMCU39,F20,L,G_precentral,lh_G_precentral,unique_hemi_stem_match,True
sub-ccepAgeUMCU39,F21,L,G&S_subcentral,UNK,unseen_or_ambiguous_to_UNK,False
sub-ccepAgeUMCU39,F22,L,G_postcentral,lh_G_postcentral,unique_hemi_stem_match,True
sub-ccepAgeUMCU39,F23,L,G_pariet_inf-Supramar,lh_G_pariet_inf-Supramar,unique_hemi_stem_match,True
sub-ccepAgeUMCU39,F24,L,G_pariet_inf-Supramar,lh_G_pariet_inf-Supramar,unique_hemi_stem_match,True
sub-ccepAgeUMCU39,F25,L,G_front_inf-Orbital,UNK,unseen_or_ambiguous_to_UNK,False
sub-ccepAgeUMCU39,F26,L,G_front_inf-Triangul,lh_G_front_inf-Triangul,unique_hemi_stem_match,True
sub-ccepAgeUMCU39,F27,L,G_front_inf-Opercular,UNK,unseen_or_ambiguous_to_UNK,False
sub-ccepAgeUMCU39,F28,L,G&S_subcentral,UNK,unseen_or_ambiguous_to_UNK,False
sub-ccepAgeUMCU39,F29,L,G&S_subcentral,UNK,unseen_or_ambiguous_to_UNK,False
sub-ccepAgeUMCU39,F30,L,G_pariet_inf-Supramar,lh_G_pariet_inf-Supramar,unique_hemi_stem_match,True
sub-ccepAgeUMCU39,F31,L,G_pariet_inf-Supramar,lh_G_pariet_inf-Supramar,unique_hemi_stem_match,True
sub-ccepAgeUMCU39,F32,L,G_pariet_inf-Supramar,lh_G_pariet_inf-Supramar,unique_hemi_stem_match,True
sub-ccepAgeUMCU39,HF1,L,G_front_middle,lh_G_front_middle,unique_hemi_stem_match,True
sub-ccepAgeUMCU39,HF2,L,G_front_middle,lh_G_front_middle,unique_hemi_stem_match,True
sub-ccepAgeUMCU39,HF3,L,G_front_middle,lh_G_front_middle,unique_hemi_stem_match,True
sub-ccepAgeUMCU39,HF4,L,G_front_middle,lh_G_front_middle,unique_hemi_stem_match,True
sub-ccepAgeUMCU39,HF5,L,G_front_middle,lh_G_front_middle,unique_hemi_stem_match,True
sub-ccepAgeUMCU39,HF6,L,G_front_middle,lh_G_front_middle,unique_hemi_stem_match,True
sub-ccepAgeUMCU39,HF7,L,G_front_middle,lh_G_front_middle,unique_hemi_stem_match,True
sub-ccepAgeUMCU39,HF8,L,G_front_sup,lh_G_front_sup,unique_hemi_stem_match,True
sub-ccepAgeUMCU39,HF9,L,G_front_middle,lh_G_front_middle,unique_hemi_stem_match,True
sub-ccepAgeUMCU39,HF10,L,G_front_middle,lh_G_front_middle,unique_hemi_stem_match,True
sub-ccepAgeUMCU39,HF11,L,G_front_middle,lh_G_front_middle,unique_hemi_stem_match,True
sub-ccepAgeUMCU39,HF12,L,G_front_middle,lh_G_front_middle,unique_hemi_stem_match,True
sub-ccepAgeUMCU39,HF13,L,G_front_middle,lh_G_front_middle,unique_hemi_stem_match,True
sub-ccepAgeUMCU39,HF14,L,G_front_middle,lh_G_front_middle,unique_hemi_stem_match,True
sub-ccepAgeUMCU39,HF15,L,G_front_middle,lh_G_front_middle,unique_hemi_stem_match,True
sub-ccepAgeUMCU39,HF16,L,G_precentral,lh_G_precentral,unique_hemi_stem_match,True
sub-ccepAgeUMCU39,el049,,,UNK,unseen_or_ambiguous_to_UNK,False
sub-ccepAgeUMCU39,el050,,,UNK,unseen_or_ambiguous_to_UNK,False
sub-ccepAgeUMCU39,Dv1,L,S_precentral-inf-part,lh_S_precentral-inf-part,unique_hemi_stem_match,True
sub-ccepAgeUMCU39,Dv2,L,S_precentral-inf-part,lh_S_precentral-inf-part,unique_hemi_stem_match,True
sub-ccepAgeUMCU39,Dv3,L,S_front_inf,lh_S_front_inf,unique_hemi_stem_match,True
sub-ccepAgeUMCU39,Dv4,L,S_front_inf,lh_S_front_inf,unique_hemi_stem_match,True
sub-ccepAgeUMCU39,Dv5,L,S_front_inf,lh_S_front_inf,unique_hemi_stem_match,True
sub-ccepAgeUMCU39,Dv6,L,G_front_middle,lh_G_front_middle,unique_hemi_stem_match,True
sub-ccepAgeUMCU39,el057,,,UNK,unseen_or_ambiguous_to_UNK,False
sub-ccepAgeUMCU39,el058,,,UNK,unseen_or_ambiguous_to_UNK,False
sub-ccepAgeUMCU39,Da1,L,S_precentral-inf-part,lh_S_precentral-inf-part,unique_hemi_stem_match,True
sub-ccepAgeUMCU39,Da2,L,S_precentral-inf-part,lh_S_precentral-inf-part,unique_hemi_stem_match,True
sub-ccepAgeUMCU39,Da3,L,S_precentral-inf-part,lh_S_precentral-inf-part,unique_hemi_stem_match,True
sub-ccepAgeUMCU39,Da4,L,S_front_inf,lh_S_front_inf,unique_hemi_stem_match,True
sub-ccepAgeUMCU39,Da5,L,G_front_middle,lh_G_front_middle,unique_hemi_stem_match,True
sub-ccepAgeUMCU39,Da6,L,S_precentral-inf-part,lh_S_precentral-inf-part,unique_hemi_stem_match,True
sub-ccepAgeUMCU39,MKR1+,,,UNK,unseen_or_ambiguous_to_UNK,False
sub-ccepAgeUMCU39,el065,,,UNK,unseen_or_ambiguous_to_UNK,False
sub-ccepAgeUMCU39,el066,,,UNK,unseen_or_ambiguous_to_UNK,False
sub-ccepAgeUMCU39,el067,,,UNK,unseen_or_ambiguous_to_UNK,False
sub-ccepAgeUMCU39,el068,,,UNK,unseen_or_ambiguous_to_UNK,False
sub-ccepAgeUMCU39,el069,,,UNK,unseen_or_ambiguous_to_UNK,False
sub-ccepAgeUMCU39,el070,,,UNK,unseen_or_ambiguous_to_UNK,False
sub-ccepAgeUMCU39,el071,,,UNK,unseen_or_ambiguous_to_UNK,False
sub-ccepAgeUMCU39,el072,,,UNK,unseen_or_ambiguous_to_UNK,False
sub-ccepAgeUMCU39,el073,,,UNK,unseen_or_ambiguous_to_UNK,False
sub-ccepAgeUMCU39,el074,,,UNK,unseen_or_ambiguous_to_UNK,False
sub-ccepAgeUMCU39,el075,,,UNK,unseen_or_ambiguous_to_UNK,False
sub-ccepAgeUMCU39,el076,,,UNK,unseen_or_ambiguous_to_UNK,False
sub-ccepAgeUMCU39,el077,,,UNK,unseen_or_ambiguous_to_UNK,False
sub-ccepAgeUMCU39,el078,,,UNK,unseen_or_ambiguous_to_UNK,False
sub-ccepAgeUMCU39,el079,,,UNK,unseen_or_ambiguous_to_UNK,False
sub-ccepAgeUMCU39,el080,,,UNK,unseen_or_ambiguous_to_UNK,False
sub-ccepAgeUMCU39,el081,,,UNK,unseen_or_ambiguous_to_UNK,False
sub-ccepAgeUMCU39,el082,,,UNK,unseen_or_ambiguous_to_UNK,False
sub-ccepAgeUMCU39,el083,,,UNK,unseen_or_ambiguous_to_UNK,False
sub-ccepAgeUMCU39,el084,,,UNK,unseen_or_ambiguous_to_UNK,False
sub-ccepAgeUMCU39,el085,,,UNK,unseen_or_ambiguous_to_UNK,False
sub-ccepAgeUMCU39,el086,,,UNK,unseen_or_ambiguous_to_UNK,False
sub-ccepAgeUMCU39,el087,,,UNK,unseen_or_ambiguous_to_UNK,False
sub-ccepAgeUMCU39,el088,,,UNK,unseen_or_ambiguous_to_UNK,False
sub-ccepAgeUMCU39,AH+,,,UNK,unseen_or_ambiguous_to_UNK,False
sub-ccepAgeUMCU39,ECG+,,,UNK,unseen_or_ambiguous_to_UNK,False
sub-ccepAgeUMCU39,orb+,,,UNK,unseen_or_ambiguous_to_UNK,False
sub-ccepAgeUMCU39,el092,,,UNK,unseen_or_ambiguous_to_UNK,False
sub-ccepAgeUMCU39,el093,,,UNK,unseen_or_ambiguous_to_UNK,False
sub-ccepAgeUMCU39,el094,,,UNK,unseen_or_ambiguous_to_UNK,False
sub-ccepAgeUMCU39,el095,,,UNK,unseen_or_ambiguous_to_UNK,False
sub-ccepAgeUMCU39,el096,,,UNK,unseen_or_ambiguous_to_UNK,False
sub-ccepAgeUMCU39,el097,,,UNK,unseen_or_ambiguous_to_UNK,False
sub-ccepAgeUMCU39,el098,,,UNK,unseen_or_ambiguous_to_UNK,False
sub-ccepAgeUMCU39,el099,,,UNK,unseen_or_ambiguous_to_UNK,False
sub-ccepAgeUMCU39,el100,,,UNK,unseen_or_ambiguous_to_UNK,False
sub-ccepAgeUMCU39,el101,,,UNK,unseen_or_ambiguous_to_UNK,False
sub-ccepAgeUMCU39,el102,,,UNK,unseen_or_ambiguous_to_UNK,False
sub-ccepAgeUMCU39,el103,,,UNK,unseen_or_ambiguous_to_UNK,False
sub-ccepAgeUMCU39,el104,,,UNK,unseen_or_ambiguous_to_UNK,False
sub-ccepAgeUMCU39,el105,,,UNK,unseen_or_ambiguous_to_UNK,False
sub-ccepAgeUMCU39,el106,,,UNK,unseen_or_ambiguous_to_UNK,False
sub-ccepAgeUMCU39,el107,,,UNK,unseen_or_ambiguous_to_UNK,False
sub-ccepAgeUMCU39,el108,,,UNK,unseen_or_ambiguous_to_UNK,False
sub-ccepAgeUMCU39,el109,,,UNK,unseen_or_ambiguous_to_UNK,False
sub-ccepAgeUMCU39,el110,,,UNK,unseen_or_ambiguous_to_UNK,False
sub-ccepAgeUMCU39,el111,,,UNK,unseen_or_ambiguous_to_UNK,False
sub-ccepAgeUMCU39,el112,,,UNK,unseen_or_ambiguous_to_UNK,False
sub-ccepAgeUMCU39,el113,,,UNK,unseen_or_ambiguous_to_UNK,False
sub-ccepAgeUMCU39,el114,,,UNK,unseen_or_ambiguous_to_UNK,False
sub-ccepAgeUMCU39,el115,,,UNK,unseen_or_ambiguous_to_UNK,False
sub-ccepAgeUMCU39,el116,,,UNK,unseen_or_ambiguous_to_UNK,False
sub-ccepAgeUMCU39,el117,,,UNK,unseen_or_ambiguous_to_UNK,False
sub-ccepAgeUMCU39,el118,,,UNK,unseen_or_ambiguous_to_UNK,False
sub-ccepAgeUMCU39,el119,,,UNK,unseen_or_ambiguous_to_UNK,False
sub-ccepAgeUMCU39,el120,,,UNK,unseen_or_ambiguous_to_UNK,False
sub-ccepAgeUMCU39,el121,,,UNK,unseen_or_ambiguous_to_UNK,False
sub-ccepAgeUMCU39,el122,,,UNK,unseen_or_ambiguous_to_UNK,False
sub-ccepAgeUMCU39,el123,,,UNK,unseen_or_ambiguous_to_UNK,False
sub-ccepAgeUMCU39,el124,,,UNK,unseen_or_ambiguous_to_UNK,False
sub-ccepAgeUMCU39,el125,,,UNK,unseen_or_ambiguous_to_UNK,False
sub-ccepAgeUMCU39,el126,,,UNK,unseen_or_ambiguous_to_UNK,False
sub-ccepAgeUMCU39,el127,,,UNK,unseen_or_ambiguous_to_UNK,False
sub-ccepAgeUMCU39,el128,,,UNK,unseen_or_ambiguous_to_UNK,False
sub-ccepAgeUMCU39,thor+,,,UNK,unseen_or_ambiguous_to_UNK,False
sub-ccepAgeUMCU39,abdo+,,,UNK,unseen_or_ambiguous_to_UNK,False
sub-ccepAgeUMCU39,xyz+,,,UNK,unseen_or_ambiguous_to_UNK,False
sub-ccepAgeUMCU39,MKR2+,,,UNK,unseen_or_ambiguous_to_UNK,False
sub-ccepAgeUMCU40,FB1,L,G_front_inf-Opercular,UNK,unseen_or_ambiguous_to_UNK,False
sub-ccepAgeUMCU40,FB2,L,G_temp_sup-Lateral,lh_G_temp_sup-Lateral,unique_hemi_stem_match,True
sub-ccepAgeUMCU40,FB3,L,G_temp_sup-Lateral,lh_G_temp_sup-Lateral,unique_hemi_stem_match,True
sub-ccepAgeUMCU40,FB4,L,G_temporal_middle,lh_G_temporal_middle,unique_hemi_stem_match,True
sub-ccepAgeUMCU40,FB5,L,G_temporal_middle,lh_G_temporal_middle,unique_hemi_stem_match,True
sub-ccepAgeUMCU40,FB6,L,G_temporal_inf,lh_G_temporal_inf,unique_hemi_stem_match,True
sub-ccepAgeUMCU40,FB7,L,G_temporal_inf,lh_G_temporal_inf,unique_hemi_stem_match,True
sub-ccepAgeUMCU40,FB8,L,G_temporal_inf,lh_G_temporal_inf,unique_hemi_stem_match,True
sub-ccepAgeUMCU40,IHv1,L,G_rectus,lh_G_rectus,unique_hemi_stem_match,True
sub-ccepAgeUMCU40,IHv2,L,G_rectus,lh_G_rectus,unique_hemi_stem_match,True
sub-ccepAgeUMCU40,IHv3,L,G&S_transv_frontopol,UNK,unseen_or_ambiguous_to_UNK,False
sub-ccepAgeUMCU40,IHv4,L,G&S_transv_frontopol,UNK,unseen_or_ambiguous_to_UNK,False
sub-ccepAgeUMCU40,IHv5,L,G_front_sup,lh_G_front_sup,unique_hemi_stem_match,True
sub-ccepAgeUMCU40,IHv6,L,G_front_sup,lh_G_front_sup,unique_hemi_stem_match,True
sub-ccepAgeUMCU40,IHv7,L,G_front_sup,lh_G_front_sup,unique_hemi_stem_match,True
sub-ccepAgeUMCU40,IHv8,L,G_front_sup,lh_G_front_sup,unique_hemi_stem_match,True
sub-ccepAgeUMCU40,IHa1,L,,UNK,unseen_or_ambiguous_to_UNK,False
sub-ccepAgeUMCU40,IHa2,L,,UNK,unseen_or_ambiguous_to_UNK,False
sub-ccepAgeUMCU40,IHa3,L,G&S_cingul-Ant,lh_G&S_cingul-Ant,unique_hemi_stem_match,True
sub-ccepAgeUMCU40,IHa4,L,G&S_cingul-Ant,lh_G&S_cingul-Ant,unique_hemi_stem_match,True
sub-ccepAgeUMCU40,IHa5,L,G_front_sup,lh_G_front_sup,unique_hemi_stem_match,True
sub-ccepAgeUMCU40,IHa6,L,G_front_sup,lh_G_front_sup,unique_hemi_stem_match,True
sub-ccepAgeUMCU40,IHa7,L,G_front_sup,lh_G_front_sup,unique_hemi_stem_match,True
sub-ccepAgeUMCU40,IHa8,L,G_front_sup,lh_G_front_sup,unique_hemi_stem_match,True
sub-ccepAgeUMCU40,AH+,,,UNK,unseen_or_ambiguous_to_UNK,False
sub-ccepAgeUMCU40,ECG+,,,UNK,unseen_or_ambiguous_to_UNK,False
sub-ccepAgeUMCU40,orb+,,,UNK,unseen_or_ambiguous_to_UNK,False
sub-ccepAgeUMCU40,EMG4+,,,UNK,unseen_or_ambiguous_to_UNK,False
sub-ccepAgeUMCU40,C29,,,UNK,unseen_or_ambiguous_to_UNK,False
sub-ccepAgeUMCU40,C30,,,UNK,unseen_or_ambiguous_to_UNK,False
sub-ccepAgeUMCU40,C31,,,UNK,unseen_or_ambiguous_to_UNK,False
sub-ccepAgeUMCU40,C32,,,UNK,unseen_or_ambiguous_to_UNK,False
sub-ccepAgeUMCU40,Fp01,L,G_subcallosal,UNK,unseen_or_ambiguous_to_UNK,False
sub-ccepAgeUMCU40,Fp02,L,G_rectus,lh_G_rectus,unique_hemi_stem_match,True
sub-ccepAgeUMCU40,Fp03,L,G_orbital,UNK,unseen_or_ambiguous_to_UNK,False
sub-ccepAgeUMCU40,Fp04,L,G_orbital,UNK,unseen_or_ambiguous_to_UNK,False
sub-ccepAgeUMCU40,Fp05,L,S_orbital-H_Shaped,lh_S_orbital-H_Shaped,unique_hemi_stem_match,True
sub-ccepAgeUMCU40,Fp06,L,G_orbital,UNK,unseen_or_ambiguous_to_UNK,False
sub-ccepAgeUMCU40,Fp07,L,G_orbital,UNK,unseen_or_ambiguous_to_UNK,False
sub-ccepAgeUMCU40,Fp08,L,G_front_middle,lh_G_front_middle,unique_hemi_stem_match,True
sub-ccepAgeUMCU40,Fp09,L,G_subcallosal,UNK,unseen_or_ambiguous_to_UNK,False
sub-ccepAgeUMCU40,Fp10,L,G_rectus,lh_G_rectus,unique_hemi_stem_match,True
sub-ccepAgeUMCU40,Fp11,L,G_orbital,UNK,unseen_or_ambiguous_to_UNK,False
sub-ccepAgeUMCU40,Fp12,L,S_orbital-H_Shaped,lh_S_orbital-H_Shaped,unique_hemi_stem_match,True
sub-ccepAgeUMCU40,Fp13,L,G_orbital,UNK,unseen_or_ambiguous_to_UNK,False
sub-ccepAgeUMCU40,Fp14,L,G_orbital,UNK,unseen_or_ambiguous_to_UNK,False
sub-ccepAgeUMCU40,Fp15,L,G_orbital,UNK,unseen_or_ambiguous_to_UNK,False
sub-ccepAgeUMCU40,Fp16,L,G_front_inf-Triangul,lh_G_front_inf-Triangul,unique_hemi_stem_match,True
sub-ccepAgeUMCU40,C01,L,G_precentral,lh_G_precentral,unique_hemi_stem_match,True
sub-ccepAgeUMCU40,C02,L,G_front_sup,lh_G_front_sup,unique_hemi_stem_match,True
sub-ccepAgeUMCU40,C03,L,G_front_middle,lh_G_front_middle,unique_hemi_stem_match,True
sub-ccepAgeUMCU40,C04,L,G_front_middle,lh_G_front_middle,unique_hemi_stem_match,True
sub-ccepAgeUMCU40,C05,L,G_front_middle,lh_G_front_middle,unique_hemi_stem_match,True
sub-ccepAgeUMCU40,C06,L,G_front_middle,lh_G_front_middle,unique_hemi_stem_match,True
sub-ccepAgeUMCU40,C07,L,G_front_middle,lh_G_front_middle,unique_hemi_stem_match,True
sub-ccepAgeUMCU40,C08,L,G_front_middle,lh_G_front_middle,unique_hemi_stem_match,True
sub-ccepAgeUMCU40,C09,L,G_front_sup,lh_G_front_sup,unique_hemi_stem_match,True
sub-ccepAgeUMCU40,C10,L,G_front_sup,lh_G_front_sup,unique_hemi_stem_match,True
sub-ccepAgeUMCU40,C11,L,G_front_middle,lh_G_front_middle,unique_hemi_stem_match,True
sub-ccepAgeUMCU40,C12,L,G_front_middle,lh_G_front_middle,unique_hemi_stem_match,True
sub-ccepAgeUMCU40,C13,L,G_front_middle,lh_G_front_middle,unique_hemi_stem_match,True
sub-ccepAgeUMCU40,C14,L,G_front_middle,lh_G_front_middle,unique_hemi_stem_match,True
sub-ccepAgeUMCU40,C15,L,G_front_middle,lh_G_front_middle,unique_hemi_stem_match,True
sub-ccepAgeUMCU40,C16,L,G_front_middle,lh_G_front_middle,unique_hemi_stem_match,True
sub-ccepAgeUMCU40,thor+,,,UNK,unseen_or_ambiguous_to_UNK,False
sub-ccepAgeUMCU40,abdo+,,,UNK,unseen_or_ambiguous_to_UNK,False
sub-ccepAgeUMCU40,xyz+,,,UNK,unseen_or_ambiguous_to_UNK,False
sub-ccepAgeUMCU40,MKR+,,,UNK,unseen_or_ambiguous_to_UNK,False
sub-ccepAgeUMCU41,TP01,L,G_occipital_middle,UNK,unseen_or_ambiguous_to_UNK,False
sub-ccepAgeUMCU41,TP02,L,G&S_occipital_inf,UNK,unseen_or_ambiguous_to_UNK,False
sub-ccepAgeUMCU41,TP03,L,S_temporal_inf,lh_S_temporal_inf,unique_hemi_stem_match,True
sub-ccepAgeUMCU41,TP04,L,G_temporal_inf,lh_G_temporal_inf,unique_hemi_stem_match,True
sub-ccepAgeUMCU41,TP05,L,G_temporal_inf,lh_G_temporal_inf,unique_hemi_stem_match,True
sub-ccepAgeUMCU41,TP06,L,G_temporal_inf,lh_G_temporal_inf,unique_hemi_stem_match,True
sub-ccepAgeUMCU41,TP07,L,G_temporal_inf,lh_G_temporal_inf,unique_hemi_stem_match,True
sub-ccepAgeUMCU41,TP08,L,G_temporal_middle,lh_G_temporal_middle,unique_hemi_stem_match,True
sub-ccepAgeUMCU41,TP09,L,G_occipital_middle,UNK,unseen_or_ambiguous_to_UNK,False
sub-ccepAgeUMCU41,TP10,L,S_occipital_ant,UNK,unseen_or_ambiguous_to_UNK,False
sub-ccepAgeUMCU41,TP11,L,S_temporal_inf,lh_S_temporal_inf,unique_hemi_stem_match,True
sub-ccepAgeUMCU41,TP12,L,S_temporal_inf,lh_S_temporal_inf,unique_hemi_stem_match,True
sub-ccepAgeUMCU41,TP13,L,G_temporal_inf,lh_G_temporal_inf,unique_hemi_stem_match,True
sub-ccepAgeUMCU41,TP14,L,G_temporal_inf,lh_G_temporal_inf,unique_hemi_stem_match,True
sub-ccepAgeUMCU41,TP15,L,G_temporal_middle,lh_G_temporal_middle,unique_hemi_stem_match,True
sub-ccepAgeUMCU41,TP16,L,G_temporal_middle,lh_G_temporal_middle,unique_hemi_stem_match,True
sub-ccepAgeUMCU41,TP17,L,G_occipital_middle,UNK,unseen_or_ambiguous_to_UNK,False
sub-ccepAgeUMCU41,TP18,L,G_temporal_middle,lh_G_temporal_middle,unique_hemi_stem_match,True
sub-ccepAgeUMCU41,TP19,L,G_temporal_middle,lh_G_temporal_middle,unique_hemi_stem_match,True
sub-ccepAgeUMCU41,TP20,L,G_temporal_middle,lh_G_temporal_middle,unique_hemi_stem_match,True
sub-ccepAgeUMCU41,TP21,L,G_temporal_middle,lh_G_temporal_middle,unique_hemi_stem_match,True
sub-ccepAgeUMCU41,TP22,L,G_temporal_middle,lh_G_temporal_middle,unique_hemi_stem_match,True
sub-ccepAgeUMCU41,TP23,L,G_temporal_middle,lh_G_temporal_middle,unique_hemi_stem_match,True
sub-ccepAgeUMCU41,TP24,L,G_temporal_middle,lh_G_temporal_middle,unique_hemi_stem_match,True
sub-ccepAgeUMCU41,TP25,L,S_temporal_sup,lh_S_temporal_sup,unique_hemi_stem_match,True
sub-ccepAgeUMCU41,TP26,L,G_temporal_middle,lh_G_temporal_middle,unique_hemi_stem_match,True
sub-ccepAgeUMCU41,TP27,L,G_pariet_inf-Angular,UNK,unseen_or_ambiguous_to_UNK,False
sub-ccepAgeUMCU41,TP28,L,G_temp_sup-Lateral,lh_G_temp_sup-Lateral,unique_hemi_stem_match,True
sub-ccepAgeUMCU41,TP29,L,G_temporal_middle,lh_G_temporal_middle,unique_hemi_stem_match,True
sub-ccepAgeUMCU41,TP30,L,G_temporal_middle,lh_G_temporal_middle,unique_hemi_stem_match,True
sub-ccepAgeUMCU41,TP31,L,G_temporal_middle,lh_G_temporal_middle,unique_hemi_stem_match,True
sub-ccepAgeUMCU41,TP32,L,G_temp_sup-Lateral,lh_G_temp_sup-Lateral,unique_hemi_stem_match,True
sub-ccepAgeUMCU41,TP33,L,G_pariet_inf-Angular,UNK,unseen_or_ambiguous_to_UNK,False
sub-ccepAgeUMCU41,TP34,L,S_interm_prim-Jensen,lh_S_interm_prim-Jensen,unique_hemi_stem_match,True
sub-ccepAgeUMCU41,TP35,L,G_pariet_inf-Supramar,lh_G_pariet_inf-Supramar,unique_hemi_stem_match,True
sub-ccepAgeUMCU41,TP36,L,G_pariet_inf-Supramar,lh_G_pariet_inf-Supramar,unique_hemi_stem_match,True
sub-ccepAgeUMCU41,TP37,L,G_pariet_inf-Supramar,lh_G_pariet_inf-Supramar,unique_hemi_stem_match,True
sub-ccepAgeUMCU41,TP38,L,G_pariet_inf-Supramar,lh_G_pariet_inf-Supramar,unique_hemi_stem_match,True
sub-ccepAgeUMCU41,TP39,L,G_temp_sup-Plan_tempo,lh_G_temp_sup-Plan_tempo,unique_hemi_stem_match,True
sub-ccepAgeUMCU41,TP40,L,G_temp_sup-G_T_transv,UNK,unseen_or_ambiguous_to_UNK,False
sub-ccepAgeUMCU41,TP41,L,G_pariet_inf-Angular,UNK,unseen_or_ambiguous_to_UNK,False
sub-ccepAgeUMCU41,TP42,L,G_pariet_inf-Supramar,lh_G_pariet_inf-Supramar,unique_hemi_stem_match,True
sub-ccepAgeUMCU41,TP43,L,G_temp_sup-Plan_tempo,lh_G_temp_sup-Plan_tempo,unique_hemi_stem_match,True
sub-ccepAgeUMCU41,TP44,L,G_pariet_inf-Supramar,lh_G_pariet_inf-Supramar,unique_hemi_stem_match,True
sub-ccepAgeUMCU41,TP45,L,G_pariet_inf-Supramar,lh_G_pariet_inf-Supramar,unique_hemi_stem_match,True
sub-ccepAgeUMCU41,TP46,L,G&S_subcentral,UNK,unseen_or_ambiguous_to_UNK,False
sub-ccepAgeUMCU41,TP47,L,G&S_subcentral,UNK,unseen_or_ambiguous_to_UNK,False
sub-ccepAgeUMCU41,TP48,L,G&S_subcentral,UNK,unseen_or_ambiguous_to_UNK,False
sub-ccepAgeUMCU41,T49,L,G_temp_sup-Lateral,lh_G_temp_sup-Lateral,unique_hemi_stem_match,True
sub-ccepAgeUMCU41,T50,L,G_temp_sup-Lateral,lh_G_temp_sup-Lateral,unique_hemi_stem_match,True
sub-ccepAgeUMCU41,T51,L,G_temp_sup-Lateral,lh_G_temp_sup-Lateral,unique_hemi_stem_match,True
sub-ccepAgeUMCU41,T52,L,G_temp_sup-Lateral,lh_G_temp_sup-Lateral,unique_hemi_stem_match,True
sub-ccepAgeUMCU41,T53,L,G_temp_sup-Lateral,lh_G_temp_sup-Lateral,unique_hemi_stem_match,True
sub-ccepAgeUMCU41,T54,L,G_front_inf-Opercular,UNK,unseen_or_ambiguous_to_UNK,False
sub-ccepAgeUMCU41,T55,L,G&S_subcentral,UNK,unseen_or_ambiguous_to_UNK,False
sub-ccepAgeUMCU41,T56,L,G&S_subcentral,UNK,unseen_or_ambiguous_to_UNK,False
sub-ccepAgeUMCU41,T57,L,Pole_temporal,UNK,unseen_or_ambiguous_to_UNK,False
sub-ccepAgeUMCU41,T58,L,Pole_temporal,UNK,unseen_or_ambiguous_to_UNK,False
sub-ccepAgeUMCU41,T59,L,G_temporal_middle,lh_G_temporal_middle,unique_hemi_stem_match,True
sub-ccepAgeUMCU41,T60,L,G_temporal_middle,lh_G_temporal_middle,unique_hemi_stem_match,True
sub-ccepAgeUMCU41,T61,L,G_temp_sup-Lateral,lh_G_temp_sup-Lateral,unique_hemi_stem_match,True
sub-ccepAgeUMCU41,T62,L,G_temp_sup-Lateral,lh_G_temp_sup-Lateral,unique_hemi_stem_match,True
sub-ccepAgeUMCU41,T63,L,G_temp_sup-Plan_tempo,lh_G_temp_sup-Plan_tempo,unique_hemi_stem_match,True
sub-ccepAgeUMCU41,T64,L,G&S_subcentral,UNK,unseen_or_ambiguous_to_UNK,False
sub-ccepAgeUMCU41,MKR1+,,,UNK,unseen_or_ambiguous_to_UNK,False
sub-ccepAgeUMCU41,el065,,,UNK,unseen_or_ambiguous_to_UNK,False
sub-ccepAgeUMCU41,el066,,,UNK,unseen_or_ambiguous_to_UNK,False
sub-ccepAgeUMCU41,el067,,,UNK,unseen_or_ambiguous_to_UNK,False
sub-ccepAgeUMCU41,el068,,,UNK,unseen_or_ambiguous_to_UNK,False
sub-ccepAgeUMCU41,el069,,,UNK,unseen_or_ambiguous_to_UNK,False
sub-ccepAgeUMCU41,el070,,,UNK,unseen_or_ambiguous_to_UNK,False
sub-ccepAgeUMCU41,el071,,,UNK,unseen_or_ambiguous_to_UNK,False
sub-ccepAgeUMCU41,el072,,,UNK,unseen_or_ambiguous_to_UNK,False
sub-ccepAgeUMCU41,el073,,,UNK,unseen_or_ambiguous_to_UNK,False
sub-ccepAgeUMCU41,el074,,,UNK,unseen_or_ambiguous_to_UNK,False
sub-ccepAgeUMCU41,el075,,,UNK,unseen_or_ambiguous_to_UNK,False
sub-ccepAgeUMCU41,el076,,,UNK,unseen_or_ambiguous_to_UNK,False
sub-ccepAgeUMCU41,el077,,,UNK,unseen_or_ambiguous_to_UNK,False
sub-ccepAgeUMCU41,el078,,,UNK,unseen_or_ambiguous_to_UNK,False
sub-ccepAgeUMCU41,el079,,,UNK,unseen_or_ambiguous_to_UNK,False
sub-ccepAgeUMCU41,el080,,,UNK,unseen_or_ambiguous_to_UNK,False
sub-ccepAgeUMCU41,el081,,,UNK,unseen_or_ambiguous_to_UNK,False
sub-ccepAgeUMCU41,el082,,,UNK,unseen_or_ambiguous_to_UNK,False
sub-ccepAgeUMCU41,el083,,,UNK,unseen_or_ambiguous_to_UNK,False
sub-ccepAgeUMCU41,el084,,,UNK,unseen_or_ambiguous_to_UNK,False
sub-ccepAgeUMCU41,el085,,,UNK,unseen_or_ambiguous_to_UNK,False
sub-ccepAgeUMCU41,el086,,,UNK,unseen_or_ambiguous_to_UNK,False
sub-ccepAgeUMCU41,el087,,,UNK,unseen_or_ambiguous_to_UNK,False
sub-ccepAgeUMCU41,el088,,,UNK,unseen_or_ambiguous_to_UNK,False
sub-ccepAgeUMCU41,AH+,,,UNK,unseen_or_ambiguous_to_UNK,False
sub-ccepAgeUMCU41,ECG+,,,UNK,unseen_or_ambiguous_to_UNK,False
sub-ccepAgeUMCU41,orb+,,,UNK,unseen_or_ambiguous_to_UNK,False
sub-ccepAgeUMCU41,emg1+,,,UNK,unseen_or_ambiguous_to_UNK,False
sub-ccepAgeUMCU41,emg2+,,,UNK,unseen_or_ambiguous_to_UNK,False
sub-ccepAgeUMCU41,el094,,,UNK,unseen_or_ambiguous_to_UNK,False
sub-ccepAgeUMCU41,el095,,,UNK,unseen_or_ambiguous_to_UNK,False
sub-ccepAgeUMCU41,el096,,,UNK,unseen_or_ambiguous_to_UNK,False
sub-ccepAgeUMCU41,vT1,L,G_oc-temp_med-Parahip,lh_G_oc-temp_med-Parahip,unique_hemi_stem_match,True
sub-ccepAgeUMCU41,vT2,L,G_oc-temp_med-Parahip,lh_G_oc-temp_med-Parahip,unique_hemi_stem_match,True
sub-ccepAgeUMCU41,vT3,L,G_oc-temp_med-Parahip,lh_G_oc-temp_med-Parahip,unique_hemi_stem_match,True
sub-ccepAgeUMCU41,vT4,L,Pole_temporal,UNK,unseen_or_ambiguous_to_UNK,False
sub-ccepAgeUMCU41,vT5,L,Pole_temporal,UNK,unseen_or_ambiguous_to_UNK,False
sub-ccepAgeUMCU41,vT6,L,Pole_temporal,UNK,unseen_or_ambiguous_to_UNK,False
sub-ccepAgeUMCU41,vT7,L,G_temp_sup-Lateral,lh_G_temp_sup-Lateral,unique_hemi_stem_match,True
sub-ccepAgeUMCU41,vT8,L,G_temp_sup-Lateral,lh_G_temp_sup-Lateral,unique_hemi_stem_match,True
sub-ccepAgeUMCU41,sTv1,L,G_oc-temp_med-Parahip,lh_G_oc-temp_med-Parahip,unique_hemi_stem_match,True
sub-ccepAgeUMCU41,sTv2,L,G_oc-temp_med-Parahip,lh_G_oc-temp_med-Parahip,unique_hemi_stem_match,True
sub-ccepAgeUMCU41,sTv3,L,S_oc-temp_med&Lingual,lh_S_oc-temp_med&Lingual,unique_hemi_stem_match,True
sub-ccepAgeUMCU41,sTv4,L,S_collat_transv_ant,UNK,unseen_or_ambiguous_to_UNK,False
sub-ccepAgeUMCU41,sTv5,L,G_temporal_inf,lh_G_temporal_inf,unique_hemi_stem_match,True
sub-ccepAgeUMCU41,sTv6,L,G_temporal_inf,lh_G_temporal_inf,unique_hemi_stem_match,True
sub-ccepAgeUMCU41,sTv7,L,G_temporal_inf,lh_G_temporal_inf,unique_hemi_stem_match,True
sub-ccepAgeUMCU41,sTv8,L,S_temporal_inf,lh_S_temporal_inf,unique_hemi_stem_match,True
sub-ccepAgeUMCU41,sTm1,L,S_calcarine,UNK,unseen_or_ambiguous_to_UNK,False
sub-ccepAgeUMCU41,sTm2,L,G_oc-temp_med-Lingual,UNK,unseen_or_ambiguous_to_UNK,False
sub-ccepAgeUMCU41,sTm3,L,G_oc-temp_med-Lingual,UNK,unseen_or_ambiguous_to_UNK,False
sub-ccepAgeUMCU41,sTm4,L,G_oc-temp_lat-fusifor,UNK,unseen_or_ambiguous_to_UNK,False
sub-ccepAgeUMCU41,sTm5,L,G_oc-temp_lat-fusifor,UNK,unseen_or_ambiguous_to_UNK,False
sub-ccepAgeUMCU41,sTm6,L,G_oc-temp_lat-fusifor,UNK,unseen_or_ambiguous_to_UNK,False
sub-ccepAgeUMCU41,sTm7,L,G_temporal_inf,lh_G_temporal_inf,unique_hemi_stem_match,True
sub-ccepAgeUMCU41,sTm8,L,G_temporal_inf,lh_G_temporal_inf,unique_hemi_stem_match,True
sub-ccepAgeUMCU41,sTa1,L,S_oc-temp_med&Lingual,lh_S_oc-temp_med&Lingual,unique_hemi_stem_match,True
sub-ccepAgeUMCU41,sTa2,L,S_oc-temp_med&Lingual,lh_S_oc-temp_med&Lingual,unique_hemi_stem_match,True
sub-ccepAgeUMCU41,sTa3,L,G_oc-temp_lat-fusifor,UNK,unseen_or_ambiguous_to_UNK,False
sub-ccepAgeUMCU41,sTa4,L,G_oc-temp_lat-fusifor,UNK,unseen_or_ambiguous_to_UNK,False
sub-ccepAgeUMCU41,sTa5,L,G_temporal_inf,lh_G_temporal_inf,unique_hemi_stem_match,True
sub-ccepAgeUMCU41,sTa6,L,G_temporal_inf,lh_G_temporal_inf,unique_hemi_stem_match,True
sub-ccepAgeUMCU41,sTa7,L,G_temporal_inf,lh_G_temporal_inf,unique_hemi_stem_match,True
sub-ccepAgeUMCU41,sTa8,L,G_oc-temp_med-Lingual,UNK,unseen_or_ambiguous_to_UNK,False
sub-ccepAgeUMCU41,thor+,,,UNK,unseen_or_ambiguous_to_UNK,False
sub-ccepAgeUMCU41,abdo+,,,UNK,unseen_or_ambiguous_to_UNK,False
sub-ccepAgeUMCU41,xyz+,,,UNK,unseen_or_ambiguous_to_UNK,False
sub-ccepAgeUMCU41,MKR2+,,,UNK,unseen_or_ambiguous_to_UNK,False
sub-ccepAgeUMCU42,T01,R,Pole_temporal,rh_Pole_temporal,unique_hemi_stem_match,True
sub-ccepAgeUMCU42,T02,R,G_temp_sup-Lateral,rh_G_temp_sup-Lateral,unique_hemi_stem_match,True
sub-ccepAgeUMCU42,T03,R,G_temporal_middle,rh_G_temporal_middle,unique_hemi_stem_match,True
sub-ccepAgeUMCU42,T04,R,G_temporal_middle,rh_G_temporal_middle,unique_hemi_stem_match,True
sub-ccepAgeUMCU42,T05,R,G_temporal_middle,rh_G_temporal_middle,unique_hemi_stem_match,True
sub-ccepAgeUMCU42,T06,R,G_temporal_middle,rh_G_temporal_middle,unique_hemi_stem_match,True
sub-ccepAgeUMCU42,T07,R,G_temporal_middle,rh_G_temporal_middle,unique_hemi_stem_match,True
sub-ccepAgeUMCU42,T08,R,G_temporal_middle,rh_G_temporal_middle,unique_hemi_stem_match,True
sub-ccepAgeUMCU42,T09,R,G_orbital,rh_G_orbital,unique_hemi_stem_match,True
sub-ccepAgeUMCU42,T10,R,G_temp_sup-Lateral,rh_G_temp_sup-Lateral,unique_hemi_stem_match,True
sub-ccepAgeUMCU42,T11,R,G_temp_sup-Lateral,rh_G_temp_sup-Lateral,unique_hemi_stem_match,True
sub-ccepAgeUMCU42,T12,R,G_temporal_middle,rh_G_temporal_middle,unique_hemi_stem_match,True
sub-ccepAgeUMCU42,T13,R,G_temporal_middle,rh_G_temporal_middle,unique_hemi_stem_match,True
sub-ccepAgeUMCU42,T14,R,G_temp_sup-Lateral,rh_G_temp_sup-Lateral,unique_hemi_stem_match,True
sub-ccepAgeUMCU42,T15,R,G_temp_sup-Lateral,rh_G_temp_sup-Lateral,unique_hemi_stem_match,True
sub-ccepAgeUMCU42,T16,R,G_temporal_middle,rh_G_temporal_middle,unique_hemi_stem_match,True
sub-ccepAgeUMCU42,T17,R,G_orbital,rh_G_orbital,unique_hemi_stem_match,True
sub-ccepAgeUMCU42,T18,R,G_orbital,rh_G_orbital,unique_hemi_stem_match,True
sub-ccepAgeUMCU42,T19,R,G_temp_sup-Lateral,rh_G_temp_sup-Lateral,unique_hemi_stem_match,True
sub-ccepAgeUMCU42,T20,R,G_temp_sup-Lateral,rh_G_temp_sup-Lateral,unique_hemi_stem_match,True
sub-ccepAgeUMCU42,T21,R,G_temp_sup-Lateral,rh_G_temp_sup-Lateral,unique_hemi_stem_match,True
sub-ccepAgeUMCU42,T22,R,G_temp_sup-Lateral,rh_G_temp_sup-Lateral,unique_hemi_stem_match,True
sub-ccepAgeUMCU42,T23,R,G_temp_sup-Lateral,rh_G_temp_sup-Lateral,unique_hemi_stem_match,True
sub-ccepAgeUMCU42,T24,R,G_temp_sup-Lateral,rh_G_temp_sup-Lateral,unique_hemi_stem_match,True
sub-ccepAgeUMCU42,T25,R,G_front_inf-Orbital,rh_G_front_inf-Orbital,unique_hemi_stem_match,True
sub-ccepAgeUMCU42,T26,R,G_front_inf-Orbital,rh_G_front_inf-Orbital,unique_hemi_stem_match,True
sub-ccepAgeUMCU42,T27,R,G_front_inf-Triangul,rh_G_front_inf-Triangul,unique_hemi_stem_match,True
sub-ccepAgeUMCU42,T28,R,G_front_inf-Opercular,UNK,unseen_or_ambiguous_to_UNK,False
sub-ccepAgeUMCU42,T29,R,G&S_subcentral,UNK,unseen_or_ambiguous_to_UNK,False
sub-ccepAgeUMCU42,T30,R,G&S_subcentral,UNK,unseen_or_ambiguous_to_UNK,False
sub-ccepAgeUMCU42,T31,R,G&S_subcentral,UNK,unseen_or_ambiguous_to_UNK,False
sub-ccepAgeUMCU42,T32,R,G_temp_sup-Lateral,rh_G_temp_sup-Lateral,unique_hemi_stem_match,True
sub-ccepAgeUMCU42,O33,R,G_occipital_sup,UNK,unseen_or_ambiguous_to_UNK,False
sub-ccepAgeUMCU42,O34,R,G_occipital_middle,rh_G_occipital_middle,unique_hemi_stem_match,True
sub-ccepAgeUMCU42,O35,R,G_occipital_middle,rh_G_occipital_middle,unique_hemi_stem_match,True
sub-ccepAgeUMCU42,O36,R,G_pariet_inf-Angular,rh_G_pariet_inf-Angular,unique_hemi_stem_match,True
sub-ccepAgeUMCU42,O37,R,G_pariet_inf-Angular,rh_G_pariet_inf-Angular,unique_hemi_stem_match,True
sub-ccepAgeUMCU42,O38,R,G_pariet_inf-Angular,rh_G_pariet_inf-Angular,unique_hemi_stem_match,True
sub-ccepAgeUMCU42,O39,R,G_pariet_inf-Supramar,rh_G_pariet_inf-Supramar,unique_hemi_stem_match,True
sub-ccepAgeUMCU42,O40,R,G_pariet_inf-Supramar,rh_G_pariet_inf-Supramar,unique_hemi_stem_match,True
sub-ccepAgeUMCU42,O41,R,G_occipital_sup,UNK,unseen_or_ambiguous_to_UNK,False
sub-ccepAgeUMCU42,O42,R,G_occipital_sup,UNK,unseen_or_ambiguous_to_UNK,False
sub-ccepAgeUMCU42,O43,R,G_occipital_middle,rh_G_occipital_middle,unique_hemi_stem_match,True
sub-ccepAgeUMCU42,O44,R,G_occipital_middle,rh_G_occipital_middle,unique_hemi_stem_match,True
sub-ccepAgeUMCU42,O45,R,G_pariet_inf-Angular,rh_G_pariet_inf-Angular,unique_hemi_stem_match,True
sub-ccepAgeUMCU42,O46,R,G_pariet_inf-Angular,rh_G_pariet_inf-Angular,unique_hemi_stem_match,True
sub-ccepAgeUMCU42,O47,R,G_pariet_inf-Supramar,rh_G_pariet_inf-Supramar,unique_hemi_stem_match,True
sub-ccepAgeUMCU42,O48,R,G_pariet_inf-Supramar,rh_G_pariet_inf-Supramar,unique_hemi_stem_match,True
sub-ccepAgeUMCU42,O49,R,G_occipital_middle,rh_G_occipital_middle,unique_hemi_stem_match,True
sub-ccepAgeUMCU42,O50,R,G_occipital_middle,rh_G_occipital_middle,unique_hemi_stem_match,True
sub-ccepAgeUMCU42,O51,R,G_occipital_middle,rh_G_occipital_middle,unique_hemi_stem_match,True
sub-ccepAgeUMCU42,O52,R,G_occipital_middle,rh_G_occipital_middle,unique_hemi_stem_match,True
sub-ccepAgeUMCU42,O53,R,G_occipital_middle,rh_G_occipital_middle,unique_hemi_stem_match,True
sub-ccepAgeUMCU42,O54,R,G_temporal_middle,rh_G_temporal_middle,unique_hemi_stem_match,True
sub-ccepAgeUMCU42,O55,R,G_pariet_inf-Supramar,rh_G_pariet_inf-Supramar,unique_hemi_stem_match,True
sub-ccepAgeUMCU42,O56,R,G_temp_sup-Lateral,rh_G_temp_sup-Lateral,unique_hemi_stem_match,True
sub-ccepAgeUMCU42,O57,R,Pole_occipital,UNK,unseen_or_ambiguous_to_UNK,False
sub-ccepAgeUMCU42,O58,R,G_occipital_middle,rh_G_occipital_middle,unique_hemi_stem_match,True
sub-ccepAgeUMCU42,O59,R,G_occipital_middle,rh_G_occipital_middle,unique_hemi_stem_match,True
sub-ccepAgeUMCU42,O60,R,G_occipital_middle,rh_G_occipital_middle,unique_hemi_stem_match,True
sub-ccepAgeUMCU42,O61,R,G_temporal_middle,rh_G_temporal_middle,unique_hemi_stem_match,True
sub-ccepAgeUMCU42,O62,R,G_temporal_middle,rh_G_temporal_middle,unique_hemi_stem_match,True
sub-ccepAgeUMCU42,O63,R,G_temporal_middle,rh_G_temporal_middle,unique_hemi_stem_match,True
sub-ccepAgeUMCU42,O64,R,G_temporal_middle,rh_G_temporal_middle,unique_hemi_stem_match,True
sub-ccepAgeUMCU42,MKR1+,,,UNK,unseen_or_ambiguous_to_UNK,False
sub-ccepAgeUMCU42,xx01,,,UNK,unseen_or_ambiguous_to_UNK,False
sub-ccepAgeUMCU42,xx02,,,UNK,unseen_or_ambiguous_to_UNK,False
sub-ccepAgeUMCU42,xx03,,,UNK,unseen_or_ambiguous_to_UNK,False
sub-ccepAgeUMCU42,xx04,,,UNK,unseen_or_ambiguous_to_UNK,False
sub-ccepAgeUMCU42,xx05,,,UNK,unseen_or_ambiguous_to_UNK,False
sub-ccepAgeUMCU42,xx06,,,UNK,unseen_or_ambiguous_to_UNK,False
sub-ccepAgeUMCU42,xx07,,,UNK,unseen_or_ambiguous_to_UNK,False
sub-ccepAgeUMCU42,xx08,,,UNK,unseen_or_ambiguous_to_UNK,False
sub-ccepAgeUMCU42,xx09,,,UNK,unseen_or_ambiguous_to_UNK,False
sub-ccepAgeUMCU42,xx10,,,UNK,unseen_or_ambiguous_to_UNK,False
sub-ccepAgeUMCU42,xx11,,,UNK,unseen_or_ambiguous_to_UNK,False
sub-ccepAgeUMCU42,xx12,,,UNK,unseen_or_ambiguous_to_UNK,False
sub-ccepAgeUMCU42,xx13,,,UNK,unseen_or_ambiguous_to_UNK,False
sub-ccepAgeUMCU42,xx14,,,UNK,unseen_or_ambiguous_to_UNK,False
sub-ccepAgeUMCU42,xx15,,,UNK,unseen_or_ambiguous_to_UNK,False
sub-ccepAgeUMCU42,xx16,,,UNK,unseen_or_ambiguous_to_UNK,False
sub-ccepAgeUMCU42,xx17,,,UNK,unseen_or_ambiguous_to_UNK,False
sub-ccepAgeUMCU42,xx18,,,UNK,unseen_or_ambiguous_to_UNK,False
sub-ccepAgeUMCU42,xx19,,,UNK,unseen_or_ambiguous_to_UNK,False
sub-ccepAgeUMCU42,xx20,,,UNK,unseen_or_ambiguous_to_UNK,False
sub-ccepAgeUMCU42,xx21,,,UNK,unseen_or_ambiguous_to_UNK,False
sub-ccepAgeUMCU42,xx22,,,UNK,unseen_or_ambiguous_to_UNK,False
sub-ccepAgeUMCU42,xx23,,,UNK,unseen_or_ambiguous_to_UNK,False
sub-ccepAgeUMCU42,xx24,,,UNK,unseen_or_ambiguous_to_UNK,False
sub-ccepAgeUMCU42,AH+,,,UNK,unseen_or_ambiguous_to_UNK,False
sub-ccepAgeUMCU42,ECG+,,,UNK,unseen_or_ambiguous_to_UNK,False
sub-ccepAgeUMCU42,orb+,,,UNK,unseen_or_ambiguous_to_UNK,False
sub-ccepAgeUMCU42,EMG+,,,UNK,unseen_or_ambiguous_to_UNK,False
sub-ccepAgeUMCU42,el093,,,UNK,unseen_or_ambiguous_to_UNK,False
sub-ccepAgeUMCU42,el094,,,UNK,unseen_or_ambiguous_to_UNK,False
sub-ccepAgeUMCU42,el095,,,UNK,unseen_or_ambiguous_to_UNK,False
sub-ccepAgeUMCU42,el096,,,UNK,unseen_or_ambiguous_to_UNK,False
sub-ccepAgeUMCU42,sTv1,R,G_rectus,rh_G_rectus,unique_hemi_stem_match,True
sub-ccepAgeUMCU42,sTv2,R,G_rectus,rh_G_rectus,unique_hemi_stem_match,True
sub-ccepAgeUMCU42,sTv3,R,G_orbital,rh_G_orbital,unique_hemi_stem_match,True
sub-ccepAgeUMCU42,sTv4,R,G_oc-temp_med-Parahip,rh_G_oc-temp_med-Parahip,unique_hemi_stem_match,True
sub-ccepAgeUMCU42,sTv5,R,Pole_temporal,rh_Pole_temporal,unique_hemi_stem_match,True
sub-ccepAgeUMCU42,sTv6,R,Pole_temporal,rh_Pole_temporal,unique_hemi_stem_match,True
sub-ccepAgeUMCU42,sTv7,R,G_temporal_inf,rh_G_temporal_inf,unique_hemi_stem_match,True
sub-ccepAgeUMCU42,sTv8,R,G_temporal_inf,rh_G_temporal_inf,unique_hemi_stem_match,True
sub-ccepAgeUMCU42,sTm1,R,G_oc-temp_med-Parahip,rh_G_oc-temp_med-Parahip,unique_hemi_stem_match,True
sub-ccepAgeUMCU42,sTm2,R,G_oc-temp_med-Parahip,rh_G_oc-temp_med-Parahip,unique_hemi_stem_match,True
sub-ccepAgeUMCU42,sTm3,R,G_oc-temp_med-Parahip,rh_G_oc-temp_med-Parahip,unique_hemi_stem_match,True
sub-ccepAgeUMCU42,sTm4,R,G_oc-temp_lat-fusifor,UNK,unseen_or_ambiguous_to_UNK,False
sub-ccepAgeUMCU42,sTm5,R,G_temporal_inf,rh_G_temporal_inf,unique_hemi_stem_match,True
sub-ccepAgeUMCU42,sTm6,R,G_temporal_inf,rh_G_temporal_inf,unique_hemi_stem_match,True
sub-ccepAgeUMCU42,sTm7,R,G_temporal_middle,rh_G_temporal_middle,unique_hemi_stem_match,True
sub-ccepAgeUMCU42,sTm8,R,G_temp_sup-Lateral,rh_G_temp_sup-Lateral,unique_hemi_stem_match,True
sub-ccepAgeUMCU42,sTa1,R,G_precuneus,rh_G_precuneus,unique_hemi_stem_match,True
sub-ccepAgeUMCU42,sTa2,R,G_oc-temp_med-Lingual,rh_G_oc-temp_med-Lingual,unique_hemi_stem_match,True
sub-ccepAgeUMCU42,sTa3,R,G_oc-temp_med-Lingual,rh_G_oc-temp_med-Lingual,unique_hemi_stem_match,True
sub-ccepAgeUMCU42,sTa4,R,G_oc-temp_lat-fusifor,UNK,unseen_or_ambiguous_to_UNK,False
sub-ccepAgeUMCU42,sTa5,R,G_oc-temp_lat-fusifor,UNK,unseen_or_ambiguous_to_UNK,False
sub-ccepAgeUMCU42,sTa6,R,G_oc-temp_lat-fusifor,UNK,unseen_or_ambiguous_to_UNK,False
sub-ccepAgeUMCU42,sTa7,R,G_oc-temp_lat-fusifor,UNK,unseen_or_ambiguous_to_UNK,False
sub-ccepAgeUMCU42,sTa8,R,G_temporal_inf,rh_G_temporal_inf,unique_hemi_stem_match,True
sub-ccepAgeUMCU42,x1,,,UNK,unseen_or_ambiguous_to_UNK,False
sub-ccepAgeUMCU42,x2,,,UNK,unseen_or_ambiguous_to_UNK,False
sub-ccepAgeUMCU42,D1,R,,UNK,unseen_or_ambiguous_to_UNK,False
sub-ccepAgeUMCU42,D2,R,S_temporal_sup,rh_S_temporal_sup,unique_hemi_stem_match,True
sub-ccepAgeUMCU42,D3,R,S_temporal_sup,rh_S_temporal_sup,unique_hemi_stem_match,True
sub-ccepAgeUMCU42,D4,R,S_temporal_sup,rh_S_temporal_sup,unique_hemi_stem_match,True
sub-ccepAgeUMCU42,D5,R,S_temporal_sup,rh_S_temporal_sup,unique_hemi_stem_match,True
sub-ccepAgeUMCU42,D6,R,G_temp_sup-Lateral,rh_G_temp_sup-Lateral,unique_hemi_stem_match,True
sub-ccepAgeUMCU42,thor+,,,UNK,unseen_or_ambiguous_to_UNK,False
sub-ccepAgeUMCU42,abdo+,,,UNK,unseen_or_ambiguous_to_UNK,False
sub-ccepAgeUMCU42,xyz+,,,UNK,unseen_or_ambiguous_to_UNK,False
sub-ccepAgeUMCU42,MKR2+,,,UNK,unseen_or_ambiguous_to_UNK,False
sub-ccepAgeUMCU43,TP01,L,G_front_middle,lh_G_front_middle,unique_hemi_stem_match,True
sub-ccepAgeUMCU43,TP02,L,G_precentral,lh_G_precentral,unique_hemi_stem_match,True
sub-ccepAgeUMCU43,TP03,L,G_precentral,lh_G_precentral,unique_hemi_stem_match,True
sub-ccepAgeUMCU43,TP04,L,G_precentral,lh_G_precentral,unique_hemi_stem_match,True
sub-ccepAgeUMCU43,TP05,L,G_postcentral,lh_G_postcentral,unique_hemi_stem_match,True
sub-ccepAgeUMCU43,TP06,L,G_postcentral,lh_G_postcentral,unique_hemi_stem_match,True
sub-ccepAgeUMCU43,TP07,L,S_postcentral,lh_S_postcentral,unique_hemi_stem_match,True
sub-ccepAgeUMCU43,TP08,L,S_postcentral,lh_S_postcentral,unique_hemi_stem_match,True
sub-ccepAgeUMCU43,TP09,L,G_front_inf-Opercular,UNK,unseen_or_ambiguous_to_UNK,False
sub-ccepAgeUMCU43,TP10,L,G_precentral,lh_G_precentral,unique_hemi_stem_match,True
sub-ccepAgeUMCU43,TP11,L,G_postcentral,lh_G_postcentral,unique_hemi_stem_match,True
sub-ccepAgeUMCU43,TP12,L,G_postcentral,lh_G_postcentral,unique_hemi_stem_match,True
sub-ccepAgeUMCU43,TP13,L,G_postcentral,lh_G_postcentral,unique_hemi_stem_match,True
sub-ccepAgeUMCU43,TP14,L,G_pariet_inf-Supramar,lh_G_pariet_inf-Supramar,unique_hemi_stem_match,True
sub-ccepAgeUMCU43,TP15,L,G_pariet_inf-Supramar,lh_G_pariet_inf-Supramar,unique_hemi_stem_match,True
sub-ccepAgeUMCU43,TP16,L,G_pariet_inf-Angular,UNK,unseen_or_ambiguous_to_UNK,False
sub-ccepAgeUMCU43,TP17,L,G_front_inf-Opercular,UNK,unseen_or_ambiguous_to_UNK,False
sub-ccepAgeUMCU43,TP18,L,G_precentral,lh_G_precentral,unique_hemi_stem_match,True
sub-ccepAgeUMCU43,TP19,L,G&S_subcentral,UNK,unseen_or_ambiguous_to_UNK,False
sub-ccepAgeUMCU43,TP20,L,G&S_subcentral,UNK,unseen_or_ambiguous_to_UNK,False
sub-ccepAgeUMCU43,TP21,L,G_pariet_inf-Supramar,lh_G_pariet_inf-Supramar,unique_hemi_stem_match,True
sub-ccepAgeUMCU43,TP22,L,G_pariet_inf-Supramar,lh_G_pariet_inf-Supramar,unique_hemi_stem_match,True
sub-ccepAgeUMCU43,TP23,L,G_pariet_inf-Supramar,lh_G_pariet_inf-Supramar,unique_hemi_stem_match,True
sub-ccepAgeUMCU43,TP24,L,G_pariet_inf-Angular,UNK,unseen_or_ambiguous_to_UNK,False
sub-ccepAgeUMCU43,TP25,L,G&S_subcentral,UNK,unseen_or_ambiguous_to_UNK,False
sub-ccepAgeUMCU43,TP26,L,G&S_subcentral,UNK,unseen_or_ambiguous_to_UNK,False
sub-ccepAgeUMCU43,TP27,L,G&S_subcentral,UNK,unseen_or_ambiguous_to_UNK,False
sub-ccepAgeUMCU43,TP28,L,G_pariet_inf-Supramar,lh_G_pariet_inf-Supramar,unique_hemi_stem_match,True
sub-ccepAgeUMCU43,TP29,L,G_pariet_inf-Supramar,lh_G_pariet_inf-Supramar,unique_hemi_stem_match,True
sub-ccepAgeUMCU43,TP30,L,G_pariet_inf-Supramar,lh_G_pariet_inf-Supramar,unique_hemi_stem_match,True
sub-ccepAgeUMCU43,TP31,L,S_interm_prim-Jensen,lh_S_interm_prim-Jensen,unique_hemi_stem_match,True
sub-ccepAgeUMCU43,TP32,L,G_pariet_inf-Angular,UNK,unseen_or_ambiguous_to_UNK,False
sub-ccepAgeUMCU43,TP33,L,G_temp_sup-Lateral,lh_G_temp_sup-Lateral,unique_hemi_stem_match,True
sub-ccepAgeUMCU43,TP34,L,G_temp_sup-Lateral,lh_G_temp_sup-Lateral,unique_hemi_stem_match,True
sub-ccepAgeUMCU43,TP35,L,G_temp_sup-Lateral,lh_G_temp_sup-Lateral,unique_hemi_stem_match,True
sub-ccepAgeUMCU43,TP36,L,G_temp_sup-Lateral,lh_G_temp_sup-Lateral,unique_hemi_stem_match,True
sub-ccepAgeUMCU43,TP37,L,G_temporal_middle,lh_G_temporal_middle,unique_hemi_stem_match,True
sub-ccepAgeUMCU43,TP38,L,G_pariet_inf-Supramar,lh_G_pariet_inf-Supramar,unique_hemi_stem_match,True
sub-ccepAgeUMCU43,TP39,L,G_pariet_inf-Supramar,lh_G_pariet_inf-Supramar,unique_hemi_stem_match,True
sub-ccepAgeUMCU43,TP40,L,G_pariet_inf-Angular,UNK,unseen_or_ambiguous_to_UNK,False
sub-ccepAgeUMCU43,TP41,L,G_temporal_middle,lh_G_temporal_middle,unique_hemi_stem_match,True
sub-ccepAgeUMCU43,TP42,L,G_temporal_middle,lh_G_temporal_middle,unique_hemi_stem_match,True
sub-ccepAgeUMCU43,TP43,L,G_temporal_middle,lh_G_temporal_middle,unique_hemi_stem_match,True
sub-ccepAgeUMCU43,TP44,L,G_temporal_middle,lh_G_temporal_middle,unique_hemi_stem_match,True
sub-ccepAgeUMCU43,TP45,L,G_temporal_middle,lh_G_temporal_middle,unique_hemi_stem_match,True
sub-ccepAgeUMCU43,TP46,L,G_temporal_middle,lh_G_temporal_middle,unique_hemi_stem_match,True
sub-ccepAgeUMCU43,TP47,L,G_temporal_middle,lh_G_temporal_middle,unique_hemi_stem_match,True
sub-ccepAgeUMCU43,TP48,L,G_temporal_middle,lh_G_temporal_middle,unique_hemi_stem_match,True
sub-ccepAgeUMCU43,T49,L,Pole_temporal,UNK,unseen_or_ambiguous_to_UNK,False
sub-ccepAgeUMCU43,T50,L,Pole_temporal,UNK,unseen_or_ambiguous_to_UNK,False
sub-ccepAgeUMCU43,T51,L,Pole_temporal,UNK,unseen_or_ambiguous_to_UNK,False
sub-ccepAgeUMCU43,T52,L,G_temporal_middle,lh_G_temporal_middle,unique_hemi_stem_match,True
sub-ccepAgeUMCU43,T53,L,G_temporal_middle,lh_G_temporal_middle,unique_hemi_stem_match,True
sub-ccepAgeUMCU43,T54,L,G_temporal_middle,lh_G_temporal_middle,unique_hemi_stem_match,True
sub-ccepAgeUMCU43,T55,L,G_temporal_middle,lh_G_temporal_middle,unique_hemi_stem_match,True
sub-ccepAgeUMCU43,T56,L,G_temp_sup-Lateral,lh_G_temp_sup-Lateral,unique_hemi_stem_match,True
sub-ccepAgeUMCU43,T57,L,Pole_temporal,UNK,unseen_or_ambiguous_to_UNK,False
sub-ccepAgeUMCU43,T58,L,Pole_temporal,UNK,unseen_or_ambiguous_to_UNK,False
sub-ccepAgeUMCU43,T59,L,Pole_temporal,UNK,unseen_or_ambiguous_to_UNK,False
sub-ccepAgeUMCU43,T60,L,Pole_temporal,UNK,unseen_or_ambiguous_to_UNK,False
sub-ccepAgeUMCU43,T61,L,G_temporal_inf,lh_G_temporal_inf,unique_hemi_stem_match,True
sub-ccepAgeUMCU43,T62,L,G_temporal_middle,lh_G_temporal_middle,unique_hemi_stem_match,True
sub-ccepAgeUMCU43,T63,L,G_temporal_middle,lh_G_temporal_middle,unique_hemi_stem_match,True
sub-ccepAgeUMCU43,T64,L,G_temporal_middle,lh_G_temporal_middle,unique_hemi_stem_match,True
sub-ccepAgeUMCU43,MKR1+,,,UNK,unseen_or_ambiguous_to_UNK,False
sub-ccepAgeUMCU43,sTv1,L,G_oc-temp_med-Parahip,lh_G_oc-temp_med-Parahip,unique_hemi_stem_match,True
sub-ccepAgeUMCU43,sTv2,L,G_oc-temp_med-Parahip,lh_G_oc-temp_med-Parahip,unique_hemi_stem_match,True
sub-ccepAgeUMCU43,sTv3,L,G_temporal_inf,lh_G_temporal_inf,unique_hemi_stem_match,True
sub-ccepAgeUMCU43,sTv4,L,G_temporal_inf,lh_G_temporal_inf,unique_hemi_stem_match,True
sub-ccepAgeUMCU43,sTv5,L,G_temporal_inf,lh_G_temporal_inf,unique_hemi_stem_match,True
sub-ccepAgeUMCU43,sTv6,L,G_temporal_middle,lh_G_temporal_middle,unique_hemi_stem_match,True
sub-ccepAgeUMCU43,sTv7,L,G_temporal_middle,lh_G_temporal_middle,unique_hemi_stem_match,True
sub-ccepAgeUMCU43,sTv8,L,G_temp_sup-Lateral,lh_G_temp_sup-Lateral,unique_hemi_stem_match,True
sub-ccepAgeUMCU43,sTa1,L,G_cingul-Post-ventral,lh_G_cingul-Post-ventral,unique_hemi_stem_match,True
sub-ccepAgeUMCU43,sTa2,L,G_oc-temp_med-Parahip,lh_G_oc-temp_med-Parahip,unique_hemi_stem_match,True
sub-ccepAgeUMCU43,sTa3,L,G_oc-temp_lat-fusifor,UNK,unseen_or_ambiguous_to_UNK,False
sub-ccepAgeUMCU43,sTa4,L,G_oc-temp_lat-fusifor,UNK,unseen_or_ambiguous_to_UNK,False
sub-ccepAgeUMCU43,sTa5,L,S_collat_transv_ant,UNK,unseen_or_ambiguous_to_UNK,False
sub-ccepAgeUMCU43,sTa6,L,G_temporal_inf,lh_G_temporal_inf,unique_hemi_stem_match,True
sub-ccepAgeUMCU43,sTa7,L,G_temporal_inf,lh_G_temporal_inf,unique_hemi_stem_match,True
sub-ccepAgeUMCU43,sTa8,L,G_temporal_middle,lh_G_temporal_middle,unique_hemi_stem_match,True
sub-ccepAgeUMCU43,OT1,L,S_oc-temp_med&Lingual,lh_S_oc-temp_med&Lingual,unique_hemi_stem_match,True
sub-ccepAgeUMCU43,OT2,L,G_oc-temp_lat-fusifor,UNK,unseen_or_ambiguous_to_UNK,False
sub-ccepAgeUMCU43,OT3,L,G_oc-temp_lat-fusifor,UNK,unseen_or_ambiguous_to_UNK,False
sub-ccepAgeUMCU43,OT4,L,G_temporal_inf,lh_G_temporal_inf,unique_hemi_stem_match,True
sub-ccepAgeUMCU43,OT5,L,G&S_occipital_inf,UNK,unseen_or_ambiguous_to_UNK,False
sub-ccepAgeUMCU43,OT6,L,G&S_occipital_inf,UNK,unseen_or_ambiguous_to_UNK,False
sub-ccepAgeUMCU43,OT7,L,G_oc-temp_lat-fusifor,UNK,unseen_or_ambiguous_to_UNK,False
sub-ccepAgeUMCU43,OT8,L,G_oc-temp_lat-fusifor,UNK,unseen_or_ambiguous_to_UNK,False
sub-ccepAgeUMCU43,AH+,,,UNK,unseen_or_ambiguous_to_UNK,False
sub-ccepAgeUMCU43,ECG+,,,UNK,unseen_or_ambiguous_to_UNK,False
sub-ccepAgeUMCU43,orb+,,,UNK,unseen_or_ambiguous_to_UNK,False
sub-ccepAgeUMCU43,emg1+,,,UNK,unseen_or_ambiguous_to_UNK,False
sub-ccepAgeUMCU43,emg2+,,,UNK,unseen_or_ambiguous_to_UNK,False
sub-ccepAgeUMCU43,Q94,,,UNK,unseen_or_ambiguous_to_UNK,False
sub-ccepAgeUMCU43,Q95,,,UNK,unseen_or_ambiguous_to_UNK,False
sub-ccepAgeUMCU43,Q96,,,UNK,unseen_or_ambiguous_to_UNK,False
sub-ccepAgeUMCU43,Q97,,,UNK,unseen_or_ambiguous_to_UNK,False
sub-ccepAgeUMCU43,Q98,,,UNK,unseen_or_ambiguous_to_UNK,False
sub-ccepAgeUMCU43,Q99,,,UNK,unseen_or_ambiguous_to_UNK,False
sub-ccepAgeUMCU43,Q100,,,UNK,unseen_or_ambiguous_to_UNK,False
sub-ccepAgeUMCU43,Q101,,,UNK,unseen_or_ambiguous_to_UNK,False
sub-ccepAgeUMCU43,Q102,,,UNK,unseen_or_ambiguous_to_UNK,False
sub-ccepAgeUMCU43,Q103,,,UNK,unseen_or_ambiguous_to_UNK,False
sub-ccepAgeUMCU43,Q104,,,UNK,unseen_or_ambiguous_to_UNK,False
sub-ccepAgeUMCU43,Q105,,,UNK,unseen_or_ambiguous_to_UNK,False
sub-ccepAgeUMCU43,Q106,,,UNK,unseen_or_ambiguous_to_UNK,False
sub-ccepAgeUMCU43,Q107,,,UNK,unseen_or_ambiguous_to_UNK,False
sub-ccepAgeUMCU43,Q108,,,UNK,unseen_or_ambiguous_to_UNK,False
sub-ccepAgeUMCU43,Q109,,,UNK,unseen_or_ambiguous_to_UNK,False
sub-ccepAgeUMCU43,Q110,,,UNK,unseen_or_ambiguous_to_UNK,False
sub-ccepAgeUMCU43,Q111,,,UNK,unseen_or_ambiguous_to_UNK,False
sub-ccepAgeUMCU43,Q112,,,UNK,unseen_or_ambiguous_to_UNK,False
sub-ccepAgeUMCU43,Q113,,,UNK,unseen_or_ambiguous_to_UNK,False
sub-ccepAgeUMCU43,Q114,,,UNK,unseen_or_ambiguous_to_UNK,False
sub-ccepAgeUMCU43,Q115,,,UNK,unseen_or_ambiguous_to_UNK,False
sub-ccepAgeUMCU43,Q116,,,UNK,unseen_or_ambiguous_to_UNK,False
sub-ccepAgeUMCU43,Q117,,,UNK,unseen_or_ambiguous_to_UNK,False
sub-ccepAgeUMCU43,Q118,,,UNK,unseen_or_ambiguous_to_UNK,False
sub-ccepAgeUMCU43,Q119,,,UNK,unseen_or_ambiguous_to_UNK,False
sub-ccepAgeUMCU43,Q120,,,UNK,unseen_or_ambiguous_to_UNK,False
sub-ccepAgeUMCU43,Q121,,,UNK,unseen_or_ambiguous_to_UNK,False
sub-ccepAgeUMCU43,Q122,,,UNK,unseen_or_ambiguous_to_UNK,False
sub-ccepAgeUMCU43,Q123,,,UNK,unseen_or_ambiguous_to_UNK,False
sub-ccepAgeUMCU43,Q124,,,UNK,unseen_or_ambiguous_to_UNK,False
sub-ccepAgeUMCU43,Q125,,,UNK,unseen_or_ambiguous_to_UNK,False
sub-ccepAgeUMCU43,Q126,,,UNK,unseen_or_ambiguous_to_UNK,False
sub-ccepAgeUMCU43,Q127,,,UNK,unseen_or_ambiguous_to_UNK,False
sub-ccepAgeUMCU43,Q128,,,UNK,unseen_or_ambiguous_to_UNK,False
sub-ccepAgeUMCU43,thor+,,,UNK,unseen_or_ambiguous_to_UNK,False
sub-ccepAgeUMCU43,abdo+,,,UNK,unseen_or_ambiguous_to_UNK,False
sub-ccepAgeUMCU43,xyz+,,,UNK,unseen_or_ambiguous_to_UNK,False
sub-ccepAgeUMCU43,MKR2+,,,UNK,unseen_or_ambiguous_to_UNK,False
sub-ccepAgeUMCU44,IHv01,R,G_front_sup,rh_G_front_sup,unique_hemi_stem_match,True
sub-ccepAgeUMCU44,IHv02,R,G_front_sup,rh_G_front_sup,unique_hemi_stem_match,True
sub-ccepAgeUMCU44,IHv03,R,G_front_sup,rh_G_front_sup,unique_hemi_stem_match,True
sub-ccepAgeUMCU44,IHv04,R,G_precuneus,rh_G_precuneus,unique_hemi_stem_match,True
sub-ccepAgeUMCU44,IHv05,R,G_precuneus,rh_G_precuneus,unique_hemi_stem_match,True
sub-ccepAgeUMCU44,IHv06,R,G_precuneus,rh_G_precuneus,unique_hemi_stem_match,True
sub-ccepAgeUMCU44,IHv07,R,G_precuneus,rh_G_precuneus,unique_hemi_stem_match,True
sub-ccepAgeUMCU44,IHv08,R,G_precuneus,rh_G_precuneus,unique_hemi_stem_match,True
sub-ccepAgeUMCU44,IHv09,R,G&S_cingul-Mid-Post,rh_G&S_cingul-Mid-Post,unique_hemi_stem_match,True
sub-ccepAgeUMCU44,IHv10,R,G&S_cingul-Mid-Post,rh_G&S_cingul-Mid-Post,unique_hemi_stem_match,True
sub-ccepAgeUMCU44,IHv11,R,G&S_cingul-Mid-Post,rh_G&S_cingul-Mid-Post,unique_hemi_stem_match,True
sub-ccepAgeUMCU44,IHv12,R,G_cingul-Post-dorsal,rh_G_cingul-Post-dorsal,unique_hemi_stem_match,True
sub-ccepAgeUMCU44,IHv13,R,S_subparietal,rh_S_subparietal,unique_hemi_stem_match,True
sub-ccepAgeUMCU44,IHv14,R,S_subparietal,rh_S_subparietal,unique_hemi_stem_match,True
sub-ccepAgeUMCU44,IHv15,R,G_precuneus,rh_G_precuneus,unique_hemi_stem_match,True
sub-ccepAgeUMCU44,IHv16,R,G_precuneus,rh_G_precuneus,unique_hemi_stem_match,True
sub-ccepAgeUMCU44,IHa1,R,G_oc-temp_med-Lingual,rh_G_oc-temp_med-Lingual,unique_hemi_stem_match,True
sub-ccepAgeUMCU44,IHa2,R,G_oc-temp_med-Lingual,rh_G_oc-temp_med-Lingual,unique_hemi_stem_match,True
sub-ccepAgeUMCU44,IHa3,R,G_cuneus,UNK,unseen_or_ambiguous_to_UNK,False
sub-ccepAgeUMCU44,IHa4,R,G_cuneus,UNK,unseen_or_ambiguous_to_UNK,False
sub-ccepAgeUMCU44,IHa5,R,G_oc-temp_med-Lingual,rh_G_oc-temp_med-Lingual,unique_hemi_stem_match,True
sub-ccepAgeUMCU44,IHa6,R,G_oc-temp_med-Lingual,rh_G_oc-temp_med-Lingual,unique_hemi_stem_match,True
sub-ccepAgeUMCU44,IHa7,R,G_cuneus,UNK,unseen_or_ambiguous_to_UNK,False
sub-ccepAgeUMCU44,IHa8,R,G_cuneus,UNK,unseen_or_ambiguous_to_UNK,False
sub-ccepAgeUMCU44,AH+,,,UNK,unseen_or_ambiguous_to_UNK,False
sub-ccepAgeUMCU44,ECG+,,,UNK,unseen_or_ambiguous_to_UNK,False
sub-ccepAgeUMCU44,orb+,,,UNK,unseen_or_ambiguous_to_UNK,False
sub-ccepAgeUMCU44,EMG4+,,,UNK,unseen_or_ambiguous_to_UNK,False
sub-ccepAgeUMCU44,P01,R,G_postcentral,rh_G_postcentral,unique_hemi_stem_match,True
sub-ccepAgeUMCU44,P02,R,G_postcentral,rh_G_postcentral,unique_hemi_stem_match,True
sub-ccepAgeUMCU44,P03,R,G_pariet_inf-Angular,rh_G_pariet_inf-Angular,unique_hemi_stem_match,True
sub-ccepAgeUMCU44,P04,R,G_pariet_inf-Angular,rh_G_pariet_inf-Angular,unique_hemi_stem_match,True
sub-ccepAgeUMCU44,P05,R,G_pariet_inf-Angular,rh_G_pariet_inf-Angular,unique_hemi_stem_match,True
sub-ccepAgeUMCU44,P06,R,G_pariet_inf-Angular,rh_G_pariet_inf-Angular,unique_hemi_stem_match,True
sub-ccepAgeUMCU44,P07,R,G_pariet_inf-Angular,rh_G_pariet_inf-Angular,unique_hemi_stem_match,True
sub-ccepAgeUMCU44,P08,R,G_occipital_middle,rh_G_occipital_middle,unique_hemi_stem_match,True
sub-ccepAgeUMCU44,P09,R,G_postcentral,rh_G_postcentral,unique_hemi_stem_match,True
sub-ccepAgeUMCU44,P10,R,S_postcentral,UNK,unseen_or_ambiguous_to_UNK,False
sub-ccepAgeUMCU44,P11,R,G_parietal_sup,rh_G_parietal_sup,unique_hemi_stem_match,True
sub-ccepAgeUMCU44,P12,R,G_pariet_inf-Angular,rh_G_pariet_inf-Angular,unique_hemi_stem_match,True
sub-ccepAgeUMCU44,P13,R,G_pariet_inf-Angular,rh_G_pariet_inf-Angular,unique_hemi_stem_match,True
sub-ccepAgeUMCU44,P14,R,G_pariet_inf-Angular,rh_G_pariet_inf-Angular,unique_hemi_stem_match,True
sub-ccepAgeUMCU44,P15,R,G_occipital_middle,rh_G_occipital_middle,unique_hemi_stem_match,True
sub-ccepAgeUMCU44,P16,R,G_occipital_middle,rh_G_occipital_middle,unique_hemi_stem_match,True
sub-ccepAgeUMCU44,P17,R,G_postcentral,rh_G_postcentral,unique_hemi_stem_match,True
sub-ccepAgeUMCU44,P18,R,S_postcentral,UNK,unseen_or_ambiguous_to_UNK,False
sub-ccepAgeUMCU44,P19,R,G_parietal_sup,rh_G_parietal_sup,unique_hemi_stem_match,True
sub-ccepAgeUMCU44,P20,R,S_intrapariet&P_trans,rh_S_intrapariet&P_trans,unique_hemi_stem_match,True
sub-ccepAgeUMCU44,P21,R,S_intrapariet&P_trans,rh_S_intrapariet&P_trans,unique_hemi_stem_match,True
sub-ccepAgeUMCU44,P22,R,G_pariet_inf-Angular,rh_G_pariet_inf-Angular,unique_hemi_stem_match,True
sub-ccepAgeUMCU44,P23,R,G_occipital_sup,UNK,unseen_or_ambiguous_to_UNK,False
sub-ccepAgeUMCU44,P24,R,G_occipital_sup,UNK,unseen_or_ambiguous_to_UNK,False
sub-ccepAgeUMCU44,P25,R,G&S_paracentral,UNK,unseen_or_ambiguous_to_UNK,False
sub-ccepAgeUMCU44,P26,R,G_precuneus,rh_G_precuneus,unique_hemi_stem_match,True
sub-ccepAgeUMCU44,P27,R,G_parietal_sup,rh_G_parietal_sup,unique_hemi_stem_match,True
sub-ccepAgeUMCU44,P28,R,G_parietal_sup,rh_G_parietal_sup,unique_hemi_stem_match,True
sub-ccepAgeUMCU44,P29,R,G_parietal_sup,rh_G_parietal_sup,unique_hemi_stem_match,True
sub-ccepAgeUMCU44,P30,R,G_parietal_sup,rh_G_parietal_sup,unique_hemi_stem_match,True
sub-ccepAgeUMCU44,P31,R,G_occipital_sup,UNK,unseen_or_ambiguous_to_UNK,False
sub-ccepAgeUMCU44,P32,R,G_occipital_sup,UNK,unseen_or_ambiguous_to_UNK,False
sub-ccepAgeUMCU44,thor+,,,UNK,unseen_or_ambiguous_to_UNK,False
sub-ccepAgeUMCU44,abdo+,,,UNK,unseen_or_ambiguous_to_UNK,False
sub-ccepAgeUMCU44,xyz+,,,UNK,unseen_or_ambiguous_to_UNK,False
sub-ccepAgeUMCU44,MKR+,,,UNK,unseen_or_ambiguous_to_UNK,False
sub-ccepAgeUMCU45,T01,L,G_temporal_middle,lh_G_temporal_middle,unique_hemi_stem_match,True
sub-ccepAgeUMCU45,T02,L,G_temporal_middle,lh_G_temporal_middle,unique_hemi_stem_match,True
sub-ccepAgeUMCU45,T03,L,G_temporal_middle,lh_G_temporal_middle,unique_hemi_stem_match,True
sub-ccepAgeUMCU45,T04,L,G_temporal_middle,lh_G_temporal_middle,unique_hemi_stem_match,True
sub-ccepAgeUMCU45,T05,L,G_temp_sup-Lateral,lh_G_temp_sup-Lateral,unique_hemi_stem_match,True
sub-ccepAgeUMCU45,T06,L,G_temp_sup-Lateral,lh_G_temp_sup-Lateral,unique_hemi_stem_match,True
sub-ccepAgeUMCU45,T07,L,G_temp_sup-Lateral,lh_G_temp_sup-Lateral,unique_hemi_stem_match,True
sub-ccepAgeUMCU45,T08,L,G_pariet_inf-Supramar,lh_G_pariet_inf-Supramar,unique_hemi_stem_match,True
sub-ccepAgeUMCU45,T09,L,Pole_temporal,UNK,unseen_or_ambiguous_to_UNK,False
sub-ccepAgeUMCU45,T10,L,G_temporal_middle,lh_G_temporal_middle,unique_hemi_stem_match,True
sub-ccepAgeUMCU45,T11,L,G_temporal_middle,lh_G_temporal_middle,unique_hemi_stem_match,True
sub-ccepAgeUMCU45,T12,L,G_temporal_middle,lh_G_temporal_middle,unique_hemi_stem_match,True
sub-ccepAgeUMCU45,T13,L,G_temporal_middle,lh_G_temporal_middle,unique_hemi_stem_match,True
sub-ccepAgeUMCU45,T14,L,G_temp_sup-Lateral,lh_G_temp_sup-Lateral,unique_hemi_stem_match,True
sub-ccepAgeUMCU45,T15,L,G_temp_sup-Lateral,lh_G_temp_sup-Lateral,unique_hemi_stem_match,True
sub-ccepAgeUMCU45,T16,L,G_temp_sup-Lateral,lh_G_temp_sup-Lateral,unique_hemi_stem_match,True
sub-ccepAgeUMCU45,elA17,,,UNK,unseen_or_ambiguous_to_UNK,False
sub-ccepAgeUMCU45,elA18,,,UNK,unseen_or_ambiguous_to_UNK,False
sub-ccepAgeUMCU45,D1,L,S_circular_insula_sup,lh_S_circular_insula_sup,unique_hemi_stem_match,True
sub-ccepAgeUMCU45,D2,L,S_circular_insula_sup,lh_S_circular_insula_sup,unique_hemi_stem_match,True
sub-ccepAgeUMCU45,D3,L,G&S_subcentral,UNK,unseen_or_ambiguous_to_UNK,False
sub-ccepAgeUMCU45,D4,L,G&S_subcentral,UNK,unseen_or_ambiguous_to_UNK,False
sub-ccepAgeUMCU45,D5,L,G&S_subcentral,UNK,unseen_or_ambiguous_to_UNK,False
sub-ccepAgeUMCU45,D6,L,G&S_subcentral,UNK,unseen_or_ambiguous_to_UNK,False
sub-ccepAgeUMCU45,AH1+,,,UNK,unseen_or_ambiguous_to_UNK,False
sub-ccepAgeUMCU45,ECG+,,,UNK,unseen_or_ambiguous_to_UNK,False
sub-ccepAgeUMCU45,orb+,,,UNK,unseen_or_ambiguous_to_UNK,False
sub-ccepAgeUMCU45,emg1+,,,UNK,unseen_or_ambiguous_to_UNK,False
sub-ccepAgeUMCU45,emg2+,,,UNK,unseen_or_ambiguous_to_UNK,False
sub-ccepAgeUMCU45,ECG2+,,,UNK,unseen_or_ambiguous_to_UNK,False
sub-ccepAgeUMCU45,elA31,,,UNK,unseen_or_ambiguous_to_UNK,False
sub-ccepAgeUMCU45,elA32,,,UNK,unseen_or_ambiguous_to_UNK,False
sub-ccepAgeUMCU45,C01,L,S_front_inf,lh_S_front_inf,unique_hemi_stem_match,True
sub-ccepAgeUMCU45,C02,L,S_front_inf,lh_S_front_inf,unique_hemi_stem_match,True
sub-ccepAgeUMCU45,C03,L,S_front_inf,lh_S_front_inf,unique_hemi_stem_match,True
sub-ccepAgeUMCU45,C04,L,G_precentral,lh_G_precentral,unique_hemi_stem_match,True
sub-ccepAgeUMCU45,C05,L,G_precentral,lh_G_precentral,unique_hemi_stem_match,True
sub-ccepAgeUMCU45,C06,L,G_precentral,lh_G_precentral,unique_hemi_stem_match,True
sub-ccepAgeUMCU45,C07,L,G_postcentral,lh_G_postcentral,unique_hemi_stem_match,True
sub-ccepAgeUMCU45,C08,L,G_postcentral,lh_G_postcentral,unique_hemi_stem_match,True
sub-ccepAgeUMCU45,C09,L,G_front_inf-Triangul,lh_G_front_inf-Triangul,unique_hemi_stem_match,True
sub-ccepAgeUMCU45,C10,L,G_front_inf-Opercular,UNK,unseen_or_ambiguous_to_UNK,False
sub-ccepAgeUMCU45,C11,L,G_precentral,lh_G_precentral,unique_hemi_stem_match,True
sub-ccepAgeUMCU45,C12,L,G_precentral,lh_G_precentral,unique_hemi_stem_match,True
sub-ccepAgeUMCU45,C13,L,G_postcentral,lh_G_postcentral,unique_hemi_stem_match,True
sub-ccepAgeUMCU45,C14,L,G_postcentral,lh_G_postcentral,unique_hemi_stem_match,True
sub-ccepAgeUMCU45,C15,L,G_postcentral,lh_G_postcentral,unique_hemi_stem_match,True
sub-ccepAgeUMCU45,C16,L,G_pariet_inf-Supramar,lh_G_pariet_inf-Supramar,unique_hemi_stem_match,True
sub-ccepAgeUMCU45,C17,L,G_front_inf-Triangul,lh_G_front_inf-Triangul,unique_hemi_stem_match,True
sub-ccepAgeUMCU45,C18,L,G_front_inf-Opercular,UNK,unseen_or_ambiguous_to_UNK,False
sub-ccepAgeUMCU45,C19,L,G&S_subcentral,UNK,unseen_or_ambiguous_to_UNK,False
sub-ccepAgeUMCU45,C20,L,G&S_subcentral,UNK,unseen_or_ambiguous_to_UNK,False
sub-ccepAgeUMCU45,C21,L,G_postcentral,lh_G_postcentral,unique_hemi_stem_match,True
sub-ccepAgeUMCU45,C22,L,G_pariet_inf-Supramar,lh_G_pariet_inf-Supramar,unique_hemi_stem_match,True
sub-ccepAgeUMCU45,C23,L,G_pariet_inf-Supramar,lh_G_pariet_inf-Supramar,unique_hemi_stem_match,True
sub-ccepAgeUMCU45,C24,L,G_pariet_inf-Supramar,lh_G_pariet_inf-Supramar,unique_hemi_stem_match,True
sub-ccepAgeUMCU45,C25,L,G_front_inf-Triangul,lh_G_front_inf-Triangul,unique_hemi_stem_match,True
sub-ccepAgeUMCU45,C26,L,G_front_inf-Opercular,UNK,unseen_or_ambiguous_to_UNK,False
sub-ccepAgeUMCU45,C27,L,G_front_inf-Opercular,UNK,unseen_or_ambiguous_to_UNK,False
sub-ccepAgeUMCU45,C28,L,G&S_subcentral,UNK,unseen_or_ambiguous_to_UNK,False
sub-ccepAgeUMCU45,C29,L,G&S_subcentral,UNK,unseen_or_ambiguous_to_UNK,False
sub-ccepAgeUMCU45,C30,L,G_pariet_inf-Supramar,lh_G_pariet_inf-Supramar,unique_hemi_stem_match,True
sub-ccepAgeUMCU45,C31,L,G_pariet_inf-Supramar,lh_G_pariet_inf-Supramar,unique_hemi_stem_match,True
sub-ccepAgeUMCU45,C32,L,G_temp_sup-Plan_tempo,lh_G_temp_sup-Plan_tempo,unique_hemi_stem_match,True
sub-ccepAgeUMCU45,thor+,,,UNK,unseen_or_ambiguous_to_UNK,False
sub-ccepAgeUMCU45,abdo+,,,UNK,unseen_or_ambiguous_to_UNK,False
sub-ccepAgeUMCU45,xyz+,,,UNK,unseen_or_ambiguous_to_UNK,False
sub-ccepAgeUMCU45,MKR+,,,UNK,unseen_or_ambiguous_to_UNK,False
sub-ccepAgeUMCU46,F01,L,G_front_sup,lh_G_front_sup,unique_hemi_stem_match,True
sub-ccepAgeUMCU46,F02,L,G_front_middle,lh_G_front_middle,unique_hemi_stem_match,True
sub-ccepAgeUMCU46,F03,L,G_front_middle,lh_G_front_middle,unique_hemi_stem_match,True
sub-ccepAgeUMCU46,F04,L,G_front_middle,lh_G_front_middle,unique_hemi_stem_match,True
sub-ccepAgeUMCU46,F05,L,G_front_middle,lh_G_front_middle,unique_hemi_stem_match,True
sub-ccepAgeUMCU46,F06,L,G_front_middle,lh_G_front_middle,unique_hemi_stem_match,True
sub-ccepAgeUMCU46,F07,L,G_front_middle,lh_G_front_middle,unique_hemi_stem_match,True
sub-ccepAgeUMCU46,F08,L,G_front_middle,lh_G_front_middle,unique_hemi_stem_match,True
sub-ccepAgeUMCU46,F09,L,G&S_transv_frontopol,UNK,unseen_or_ambiguous_to_UNK,False
sub-ccepAgeUMCU46,F10,L,G&S_transv_frontopol,UNK,unseen_or_ambiguous_to_UNK,False
sub-ccepAgeUMCU46,F11,L,G_front_middle,lh_G_front_middle,unique_hemi_stem_match,True
sub-ccepAgeUMCU46,F12,L,G_front_middle,lh_G_front_middle,unique_hemi_stem_match,True
sub-ccepAgeUMCU46,F13,L,G_front_middle,lh_G_front_middle,unique_hemi_stem_match,True
sub-ccepAgeUMCU46,F14,L,G_front_middle,lh_G_front_middle,unique_hemi_stem_match,True
sub-ccepAgeUMCU46,F15,L,G_front_middle,lh_G_front_middle,unique_hemi_stem_match,True
sub-ccepAgeUMCU46,F16,L,G_front_middle,lh_G_front_middle,unique_hemi_stem_match,True
sub-ccepAgeUMCU46,F17,L,G&S_frontomargin,UNK,unseen_or_ambiguous_to_UNK,False
sub-ccepAgeUMCU46,F18,L,G_orbital,UNK,unseen_or_ambiguous_to_UNK,False
sub-ccepAgeUMCU46,F19,L,G_front_middle,lh_G_front_middle,unique_hemi_stem_match,True
sub-ccepAgeUMCU46,F20,L,G_front_middle,lh_G_front_middle,unique_hemi_stem_match,True
sub-ccepAgeUMCU46,F21,L,G_front_middle,lh_G_front_middle,unique_hemi_stem_match,True
sub-ccepAgeUMCU46,F22,L,G_front_middle,lh_G_front_middle,unique_hemi_stem_match,True
sub-ccepAgeUMCU46,F23,L,G_front_middle,lh_G_front_middle,unique_hemi_stem_match,True
sub-ccepAgeUMCU46,F24,L,G_precentral,lh_G_precentral,unique_hemi_stem_match,True
sub-ccepAgeUMCU46,F25,L,G&S_frontomargin,UNK,unseen_or_ambiguous_to_UNK,False
sub-ccepAgeUMCU46,F26,L,G_orbital,UNK,unseen_or_ambiguous_to_UNK,False
sub-ccepAgeUMCU46,F27,L,G_front_middle,lh_G_front_middle,unique_hemi_stem_match,True
sub-ccepAgeUMCU46,F28,L,G_front_middle,lh_G_front_middle,unique_hemi_stem_match,True
sub-ccepAgeUMCU46,F29,L,G_front_inf-Triangul,lh_G_front_inf-Triangul,unique_hemi_stem_match,True
sub-ccepAgeUMCU46,F30,L,G_front_inf-Triangul,lh_G_front_inf-Triangul,unique_hemi_stem_match,True
sub-ccepAgeUMCU46,F31,L,G_front_inf-Opercular,UNK,unseen_or_ambiguous_to_UNK,False
sub-ccepAgeUMCU46,F32,L,G_precentral,lh_G_precentral,unique_hemi_stem_match,True
sub-ccepAgeUMCU46,T01,L,G_temporal_middle,lh_G_temporal_middle,unique_hemi_stem_match,True
sub-ccepAgeUMCU46,T02,L,G_temporal_middle,lh_G_temporal_middle,unique_hemi_stem_match,True
sub-ccepAgeUMCU46,T03,L,G_temporal_middle,lh_G_temporal_middle,unique_hemi_stem_match,True
sub-ccepAgeUMCU46,T04,L,G_temporal_middle,lh_G_temporal_middle,unique_hemi_stem_match,True
sub-ccepAgeUMCU46,T05,L,G_temporal_middle,lh_G_temporal_middle,unique_hemi_stem_match,True
sub-ccepAgeUMCU46,T06,L,G_temporal_inf,lh_G_temporal_inf,unique_hemi_stem_match,True
sub-ccepAgeUMCU46,T07,L,G_temporal_middle,lh_G_temporal_middle,unique_hemi_stem_match,True
sub-ccepAgeUMCU46,T08,L,G_temporal_middle,lh_G_temporal_middle,unique_hemi_stem_match,True
sub-ccepAgeUMCU46,T09,L,G_pariet_inf-Angular,UNK,unseen_or_ambiguous_to_UNK,False
sub-ccepAgeUMCU46,T10,L,G_temporal_middle,lh_G_temporal_middle,unique_hemi_stem_match,True
sub-ccepAgeUMCU46,T11,L,G_temporal_middle,lh_G_temporal_middle,unique_hemi_stem_match,True
sub-ccepAgeUMCU46,T12,L,G_temporal_middle,lh_G_temporal_middle,unique_hemi_stem_match,True
sub-ccepAgeUMCU46,T13,L,G_temp_sup-Lateral,lh_G_temp_sup-Lateral,unique_hemi_stem_match,True
sub-ccepAgeUMCU46,T14,L,G_temporal_middle,lh_G_temporal_middle,unique_hemi_stem_match,True
sub-ccepAgeUMCU46,T15,L,G_temporal_middle,lh_G_temporal_middle,unique_hemi_stem_match,True
sub-ccepAgeUMCU46,T16,L,G_temporal_middle,lh_G_temporal_middle,unique_hemi_stem_match,True
sub-ccepAgeUMCU46,FBa1,L,S_orbital-H_Shaped,lh_S_orbital-H_Shaped,unique_hemi_stem_match,True
sub-ccepAgeUMCU46,FBa2,L,G_orbital,UNK,unseen_or_ambiguous_to_UNK,False
sub-ccepAgeUMCU46,FBa3,L,G_front_inf-Triangul,lh_G_front_inf-Triangul,unique_hemi_stem_match,True
sub-ccepAgeUMCU46,FBa4,L,G_front_inf-Triangul,lh_G_front_inf-Triangul,unique_hemi_stem_match,True
sub-ccepAgeUMCU46,FBa5,L,G_orbital,UNK,unseen_or_ambiguous_to_UNK,False
sub-ccepAgeUMCU46,FBa6,L,G_temp_sup-Plan_polar,UNK,unseen_or_ambiguous_to_UNK,False
sub-ccepAgeUMCU46,FBa7,L,G_front_inf-Orbital,UNK,unseen_or_ambiguous_to_UNK,False
sub-ccepAgeUMCU46,FBa8,L,G_front_inf-Triangul,lh_G_front_inf-Triangul,unique_hemi_stem_match,True
sub-ccepAgeUMCU46,FBv1,L,G_orbital,UNK,unseen_or_ambiguous_to_UNK,False
sub-ccepAgeUMCU46,FBv2,L,G_orbital,UNK,unseen_or_ambiguous_to_UNK,False
sub-ccepAgeUMCU46,FBv3,L,G_orbital,UNK,unseen_or_ambiguous_to_UNK,False
sub-ccepAgeUMCU46,FBv4,L,G_orbital,UNK,unseen_or_ambiguous_to_UNK,False
sub-ccepAgeUMCU46,FBv5,L,G_orbital,UNK,unseen_or_ambiguous_to_UNK,False
sub-ccepAgeUMCU46,FBv6,L,G_orbital,UNK,unseen_or_ambiguous_to_UNK,False
sub-ccepAgeUMCU46,FBv7,L,S_orbital-H_Shaped,lh_S_orbital-H_Shaped,unique_hemi_stem_match,True
sub-ccepAgeUMCU46,FBv8,L,G_orbital,UNK,unseen_or_ambiguous_to_UNK,False
sub-ccepAgeUMCU46,MKR1+,,,UNK,unseen_or_ambiguous_to_UNK,False
sub-ccepAgeUMCU46,el01,,,UNK,unseen_or_ambiguous_to_UNK,False
sub-ccepAgeUMCU46,el02,,,UNK,unseen_or_ambiguous_to_UNK,False
sub-ccepAgeUMCU46,el03,,,UNK,unseen_or_ambiguous_to_UNK,False
sub-ccepAgeUMCU46,el04,,,UNK,unseen_or_ambiguous_to_UNK,False
sub-ccepAgeUMCU46,el05,,,UNK,unseen_or_ambiguous_to_UNK,False
sub-ccepAgeUMCU46,el06,,,UNK,unseen_or_ambiguous_to_UNK,False
sub-ccepAgeUMCU46,el07,,,UNK,unseen_or_ambiguous_to_UNK,False
sub-ccepAgeUMCU46,el08,,,UNK,unseen_or_ambiguous_to_UNK,False
sub-ccepAgeUMCU46,el09,,,UNK,unseen_or_ambiguous_to_UNK,False
sub-ccepAgeUMCU46,el10,,,UNK,unseen_or_ambiguous_to_UNK,False
sub-ccepAgeUMCU46,el11,,,UNK,unseen_or_ambiguous_to_UNK,False
sub-ccepAgeUMCU46,el12,,,UNK,unseen_or_ambiguous_to_UNK,False
sub-ccepAgeUMCU46,el13,,,UNK,unseen_or_ambiguous_to_UNK,False
sub-ccepAgeUMCU46,el14,,,UNK,unseen_or_ambiguous_to_UNK,False
sub-ccepAgeUMCU46,el15,,,UNK,unseen_or_ambiguous_to_UNK,False
sub-ccepAgeUMCU46,el16,,,UNK,unseen_or_ambiguous_to_UNK,False
sub-ccepAgeUMCU46,el17,,,UNK,unseen_or_ambiguous_to_UNK,False
sub-ccepAgeUMCU46,el18,,,UNK,unseen_or_ambiguous_to_UNK,False
sub-ccepAgeUMCU46,el19,,,UNK,unseen_or_ambiguous_to_UNK,False
sub-ccepAgeUMCU46,el20,,,UNK,unseen_or_ambiguous_to_UNK,False
sub-ccepAgeUMCU46,el21,,,UNK,unseen_or_ambiguous_to_UNK,False
sub-ccepAgeUMCU46,el22,,,UNK,unseen_or_ambiguous_to_UNK,False
sub-ccepAgeUMCU46,el23,,,UNK,unseen_or_ambiguous_to_UNK,False
sub-ccepAgeUMCU46,el24,,,UNK,unseen_or_ambiguous_to_UNK,False
sub-ccepAgeUMCU46,AH+,,,UNK,unseen_or_ambiguous_to_UNK,False
sub-ccepAgeUMCU46,ECG+,,,UNK,unseen_or_ambiguous_to_UNK,False
sub-ccepAgeUMCU46,orb+,,,UNK,unseen_or_ambiguous_to_UNK,False
sub-ccepAgeUMCU46,emg1+,,,UNK,unseen_or_ambiguous_to_UNK,False
sub-ccepAgeUMCU46,emg2+,,,UNK,unseen_or_ambiguous_to_UNK,False
sub-ccepAgeUMCU46,el094,,,UNK,unseen_or_ambiguous_to_UNK,False
sub-ccepAgeUMCU46,el095,,,UNK,unseen_or_ambiguous_to_UNK,False
sub-ccepAgeUMCU46,el096,,,UNK,unseen_or_ambiguous_to_UNK,False
sub-ccepAgeUMCU46,vT1,,,UNK,unseen_or_ambiguous_to_UNK,False
sub-ccepAgeUMCU46,vT2,,,UNK,unseen_or_ambiguous_to_UNK,False
sub-ccepAgeUMCU46,vT3,,,UNK,unseen_or_ambiguous_to_UNK,False
sub-ccepAgeUMCU46,vT4,,,UNK,unseen_or_ambiguous_to_UNK,False
sub-ccepAgeUMCU46,vT5,,,UNK,unseen_or_ambiguous_to_UNK,False
sub-ccepAgeUMCU46,vT6,,,UNK,unseen_or_ambiguous_to_UNK,False
sub-ccepAgeUMCU46,vT7,,,UNK,unseen_or_ambiguous_to_UNK,False
sub-ccepAgeUMCU46,vT8,,,UNK,unseen_or_ambiguous_to_UNK,False
sub-ccepAgeUMCU46,sTv1,,,UNK,unseen_or_ambiguous_to_UNK,False
sub-ccepAgeUMCU46,sTv2,,,UNK,unseen_or_ambiguous_to_UNK,False
sub-ccepAgeUMCU46,sTv3,,,UNK,unseen_or_ambiguous_to_UNK,False
sub-ccepAgeUMCU46,sTv4,,,UNK,unseen_or_ambiguous_to_UNK,False
sub-ccepAgeUMCU46,sTv5,,,UNK,unseen_or_ambiguous_to_UNK,False
sub-ccepAgeUMCU46,sTv6,,,UNK,unseen_or_ambiguous_to_UNK,False
sub-ccepAgeUMCU46,sTv7,,,UNK,unseen_or_ambiguous_to_UNK,False
sub-ccepAgeUMCU46,sTv8,,,UNK,unseen_or_ambiguous_to_UNK,False
sub-ccepAgeUMCU46,sTm1,,,UNK,unseen_or_ambiguous_to_UNK,False
sub-ccepAgeUMCU46,sTm2,,,UNK,unseen_or_ambiguous_to_UNK,False
sub-ccepAgeUMCU46,sTm3,,,UNK,unseen_or_ambiguous_to_UNK,False
sub-ccepAgeUMCU46,sTm4,,,UNK,unseen_or_ambiguous_to_UNK,False
sub-ccepAgeUMCU46,sTm5,,,UNK,unseen_or_ambiguous_to_UNK,False
sub-ccepAgeUMCU46,sTm6,,,UNK,unseen_or_ambiguous_to_UNK,False
sub-ccepAgeUMCU46,sTm7,,,UNK,unseen_or_ambiguous_to_UNK,False
sub-ccepAgeUMCU46,sTm8,,,UNK,unseen_or_ambiguous_to_UNK,False
sub-ccepAgeUMCU46,sTa1,,,UNK,unseen_or_ambiguous_to_UNK,False
sub-ccepAgeUMCU46,sTa2,,,UNK,unseen_or_ambiguous_to_UNK,False
sub-ccepAgeUMCU46,sTa3,,,UNK,unseen_or_ambiguous_to_UNK,False
sub-ccepAgeUMCU46,sTa4,,,UNK,unseen_or_ambiguous_to_UNK,False
sub-ccepAgeUMCU46,sTa5,,,UNK,unseen_or_ambiguous_to_UNK,False
sub-ccepAgeUMCU46,sTa6,,,UNK,unseen_or_ambiguous_to_UNK,False
sub-ccepAgeUMCU46,sTa7,,,UNK,unseen_or_ambiguous_to_UNK,False
sub-ccepAgeUMCU46,sTa8,,,UNK,unseen_or_ambiguous_to_UNK,False
sub-ccepAgeUMCU46,thor+,,,UNK,unseen_or_ambiguous_to_UNK,False
sub-ccepAgeUMCU46,abdo+,,,UNK,unseen_or_ambiguous_to_UNK,False
sub-ccepAgeUMCU46,xyz+,,,UNK,unseen_or_ambiguous_to_UNK,False
sub-ccepAgeUMCU46,MKR2+,,,UNK,unseen_or_ambiguous_to_UNK,False
sub-ccepAgeUMCU47,AT01,L,G_occipital_middle,UNK,unseen_or_ambiguous_to_UNK,False
sub-ccepAgeUMCU47,AT02,L,G_occipital_middle,UNK,unseen_or_ambiguous_to_UNK,False
sub-ccepAgeUMCU47,AT03,L,G_occipital_middle,UNK,unseen_or_ambiguous_to_UNK,False
sub-ccepAgeUMCU47,AT04,L,G_temporal_inf,lh_G_temporal_inf,unique_hemi_stem_match,True
sub-ccepAgeUMCU47,AT05,L,G_temporal_inf,lh_G_temporal_inf,unique_hemi_stem_match,True
sub-ccepAgeUMCU47,AT06,L,G_temporal_inf,lh_G_temporal_inf,unique_hemi_stem_match,True
sub-ccepAgeUMCU47,AT07,L,G_temporal_middle,lh_G_temporal_middle,unique_hemi_stem_match,True
sub-ccepAgeUMCU47,AT08,L,G_temporal_middle,lh_G_temporal_middle,unique_hemi_stem_match,True
sub-ccepAgeUMCU47,AT09,L,G_occipital_middle,UNK,unseen_or_ambiguous_to_UNK,False
sub-ccepAgeUMCU47,AT10,L,G_occipital_middle,UNK,unseen_or_ambiguous_to_UNK,False
sub-ccepAgeUMCU47,AT11,L,G_occipital_middle,UNK,unseen_or_ambiguous_to_UNK,False
sub-ccepAgeUMCU47,AT12,L,G_temporal_middle,lh_G_temporal_middle,unique_hemi_stem_match,True
sub-ccepAgeUMCU47,AT13,L,G_temporal_middle,lh_G_temporal_middle,unique_hemi_stem_match,True
sub-ccepAgeUMCU47,AT14,L,S_temporal_inf,lh_S_temporal_inf,unique_hemi_stem_match,True
sub-ccepAgeUMCU47,AT15,L,G_temporal_middle,lh_G_temporal_middle,unique_hemi_stem_match,True
sub-ccepAgeUMCU47,AT16,L,G_temporal_middle,lh_G_temporal_middle,unique_hemi_stem_match,True
sub-ccepAgeUMCU47,AT17,L,G_occipital_middle,UNK,unseen_or_ambiguous_to_UNK,False
sub-ccepAgeUMCU47,AT18,L,G_occipital_middle,UNK,unseen_or_ambiguous_to_UNK,False
sub-ccepAgeUMCU47,AT19,L,G_occipital_middle,UNK,unseen_or_ambiguous_to_UNK,False
sub-ccepAgeUMCU47,AT20,L,G_temporal_middle,lh_G_temporal_middle,unique_hemi_stem_match,True
sub-ccepAgeUMCU47,AT21,L,G_temporal_middle,lh_G_temporal_middle,unique_hemi_stem_match,True
sub-ccepAgeUMCU47,AT22,L,G_temp_sup-Lateral,lh_G_temp_sup-Lateral,unique_hemi_stem_match,True
sub-ccepAgeUMCU47,AT23,L,G_temp_sup-Lateral,lh_G_temp_sup-Lateral,unique_hemi_stem_match,True
sub-ccepAgeUMCU47,AT24,L,G_temp_sup-Lateral,lh_G_temp_sup-Lateral,unique_hemi_stem_match,True
sub-ccepAgeUMCU47,AT25,L,G_pariet_inf-Angular,UNK,unseen_or_ambiguous_to_UNK,False
sub-ccepAgeUMCU47,AT26,L,G_occipital_middle,UNK,unseen_or_ambiguous_to_UNK,False
sub-ccepAgeUMCU47,AT27,L,G_pariet_inf-Angular,UNK,unseen_or_ambiguous_to_UNK,False
sub-ccepAgeUMCU47,AT28,L,G_pariet_inf-Supramar,lh_G_pariet_inf-Supramar,unique_hemi_stem_match,True
sub-ccepAgeUMCU47,AT29,L,G_temp_sup-Plan_tempo,lh_G_temp_sup-Plan_tempo,unique_hemi_stem_match,True
sub-ccepAgeUMCU47,AT30,L,G_temp_sup-Lateral,lh_G_temp_sup-Lateral,unique_hemi_stem_match,True
sub-ccepAgeUMCU47,AT31,L,G_temp_sup-Lateral,lh_G_temp_sup-Lateral,unique_hemi_stem_match,True
sub-ccepAgeUMCU47,AT32,L,G_temp_sup-Lateral,lh_G_temp_sup-Lateral,unique_hemi_stem_match,True
sub-ccepAgeUMCU47,T01,L,G_temp_sup-Lateral,lh_G_temp_sup-Lateral,unique_hemi_stem_match,True
sub-ccepAgeUMCU47,T02,L,G_temp_sup-Lateral,lh_G_temp_sup-Lateral,unique_hemi_stem_match,True
sub-ccepAgeUMCU47,T03,L,G_temp_sup-Lateral,lh_G_temp_sup-Lateral,unique_hemi_stem_match,True
sub-ccepAgeUMCU47,T04,L,G_temp_sup-Lateral,lh_G_temp_sup-Lateral,unique_hemi_stem_match,True
sub-ccepAgeUMCU47,T05,L,G_temp_sup-Lateral,lh_G_temp_sup-Lateral,unique_hemi_stem_match,True
sub-ccepAgeUMCU47,T06,L,G_temp_sup-Lateral,lh_G_temp_sup-Lateral,unique_hemi_stem_match,True
sub-ccepAgeUMCU47,T07,L,G_temp_sup-Lateral,lh_G_temp_sup-Lateral,unique_hemi_stem_match,True
sub-ccepAgeUMCU47,T08,L,G_temp_sup-Lateral,lh_G_temp_sup-Lateral,unique_hemi_stem_match,True
sub-ccepAgeUMCU47,T09,L,Pole_temporal,UNK,unseen_or_ambiguous_to_UNK,False
sub-ccepAgeUMCU47,T10,L,G_temp_sup-Lateral,lh_G_temp_sup-Lateral,unique_hemi_stem_match,True
sub-ccepAgeUMCU47,T11,L,G_temp_sup-Lateral,lh_G_temp_sup-Lateral,unique_hemi_stem_match,True
sub-ccepAgeUMCU47,T12,L,G_temporal_middle,lh_G_temporal_middle,unique_hemi_stem_match,True
sub-ccepAgeUMCU47,T13,L,G_temporal_middle,lh_G_temporal_middle,unique_hemi_stem_match,True
sub-ccepAgeUMCU47,T14,L,G_temporal_middle,lh_G_temporal_middle,unique_hemi_stem_match,True
sub-ccepAgeUMCU47,T15,L,G_temp_sup-Lateral,lh_G_temp_sup-Lateral,unique_hemi_stem_match,True
sub-ccepAgeUMCU47,T16,L,G_temporal_middle,lh_G_temporal_middle,unique_hemi_stem_match,True
sub-ccepAgeUMCU47,vT1,L,G_oc-temp_med-Parahip,lh_G_oc-temp_med-Parahip,unique_hemi_stem_match,True
sub-ccepAgeUMCU47,vT2,L,Pole_temporal,UNK,unseen_or_ambiguous_to_UNK,False
sub-ccepAgeUMCU47,vT3,L,Pole_temporal,UNK,unseen_or_ambiguous_to_UNK,False
sub-ccepAgeUMCU47,vT4,L,Pole_temporal,UNK,unseen_or_ambiguous_to_UNK,False
sub-ccepAgeUMCU47,vT5,L,Pole_temporal,UNK,unseen_or_ambiguous_to_UNK,False
sub-ccepAgeUMCU47,vT6,L,G_temp_sup-Lateral,lh_G_temp_sup-Lateral,unique_hemi_stem_match,True
sub-ccepAgeUMCU47,vT7,L,G_temp_sup-Lateral,lh_G_temp_sup-Lateral,unique_hemi_stem_match,True
sub-ccepAgeUMCU47,vT8,L,G_temp_sup-Lateral,lh_G_temp_sup-Lateral,unique_hemi_stem_match,True
sub-ccepAgeUMCU47,sTv1,L,Pole_temporal,UNK,unseen_or_ambiguous_to_UNK,False
sub-ccepAgeUMCU47,sTv2,L,Pole_temporal,UNK,unseen_or_ambiguous_to_UNK,False
sub-ccepAgeUMCU47,sTv3,L,G_temporal_inf,lh_G_temporal_inf,unique_hemi_stem_match,True
sub-ccepAgeUMCU47,sTv4,L,G_temporal_inf,lh_G_temporal_inf,unique_hemi_stem_match,True
sub-ccepAgeUMCU47,sTv5,L,G_temporal_middle,lh_G_temporal_middle,unique_hemi_stem_match,True
sub-ccepAgeUMCU47,sTv6,L,G_temporal_middle,lh_G_temporal_middle,unique_hemi_stem_match,True
sub-ccepAgeUMCU47,sTv7,L,G_temp_sup-Lateral,lh_G_temp_sup-Lateral,unique_hemi_stem_match,True
sub-ccepAgeUMCU47,sTv8,L,G_temp_sup-Lateral,lh_G_temp_sup-Lateral,unique_hemi_stem_match,True
sub-ccepAgeUMCU47,MKR1+,,,UNK,unseen_or_ambiguous_to_UNK,False
sub-ccepAgeUMCU47,sTm1,L,G_cingul-Post-ventral,lh_G_cingul-Post-ventral,unique_hemi_stem_match,True
sub-ccepAgeUMCU47,sTm2,L,G_oc-temp_med-Lingual,UNK,unseen_or_ambiguous_to_UNK,False
sub-ccepAgeUMCU47,sTm3,L,G_oc-temp_med-Lingual,UNK,unseen_or_ambiguous_to_UNK,False
sub-ccepAgeUMCU47,sTm4,L,G_oc-temp_lat-fusifor,UNK,unseen_or_ambiguous_to_UNK,False
sub-ccepAgeUMCU47,sTm5,L,G_oc-temp_lat-fusifor,UNK,unseen_or_ambiguous_to_UNK,False
sub-ccepAgeUMCU47,sTm6,L,G_temporal_inf,lh_G_temporal_inf,unique_hemi_stem_match,True
sub-ccepAgeUMCU47,sTm7,L,G_temporal_inf,lh_G_temporal_inf,unique_hemi_stem_match,True
sub-ccepAgeUMCU47,sTm8,L,G_temporal_inf,lh_G_temporal_inf,unique_hemi_stem_match,True
sub-ccepAgeUMCU47,sTa1,L,G_oc-temp_lat-fusifor,UNK,unseen_or_ambiguous_to_UNK,False
sub-ccepAgeUMCU47,sTa2,L,G_oc-temp_lat-fusifor,UNK,unseen_or_ambiguous_to_UNK,False
sub-ccepAgeUMCU47,sTa3,L,G_temporal_inf,lh_G_temporal_inf,unique_hemi_stem_match,True
sub-ccepAgeUMCU47,sTa4,L,G_temporal_inf,lh_G_temporal_inf,unique_hemi_stem_match,True
sub-ccepAgeUMCU47,sTa5,L,G_temporal_inf,lh_G_temporal_inf,unique_hemi_stem_match,True
sub-ccepAgeUMCU47,sTa6,L,G_temporal_inf,lh_G_temporal_inf,unique_hemi_stem_match,True
sub-ccepAgeUMCU47,sTa7,L,G_temporal_middle,lh_G_temporal_middle,unique_hemi_stem_match,True
sub-ccepAgeUMCU47,sTa8,L,G_temp_sup-Lateral,lh_G_temp_sup-Lateral,unique_hemi_stem_match,True
sub-ccepAgeUMCU47,el081,,,UNK,unseen_or_ambiguous_to_UNK,False
sub-ccepAgeUMCU47,el082,,,UNK,unseen_or_ambiguous_to_UNK,False
sub-ccepAgeUMCU47,el083,,,UNK,unseen_or_ambiguous_to_UNK,False
sub-ccepAgeUMCU47,el084,,,UNK,unseen_or_ambiguous_to_UNK,False
sub-ccepAgeUMCU47,el085,,,UNK,unseen_or_ambiguous_to_UNK,False
sub-ccepAgeUMCU47,el086,,,UNK,unseen_or_ambiguous_to_UNK,False
sub-ccepAgeUMCU47,el087,,,UNK,unseen_or_ambiguous_to_UNK,False
sub-ccepAgeUMCU47,el088,,,UNK,unseen_or_ambiguous_to_UNK,False
sub-ccepAgeUMCU47,AH+,,,UNK,unseen_or_ambiguous_to_UNK,False
sub-ccepAgeUMCU47,ECG+,,,UNK,unseen_or_ambiguous_to_UNK,False
sub-ccepAgeUMCU47,orb+,,,UNK,unseen_or_ambiguous_to_UNK,False
sub-ccepAgeUMCU47,emg1+,,,UNK,unseen_or_ambiguous_to_UNK,False
sub-ccepAgeUMCU47,emg2+,,,UNK,unseen_or_ambiguous_to_UNK,False
sub-ccepAgeUMCU47,el094,,,UNK,unseen_or_ambiguous_to_UNK,False
sub-ccepAgeUMCU47,el095,,,UNK,unseen_or_ambiguous_to_UNK,False
sub-ccepAgeUMCU47,el096,,,UNK,unseen_or_ambiguous_to_UNK,False
sub-ccepAgeUMCU47,el097,,,UNK,unseen_or_ambiguous_to_UNK,False
sub-ccepAgeUMCU47,el098,,,UNK,unseen_or_ambiguous_to_UNK,False
sub-ccepAgeUMCU47,el099,,,UNK,unseen_or_ambiguous_to_UNK,False
sub-ccepAgeUMCU47,el100,,,UNK,unseen_or_ambiguous_to_UNK,False
sub-ccepAgeUMCU47,el101,,,UNK,unseen_or_ambiguous_to_UNK,False
sub-ccepAgeUMCU47,el102,,,UNK,unseen_or_ambiguous_to_UNK,False
sub-ccepAgeUMCU47,el103,,,UNK,unseen_or_ambiguous_to_UNK,False
sub-ccepAgeUMCU47,el104,,,UNK,unseen_or_ambiguous_to_UNK,False
sub-ccepAgeUMCU47,el105,,,UNK,unseen_or_ambiguous_to_UNK,False
sub-ccepAgeUMCU47,el106,,,UNK,unseen_or_ambiguous_to_UNK,False
sub-ccepAgeUMCU47,el107,,,UNK,unseen_or_ambiguous_to_UNK,False
sub-ccepAgeUMCU47,el108,,,UNK,unseen_or_ambiguous_to_UNK,False
sub-ccepAgeUMCU47,el109,,,UNK,unseen_or_ambiguous_to_UNK,False
sub-ccepAgeUMCU47,el110,,,UNK,unseen_or_ambiguous_to_UNK,False
sub-ccepAgeUMCU47,el111,,,UNK,unseen_or_ambiguous_to_UNK,False
sub-ccepAgeUMCU47,el112,,,UNK,unseen_or_ambiguous_to_UNK,False
sub-ccepAgeUMCU47,el113,,,UNK,unseen_or_ambiguous_to_UNK,False
sub-ccepAgeUMCU47,el114,,,UNK,unseen_or_ambiguous_to_UNK,False
sub-ccepAgeUMCU47,el115,,,UNK,unseen_or_ambiguous_to_UNK,False
sub-ccepAgeUMCU47,el116,,,UNK,unseen_or_ambiguous_to_UNK,False
sub-ccepAgeUMCU47,el117,,,UNK,unseen_or_ambiguous_to_UNK,False
sub-ccepAgeUMCU47,el118,,,UNK,unseen_or_ambiguous_to_UNK,False
sub-ccepAgeUMCU47,el119,,,UNK,unseen_or_ambiguous_to_UNK,False
sub-ccepAgeUMCU47,el120,,,UNK,unseen_or_ambiguous_to_UNK,False
sub-ccepAgeUMCU47,el121,,,UNK,unseen_or_ambiguous_to_UNK,False
sub-ccepAgeUMCU47,el122,,,UNK,unseen_or_ambiguous_to_UNK,False
sub-ccepAgeUMCU47,el123,,,UNK,unseen_or_ambiguous_to_UNK,False
sub-ccepAgeUMCU47,el124,,,UNK,unseen_or_ambiguous_to_UNK,False
sub-ccepAgeUMCU47,el125,,,UNK,unseen_or_ambiguous_to_UNK,False
sub-ccepAgeUMCU47,el126,,,UNK,unseen_or_ambiguous_to_UNK,False
sub-ccepAgeUMCU47,el127,,,UNK,unseen_or_ambiguous_to_UNK,False
sub-ccepAgeUMCU47,el128,,,UNK,unseen_or_ambiguous_to_UNK,False
sub-ccepAgeUMCU47,thor+,,,UNK,unseen_or_ambiguous_to_UNK,False
sub-ccepAgeUMCU47,abdo+,,,UNK,unseen_or_ambiguous_to_UNK,False
sub-ccepAgeUMCU47,xyz+,,,UNK,unseen_or_ambiguous_to_UNK,False
sub-ccepAgeUMCU47,MKR2+,,,UNK,unseen_or_ambiguous_to_UNK,False
sub-ccepAgeUMCU48,C01,R,G_pariet_inf-Angular,rh_G_pariet_inf-Angular,unique_hemi_stem_match,True
sub-ccepAgeUMCU48,C02,R,G_pariet_inf-Supramar,rh_G_pariet_inf-Supramar,unique_hemi_stem_match,True
sub-ccepAgeUMCU48,C03,R,G_pariet_inf-Supramar,rh_G_pariet_inf-Supramar,unique_hemi_stem_match,True
sub-ccepAgeUMCU48,C04,R,G_pariet_inf-Supramar,rh_G_pariet_inf-Supramar,unique_hemi_stem_match,True
sub-ccepAgeUMCU48,C05,R,G_postcentral,rh_G_postcentral,unique_hemi_stem_match,True
sub-ccepAgeUMCU48,C06,R,G_precentral,rh_G_precentral,unique_hemi_stem_match,True
sub-ccepAgeUMCU48,C07,R,G_front_middle,rh_G_front_middle,unique_hemi_stem_match,True
sub-ccepAgeUMCU48,C08,R,G_front_middle,rh_G_front_middle,unique_hemi_stem_match,True
sub-ccepAgeUMCU48,C09,R,G_pariet_inf-Angular,rh_G_pariet_inf-Angular,unique_hemi_stem_match,True
sub-ccepAgeUMCU48,C10,R,G_pariet_inf-Supramar,rh_G_pariet_inf-Supramar,unique_hemi_stem_match,True
sub-ccepAgeUMCU48,C11,R,G_temp_sup-Lateral,rh_G_temp_sup-Lateral,unique_hemi_stem_match,True
sub-ccepAgeUMCU48,C12,R,G_pariet_inf-Supramar,rh_G_pariet_inf-Supramar,unique_hemi_stem_match,True
sub-ccepAgeUMCU48,C13,R,G_postcentral,rh_G_postcentral,unique_hemi_stem_match,True
sub-ccepAgeUMCU48,C14,R,G_postcentral,rh_G_postcentral,unique_hemi_stem_match,True
sub-ccepAgeUMCU48,C15,R,G_front_inf-Opercular,UNK,unseen_or_ambiguous_to_UNK,False
sub-ccepAgeUMCU48,C16,R,G_front_middle,rh_G_front_middle,unique_hemi_stem_match,True
sub-ccepAgeUMCU48,C17,R,G_temporal_middle,rh_G_temporal_middle,unique_hemi_stem_match,True
sub-ccepAgeUMCU48,C18,R,G_temporal_middle,rh_G_temporal_middle,unique_hemi_stem_match,True
sub-ccepAgeUMCU48,C19,R,G_temp_sup-Lateral,rh_G_temp_sup-Lateral,unique_hemi_stem_match,True
sub-ccepAgeUMCU48,C20,R,G&S_subcentral,UNK,unseen_or_ambiguous_to_UNK,False
sub-ccepAgeUMCU48,C21,R,G&S_subcentral,UNK,unseen_or_ambiguous_to_UNK,False
sub-ccepAgeUMCU48,C22,R,G&S_subcentral,UNK,unseen_or_ambiguous_to_UNK,False
sub-ccepAgeUMCU48,C23,R,G_front_inf-Opercular,UNK,unseen_or_ambiguous_to_UNK,False
sub-ccepAgeUMCU48,C24,R,G_front_inf-Triangul,rh_G_front_inf-Triangul,unique_hemi_stem_match,True
sub-ccepAgeUMCU48,C25,R,G_temporal_middle,rh_G_temporal_middle,unique_hemi_stem_match,True
sub-ccepAgeUMCU48,C26,R,G_temporal_middle,rh_G_temporal_middle,unique_hemi_stem_match,True
sub-ccepAgeUMCU48,C27,R,G_temp_sup-Lateral,rh_G_temp_sup-Lateral,unique_hemi_stem_match,True
sub-ccepAgeUMCU48,C28,R,G_temp_sup-Lateral,rh_G_temp_sup-Lateral,unique_hemi_stem_match,True
sub-ccepAgeUMCU48,C29,R,G_temp_sup-Lateral,rh_G_temp_sup-Lateral,unique_hemi_stem_match,True
sub-ccepAgeUMCU48,C30,R,G_temp_sup-Lateral,rh_G_temp_sup-Lateral,unique_hemi_stem_match,True
sub-ccepAgeUMCU48,C31,R,G_front_inf-Triangul,rh_G_front_inf-Triangul,unique_hemi_stem_match,True
sub-ccepAgeUMCU48,C32,R,G_front_inf-Triangul,rh_G_front_inf-Triangul,unique_hemi_stem_match,True
sub-ccepAgeUMCU48,C33,R,G_pariet_inf-Angular,rh_G_pariet_inf-Angular,unique_hemi_stem_match,True
sub-ccepAgeUMCU48,C34,R,G_parietal_sup,rh_G_parietal_sup,unique_hemi_stem_match,True
sub-ccepAgeUMCU48,C35,R,G_parietal_sup,rh_G_parietal_sup,unique_hemi_stem_match,True
sub-ccepAgeUMCU48,C36,R,G_postcentral,rh_G_postcentral,unique_hemi_stem_match,True
sub-ccepAgeUMCU48,C37,R,G_precentral,rh_G_precentral,unique_hemi_stem_match,True
sub-ccepAgeUMCU48,C38,R,G_front_sup,rh_G_front_sup,unique_hemi_stem_match,True
sub-ccepAgeUMCU48,C39,R,G_front_sup,rh_G_front_sup,unique_hemi_stem_match,True
sub-ccepAgeUMCU48,C40,R,G_front_sup,rh_G_front_sup,unique_hemi_stem_match,True
sub-ccepAgeUMCU48,C41,R,G_pariet_inf-Angular,rh_G_pariet_inf-Angular,unique_hemi_stem_match,True
sub-ccepAgeUMCU48,C42,R,G_parietal_sup,rh_G_parietal_sup,unique_hemi_stem_match,True
sub-ccepAgeUMCU48,C43,R,G_parietal_sup,rh_G_parietal_sup,unique_hemi_stem_match,True
sub-ccepAgeUMCU48,C44,R,G_postcentral,rh_G_postcentral,unique_hemi_stem_match,True
sub-ccepAgeUMCU48,C45,R,G_precentral,rh_G_precentral,unique_hemi_stem_match,True
sub-ccepAgeUMCU48,C46,R,G_front_sup,rh_G_front_sup,unique_hemi_stem_match,True
sub-ccepAgeUMCU48,C47,R,G_front_middle,rh_G_front_middle,unique_hemi_stem_match,True
sub-ccepAgeUMCU48,C48,R,S_front_sup,rh_S_front_sup,unique_hemi_stem_match,True
sub-ccepAgeUMCU48,C49,R,G_pariet_inf-Angular,rh_G_pariet_inf-Angular,unique_hemi_stem_match,True
sub-ccepAgeUMCU48,C50,R,G_pariet_inf-Angular,rh_G_pariet_inf-Angular,unique_hemi_stem_match,True
sub-ccepAgeUMCU48,C51,R,G_pariet_inf-Angular,rh_G_pariet_inf-Angular,unique_hemi_stem_match,True
sub-ccepAgeUMCU48,C52,R,G_postcentral,rh_G_postcentral,unique_hemi_stem_match,True
sub-ccepAgeUMCU48,C53,R,G_postcentral,rh_G_postcentral,unique_hemi_stem_match,True
sub-ccepAgeUMCU48,C54,R,G_precentral,rh_G_precentral,unique_hemi_stem_match,True
sub-ccepAgeUMCU48,C55,R,G_front_middle,rh_G_front_middle,unique_hemi_stem_match,True
sub-ccepAgeUMCU48,C56,R,G_front_middle,rh_G_front_middle,unique_hemi_stem_match,True
sub-ccepAgeUMCU48,C57,R,G_pariet_inf-Angular,rh_G_pariet_inf-Angular,unique_hemi_stem_match,True
sub-ccepAgeUMCU48,C58,R,G_pariet_inf-Angular,rh_G_pariet_inf-Angular,unique_hemi_stem_match,True
sub-ccepAgeUMCU48,C59,R,G_pariet_inf-Angular,rh_G_pariet_inf-Angular,unique_hemi_stem_match,True
sub-ccepAgeUMCU48,C60,R,G_pariet_inf-Supramar,rh_G_pariet_inf-Supramar,unique_hemi_stem_match,True
sub-ccepAgeUMCU48,C61,R,G_postcentral,rh_G_postcentral,unique_hemi_stem_match,True
sub-ccepAgeUMCU48,C62,R,G_precentral,rh_G_precentral,unique_hemi_stem_match,True
sub-ccepAgeUMCU48,C63,R,G_front_middle,rh_G_front_middle,unique_hemi_stem_match,True
sub-ccepAgeUMCU48,C64,R,G_front_middle,rh_G_front_middle,unique_hemi_stem_match,True
sub-ccepAgeUMCU48,MKR1+,,,UNK,unseen_or_ambiguous_to_UNK,False
sub-ccepAgeUMCU48,el65,,,UNK,unseen_or_ambiguous_to_UNK,False
sub-ccepAgeUMCU48,el66,,,UNK,unseen_or_ambiguous_to_UNK,False
sub-ccepAgeUMCU48,D1,R,S_circular_insula_sup,rh_S_circular_insula_sup,unique_hemi_stem_match,True
sub-ccepAgeUMCU48,D2,R,S_circular_insula_sup,rh_S_circular_insula_sup,unique_hemi_stem_match,True
sub-ccepAgeUMCU48,D3,R,S_circular_insula_sup,rh_S_circular_insula_sup,unique_hemi_stem_match,True
sub-ccepAgeUMCU48,D4,R,S_circular_insula_sup,rh_S_circular_insula_sup,unique_hemi_stem_match,True
sub-ccepAgeUMCU48,D5,R,Lat_Fis-ant-Vertical,UNK,unseen_or_ambiguous_to_UNK,False
sub-ccepAgeUMCU48,D6,R,S_precentral-inf-part,rh_S_precentral-inf-part,unique_hemi_stem_match,True
sub-ccepAgeUMCU48,el073,,,UNK,unseen_or_ambiguous_to_UNK,False
sub-ccepAgeUMCU48,el074,,,UNK,unseen_or_ambiguous_to_UNK,False
sub-ccepAgeUMCU48,el075,,,UNK,unseen_or_ambiguous_to_UNK,False
sub-ccepAgeUMCU48,el076,,,UNK,unseen_or_ambiguous_to_UNK,False
sub-ccepAgeUMCU48,el077,,,UNK,unseen_or_ambiguous_to_UNK,False
sub-ccepAgeUMCU48,el078,,,UNK,unseen_or_ambiguous_to_UNK,False
sub-ccepAgeUMCU48,el079,,,UNK,unseen_or_ambiguous_to_UNK,False
sub-ccepAgeUMCU48,el080,,,UNK,unseen_or_ambiguous_to_UNK,False
sub-ccepAgeUMCU48,el081,,,UNK,unseen_or_ambiguous_to_UNK,False
sub-ccepAgeUMCU48,el082,,,UNK,unseen_or_ambiguous_to_UNK,False
sub-ccepAgeUMCU48,el083,,,UNK,unseen_or_ambiguous_to_UNK,False
sub-ccepAgeUMCU48,el084,,,UNK,unseen_or_ambiguous_to_UNK,False
sub-ccepAgeUMCU48,el085,,,UNK,unseen_or_ambiguous_to_UNK,False
sub-ccepAgeUMCU48,el086,,,UNK,unseen_or_ambiguous_to_UNK,False
sub-ccepAgeUMCU48,el087,,,UNK,unseen_or_ambiguous_to_UNK,False
sub-ccepAgeUMCU48,el088,,,UNK,unseen_or_ambiguous_to_UNK,False
sub-ccepAgeUMCU48,AH+,,,UNK,unseen_or_ambiguous_to_UNK,False
sub-ccepAgeUMCU48,ECG+,,,UNK,unseen_or_ambiguous_to_UNK,False
sub-ccepAgeUMCU48,orb+,,,UNK,unseen_or_ambiguous_to_UNK,False
sub-ccepAgeUMCU48,MKR2+,,,UNK,unseen_or_ambiguous_to_UNK,False
sub-ccepAgeUMCU49,HP01,L,G&S_cingul-Mid-Post,lh_G&S_cingul-Mid-Post,unique_hemi_stem_match,True
sub-ccepAgeUMCU49,HP02,L,G_front_sup,lh_G_front_sup,unique_hemi_stem_match,True
sub-ccepAgeUMCU49,HP03,L,G_front_sup,lh_G_front_sup,unique_hemi_stem_match,True
sub-ccepAgeUMCU49,HP04,L,G&S_paracentral,UNK,unseen_or_ambiguous_to_UNK,False
sub-ccepAgeUMCU49,HP05,L,G_precuneus,UNK,unseen_or_ambiguous_to_UNK,False
sub-ccepAgeUMCU49,HP06,L,G_precuneus,UNK,unseen_or_ambiguous_to_UNK,False
sub-ccepAgeUMCU49,HP07,L,G_parietal_sup,UNK,unseen_or_ambiguous_to_UNK,False
sub-ccepAgeUMCU49,HP08,L,G_parietal_sup,UNK,unseen_or_ambiguous_to_UNK,False
sub-ccepAgeUMCU49,HP09,L,G_front_sup,lh_G_front_sup,unique_hemi_stem_match,True
sub-ccepAgeUMCU49,HP10,L,G_front_sup,lh_G_front_sup,unique_hemi_stem_match,True
sub-ccepAgeUMCU49,HP11,L,G&S_paracentral,UNK,unseen_or_ambiguous_to_UNK,False
sub-ccepAgeUMCU49,HP12,L,G&S_paracentral,UNK,unseen_or_ambiguous_to_UNK,False
sub-ccepAgeUMCU49,HP13,L,G&S_paracentral,UNK,unseen_or_ambiguous_to_UNK,False
sub-ccepAgeUMCU49,HP14,L,G_precuneus,UNK,unseen_or_ambiguous_to_UNK,False
sub-ccepAgeUMCU49,HP15,L,G_parietal_sup,UNK,unseen_or_ambiguous_to_UNK,False
sub-ccepAgeUMCU49,HP16,L,G_parietal_sup,UNK,unseen_or_ambiguous_to_UNK,False
sub-ccepAgeUMCU49,elA17,,,UNK,unseen_or_ambiguous_to_UNK,False
sub-ccepAgeUMCU49,elA18,,,UNK,unseen_or_ambiguous_to_UNK,False
sub-ccepAgeUMCU49,elA19,,,UNK,unseen_or_ambiguous_to_UNK,False
sub-ccepAgeUMCU49,elA20,,,UNK,unseen_or_ambiguous_to_UNK,False
sub-ccepAgeUMCU49,elA21,,,UNK,unseen_or_ambiguous_to_UNK,False
sub-ccepAgeUMCU49,elA22,,,UNK,unseen_or_ambiguous_to_UNK,False
sub-ccepAgeUMCU49,elA23,,,UNK,unseen_or_ambiguous_to_UNK,False
sub-ccepAgeUMCU49,elA24,,,UNK,unseen_or_ambiguous_to_UNK,False
sub-ccepAgeUMCU49,AH+,,,UNK,unseen_or_ambiguous_to_UNK,False
sub-ccepAgeUMCU49,ECG+,,,UNK,unseen_or_ambiguous_to_UNK,False
sub-ccepAgeUMCU49,orb+,,,UNK,unseen_or_ambiguous_to_UNK,False
sub-ccepAgeUMCU49,emg1+,,,UNK,unseen_or_ambiguous_to_UNK,False
sub-ccepAgeUMCU49,emg2+,,,UNK,unseen_or_ambiguous_to_UNK,False
sub-ccepAgeUMCU49,emg3+,,,UNK,unseen_or_ambiguous_to_UNK,False
sub-ccepAgeUMCU49,elA31,,,UNK,unseen_or_ambiguous_to_UNK,False
sub-ccepAgeUMCU49,elA32,,,UNK,unseen_or_ambiguous_to_UNK,False
sub-ccepAgeUMCU49,C01,L,G_front_middle,lh_G_front_middle,unique_hemi_stem_match,True
sub-ccepAgeUMCU49,C02,L,G_front_middle,lh_G_front_middle,unique_hemi_stem_match,True
sub-ccepAgeUMCU49,C03,L,G_precentral,lh_G_precentral,unique_hemi_stem_match,True
sub-ccepAgeUMCU49,C04,L,G_precentral,lh_G_precentral,unique_hemi_stem_match,True
sub-ccepAgeUMCU49,C05,L,G_precentral,lh_G_precentral,unique_hemi_stem_match,True
sub-ccepAgeUMCU49,C06,L,G_postcentral,lh_G_postcentral,unique_hemi_stem_match,True
sub-ccepAgeUMCU49,C07,L,G&S_paracentral,UNK,unseen_or_ambiguous_to_UNK,False
sub-ccepAgeUMCU49,C08,L,G&S_paracentral,UNK,unseen_or_ambiguous_to_UNK,False
sub-ccepAgeUMCU49,C09,L,G_precentral,lh_G_precentral,unique_hemi_stem_match,True
sub-ccepAgeUMCU49,C10,L,G_precentral,lh_G_precentral,unique_hemi_stem_match,True
sub-ccepAgeUMCU49,C11,L,G_postcentral,lh_G_postcentral,unique_hemi_stem_match,True
sub-ccepAgeUMCU49,C12,L,G_postcentral,lh_G_postcentral,unique_hemi_stem_match,True
sub-ccepAgeUMCU49,C13,L,G_postcentral,lh_G_postcentral,unique_hemi_stem_match,True
sub-ccepAgeUMCU49,C14,L,G_parietal_sup,UNK,unseen_or_ambiguous_to_UNK,False
sub-ccepAgeUMCU49,C15,L,G_parietal_sup,UNK,unseen_or_ambiguous_to_UNK,False
sub-ccepAgeUMCU49,C16,L,G_parietal_sup,UNK,unseen_or_ambiguous_to_UNK,False
sub-ccepAgeUMCU49,C17,L,G_precentral,lh_G_precentral,unique_hemi_stem_match,True
sub-ccepAgeUMCU49,C18,L,G_precentral,lh_G_precentral,unique_hemi_stem_match,True
sub-ccepAgeUMCU49,C19,L,G_postcentral,lh_G_postcentral,unique_hemi_stem_match,True
sub-ccepAgeUMCU49,C20,L,G_postcentral,lh_G_postcentral,unique_hemi_stem_match,True
sub-ccepAgeUMCU49,C21,L,S_postcentral,lh_S_postcentral,unique_hemi_stem_match,True
sub-ccepAgeUMCU49,C22,L,G_parietal_sup,UNK,unseen_or_ambiguous_to_UNK,False
sub-ccepAgeUMCU49,C23,L,G_parietal_sup,UNK,unseen_or_ambiguous_to_UNK,False
sub-ccepAgeUMCU49,C24,L,G_parietal_sup,UNK,unseen_or_ambiguous_to_UNK,False
sub-ccepAgeUMCU49,C25,L,G_postcentral,lh_G_postcentral,unique_hemi_stem_match,True
sub-ccepAgeUMCU49,C26,L,G_postcentral,lh_G_postcentral,unique_hemi_stem_match,True
sub-ccepAgeUMCU49,C27,L,G_postcentral,lh_G_postcentral,unique_hemi_stem_match,True
sub-ccepAgeUMCU49,C28,L,G_pariet_inf-Supramar,lh_G_pariet_inf-Supramar,unique_hemi_stem_match,True
sub-ccepAgeUMCU49,C29,L,G_pariet_inf-Supramar,lh_G_pariet_inf-Supramar,unique_hemi_stem_match,True
sub-ccepAgeUMCU49,C30,L,G_pariet_inf-Angular,UNK,unseen_or_ambiguous_to_UNK,False
sub-ccepAgeUMCU49,C31,L,G_parietal_sup,UNK,unseen_or_ambiguous_to_UNK,False
sub-ccepAgeUMCU49,C32,L,G_parietal_sup,UNK,unseen_or_ambiguous_to_UNK,False
sub-ccepAgeUMCU49,thor+,,,UNK,unseen_or_ambiguous_to_UNK,False
sub-ccepAgeUMCU49,abdo+,,,UNK,unseen_or_ambiguous_to_UNK,False
sub-ccepAgeUMCU49,xyz+,,,UNK,unseen_or_ambiguous_to_UNK,False
sub-ccepAgeUMCU49,MKR+,,,UNK,unseen_or_ambiguous_to_UNK,False
sub-ccepAgeUMCU50,HC01,L,G_parietal_sup,UNK,unseen_or_ambiguous_to_UNK,False
sub-ccepAgeUMCU50,HC02,L,G_pariet_inf-Angular,UNK,unseen_or_ambiguous_to_UNK,False
sub-ccepAgeUMCU50,HC03,L,G_pariet_inf-Supramar,lh_G_pariet_inf-Supramar,unique_hemi_stem_match,True
sub-ccepAgeUMCU50,HC04,L,G_pariet_inf-Supramar,lh_G_pariet_inf-Supramar,unique_hemi_stem_match,True
sub-ccepAgeUMCU50,HC05,L,G_pariet_inf-Supramar,lh_G_pariet_inf-Supramar,unique_hemi_stem_match,True
sub-ccepAgeUMCU50,HC06,L,G_postcentral,lh_G_postcentral,unique_hemi_stem_match,True
sub-ccepAgeUMCU50,HC07,L,G_postcentral,lh_G_postcentral,unique_hemi_stem_match,True
sub-ccepAgeUMCU50,HC08,L,G_postcentral,lh_G_postcentral,unique_hemi_stem_match,True
sub-ccepAgeUMCU50,HC09,L,G_parietal_sup,UNK,unseen_or_ambiguous_to_UNK,False
sub-ccepAgeUMCU50,HC10,L,G_parietal_sup,UNK,unseen_or_ambiguous_to_UNK,False
sub-ccepAgeUMCU50,HC11,L,G_parietal_sup,UNK,unseen_or_ambiguous_to_UNK,False
sub-ccepAgeUMCU50,HC12,L,G_pariet_inf-Supramar,lh_G_pariet_inf-Supramar,unique_hemi_stem_match,True
sub-ccepAgeUMCU50,HC13,L,G_postcentral,lh_G_postcentral,unique_hemi_stem_match,True
sub-ccepAgeUMCU50,HC14,L,G_postcentral,lh_G_postcentral,unique_hemi_stem_match,True
sub-ccepAgeUMCU50,HC15,L,G_precentral,lh_G_precentral,unique_hemi_stem_match,True
sub-ccepAgeUMCU50,HC16,L,G_precentral,lh_G_precentral,unique_hemi_stem_match,True
sub-ccepAgeUMCU50,HC17,L,G_parietal_sup,UNK,unseen_or_ambiguous_to_UNK,False
sub-ccepAgeUMCU50,HC18,L,G_parietal_sup,UNK,unseen_or_ambiguous_to_UNK,False
sub-ccepAgeUMCU50,HC19,L,G_parietal_sup,UNK,unseen_or_ambiguous_to_UNK,False
sub-ccepAgeUMCU50,HC20,L,G_parietal_sup,UNK,unseen_or_ambiguous_to_UNK,False
sub-ccepAgeUMCU50,HC21,L,G_postcentral,lh_G_postcentral,unique_hemi_stem_match,True
sub-ccepAgeUMCU50,HC22,L,G_precentral,lh_G_precentral,unique_hemi_stem_match,True
sub-ccepAgeUMCU50,HC23,L,G_precentral,lh_G_precentral,unique_hemi_stem_match,True
sub-ccepAgeUMCU50,HC24,L,G_precentral,lh_G_precentral,unique_hemi_stem_match,True
sub-ccepAgeUMCU50,HC25,L,G_parietal_sup,UNK,unseen_or_ambiguous_to_UNK,False
sub-ccepAgeUMCU50,HC26,L,G_parietal_sup,UNK,unseen_or_ambiguous_to_UNK,False
sub-ccepAgeUMCU50,HC27,L,G_parietal_sup,UNK,unseen_or_ambiguous_to_UNK,False
sub-ccepAgeUMCU50,HC28,L,G_postcentral,lh_G_postcentral,unique_hemi_stem_match,True
sub-ccepAgeUMCU50,HC29,L,G_postcentral,lh_G_postcentral,unique_hemi_stem_match,True
sub-ccepAgeUMCU50,HC30,L,G_precentral,lh_G_precentral,unique_hemi_stem_match,True
sub-ccepAgeUMCU50,HC31,L,G_front_sup,lh_G_front_sup,unique_hemi_stem_match,True
sub-ccepAgeUMCU50,HC32,L,G_front_middle,lh_G_front_middle,unique_hemi_stem_match,True
sub-ccepAgeUMCU50,LC33,L,G_postcentral,lh_G_postcentral,unique_hemi_stem_match,True
sub-ccepAgeUMCU50,LC34,L,G_postcentral,lh_G_postcentral,unique_hemi_stem_match,True
sub-ccepAgeUMCU50,LC35,L,G_pariet_inf-Supramar,lh_G_pariet_inf-Supramar,unique_hemi_stem_match,True
sub-ccepAgeUMCU50,LC36,L,G_pariet_inf-Supramar,lh_G_pariet_inf-Supramar,unique_hemi_stem_match,True
sub-ccepAgeUMCU50,LC37,L,G_pariet_inf-Supramar,lh_G_pariet_inf-Supramar,unique_hemi_stem_match,True
sub-ccepAgeUMCU50,LC38,L,G_pariet_inf-Supramar,lh_G_pariet_inf-Supramar,unique_hemi_stem_match,True
sub-ccepAgeUMCU50,LC39,L,G_pariet_inf-Supramar,lh_G_pariet_inf-Supramar,unique_hemi_stem_match,True
sub-ccepAgeUMCU50,LC40,L,G_pariet_inf-Angular,UNK,unseen_or_ambiguous_to_UNK,False
sub-ccepAgeUMCU50,LC41,L,G&S_subcentral,UNK,unseen_or_ambiguous_to_UNK,False
sub-ccepAgeUMCU50,LC42,L,G&S_subcentral,UNK,unseen_or_ambiguous_to_UNK,False
sub-ccepAgeUMCU50,LC43,L,G_pariet_inf-Supramar,lh_G_pariet_inf-Supramar,unique_hemi_stem_match,True
sub-ccepAgeUMCU50,LC44,L,G_pariet_inf-Supramar,lh_G_pariet_inf-Supramar,unique_hemi_stem_match,True
sub-ccepAgeUMCU50,LC45,L,G_pariet_inf-Supramar,lh_G_pariet_inf-Supramar,unique_hemi_stem_match,True
sub-ccepAgeUMCU50,LC46,L,G_pariet_inf-Supramar,lh_G_pariet_inf-Supramar,unique_hemi_stem_match,True
sub-ccepAgeUMCU50,LC47,L,G_pariet_inf-Angular,UNK,unseen_or_ambiguous_to_UNK,False
sub-ccepAgeUMCU50,LC48,L,G_pariet_inf-Angular,UNK,unseen_or_ambiguous_to_UNK,False
sub-ccepAgeUMCU50,LC49,L,G_temp_sup-Lateral,lh_G_temp_sup-Lateral,unique_hemi_stem_match,True
sub-ccepAgeUMCU50,LC50,L,G_temp_sup-Lateral,lh_G_temp_sup-Lateral,unique_hemi_stem_match,True
sub-ccepAgeUMCU50,LC51,L,G_temp_sup-Lateral,lh_G_temp_sup-Lateral,unique_hemi_stem_match,True
sub-ccepAgeUMCU50,LC52,L,G_temp_sup-Lateral,lh_G_temp_sup-Lateral,unique_hemi_stem_match,True
sub-ccepAgeUMCU50,LC53,L,G_pariet_inf-Supramar,lh_G_pariet_inf-Supramar,unique_hemi_stem_match,True
sub-ccepAgeUMCU50,LC54,L,G_pariet_inf-Supramar,lh_G_pariet_inf-Supramar,unique_hemi_stem_match,True
sub-ccepAgeUMCU50,LC55,L,G_pariet_inf-Angular,UNK,unseen_or_ambiguous_to_UNK,False
sub-ccepAgeUMCU50,LC56,L,G_pariet_inf-Angular,UNK,unseen_or_ambiguous_to_UNK,False
sub-ccepAgeUMCU50,LC57,L,G_temp_sup-Lateral,lh_G_temp_sup-Lateral,unique_hemi_stem_match,True
sub-ccepAgeUMCU50,LC58,L,G_temp_sup-Lateral,lh_G_temp_sup-Lateral,unique_hemi_stem_match,True
sub-ccepAgeUMCU50,LC59,L,G_temp_sup-Lateral,lh_G_temp_sup-Lateral,unique_hemi_stem_match,True
sub-ccepAgeUMCU50,LC60,L,G_temp_sup-Lateral,lh_G_temp_sup-Lateral,unique_hemi_stem_match,True
sub-ccepAgeUMCU50,LC61,L,G_temp_sup-Lateral,lh_G_temp_sup-Lateral,unique_hemi_stem_match,True
sub-ccepAgeUMCU50,LC62,L,S_temporal_sup,lh_S_temporal_sup,unique_hemi_stem_match,True
sub-ccepAgeUMCU50,LC63,L,G_pariet_inf-Angular,UNK,unseen_or_ambiguous_to_UNK,False
sub-ccepAgeUMCU50,LC64,L,G_pariet_inf-Angular,UNK,unseen_or_ambiguous_to_UNK,False
sub-ccepAgeUMCU50,MKR1+,,,UNK,unseen_or_ambiguous_to_UNK,False
sub-ccepAgeUMCU50,el65,,,UNK,unseen_or_ambiguous_to_UNK,False
sub-ccepAgeUMCU50,el66,,,UNK,unseen_or_ambiguous_to_UNK,False
sub-ccepAgeUMCU50,el67,,,UNK,unseen_or_ambiguous_to_UNK,False
sub-ccepAgeUMCU50,el68,,,UNK,unseen_or_ambiguous_to_UNK,False
sub-ccepAgeUMCU50,el69,,,UNK,unseen_or_ambiguous_to_UNK,False
sub-ccepAgeUMCU50,el70,,,UNK,unseen_or_ambiguous_to_UNK,False
sub-ccepAgeUMCU50,el71,,,UNK,unseen_or_ambiguous_to_UNK,False
sub-ccepAgeUMCU50,el72,,,UNK,unseen_or_ambiguous_to_UNK,False
sub-ccepAgeUMCU50,el73,,,UNK,unseen_or_ambiguous_to_UNK,False
sub-ccepAgeUMCU50,el74,,,UNK,unseen_or_ambiguous_to_UNK,False
sub-ccepAgeUMCU50,el75,,,UNK,unseen_or_ambiguous_to_UNK,False
sub-ccepAgeUMCU50,el76,,,UNK,unseen_or_ambiguous_to_UNK,False
sub-ccepAgeUMCU50,el77,,,UNK,unseen_or_ambiguous_to_UNK,False
sub-ccepAgeUMCU50,el78,,,UNK,unseen_or_ambiguous_to_UNK,False
sub-ccepAgeUMCU50,el79,,,UNK,unseen_or_ambiguous_to_UNK,False
sub-ccepAgeUMCU50,el80,,,UNK,unseen_or_ambiguous_to_UNK,False
sub-ccepAgeUMCU50,el81,,,UNK,unseen_or_ambiguous_to_UNK,False
sub-ccepAgeUMCU50,el82,,,UNK,unseen_or_ambiguous_to_UNK,False
sub-ccepAgeUMCU50,el83,,,UNK,unseen_or_ambiguous_to_UNK,False
sub-ccepAgeUMCU50,el84,,,UNK,unseen_or_ambiguous_to_UNK,False
sub-ccepAgeUMCU50,el85,,,UNK,unseen_or_ambiguous_to_UNK,False
sub-ccepAgeUMCU50,el86,,,UNK,unseen_or_ambiguous_to_UNK,False
sub-ccepAgeUMCU50,el87,,,UNK,unseen_or_ambiguous_to_UNK,False
sub-ccepAgeUMCU50,el88,,,UNK,unseen_or_ambiguous_to_UNK,False
sub-ccepAgeUMCU50,AH+,,,UNK,unseen_or_ambiguous_to_UNK,False
sub-ccepAgeUMCU50,ECG+,,,UNK,unseen_or_ambiguous_to_UNK,False
sub-ccepAgeUMCU50,orb+,,,UNK,unseen_or_ambiguous_to_UNK,False
sub-ccepAgeUMCU50,emg+,,,UNK,unseen_or_ambiguous_to_UNK,False
sub-ccepAgeUMCU50,R1+,,,UNK,unseen_or_ambiguous_to_UNK,False
sub-ccepAgeUMCU50,R2+,,,UNK,unseen_or_ambiguous_to_UNK,False
sub-ccepAgeUMCU50,el095,,,UNK,unseen_or_ambiguous_to_UNK,False
sub-ccepAgeUMCU50,el096,,,UNK,unseen_or_ambiguous_to_UNK,False
sub-ccepAgeUMCU50,el097,,,UNK,unseen_or_ambiguous_to_UNK,False
sub-ccepAgeUMCU50,el098,,,UNK,unseen_or_ambiguous_to_UNK,False
sub-ccepAgeUMCU50,el099,,,UNK,unseen_or_ambiguous_to_UNK,False
sub-ccepAgeUMCU50,el100,,,UNK,unseen_or_ambiguous_to_UNK,False
sub-ccepAgeUMCU50,el101,,,UNK,unseen_or_ambiguous_to_UNK,False
sub-ccepAgeUMCU50,el102,,,UNK,unseen_or_ambiguous_to_UNK,False
sub-ccepAgeUMCU50,el103,,,UNK,unseen_or_ambiguous_to_UNK,False
sub-ccepAgeUMCU50,el104,,,UNK,unseen_or_ambiguous_to_UNK,False
sub-ccepAgeUMCU50,el105,,,UNK,unseen_or_ambiguous_to_UNK,False
sub-ccepAgeUMCU50,el106,,,UNK,unseen_or_ambiguous_to_UNK,False
sub-ccepAgeUMCU50,el107,,,UNK,unseen_or_ambiguous_to_UNK,False
sub-ccepAgeUMCU50,el108,,,UNK,unseen_or_ambiguous_to_UNK,False
sub-ccepAgeUMCU50,el109,,,UNK,unseen_or_ambiguous_to_UNK,False
sub-ccepAgeUMCU50,el110,,,UNK,unseen_or_ambiguous_to_UNK,False
sub-ccepAgeUMCU50,el111,,,UNK,unseen_or_ambiguous_to_UNK,False
sub-ccepAgeUMCU50,el112,,,UNK,unseen_or_ambiguous_to_UNK,False
sub-ccepAgeUMCU50,el113,,,UNK,unseen_or_ambiguous_to_UNK,False
sub-ccepAgeUMCU50,el114,,,UNK,unseen_or_ambiguous_to_UNK,False
sub-ccepAgeUMCU50,el115,,,UNK,unseen_or_ambiguous_to_UNK,False
sub-ccepAgeUMCU50,el116,,,UNK,unseen_or_ambiguous_to_UNK,False
sub-ccepAgeUMCU50,el117,,,UNK,unseen_or_ambiguous_to_UNK,False
sub-ccepAgeUMCU50,el118,,,UNK,unseen_or_ambiguous_to_UNK,False
sub-ccepAgeUMCU50,el119,,,UNK,unseen_or_ambiguous_to_UNK,False
sub-ccepAgeUMCU50,el120,,,UNK,unseen_or_ambiguous_to_UNK,False
sub-ccepAgeUMCU50,el121,,,UNK,unseen_or_ambiguous_to_UNK,False
sub-ccepAgeUMCU50,el122,,,UNK,unseen_or_ambiguous_to_UNK,False
sub-ccepAgeUMCU50,el123,,,UNK,unseen_or_ambiguous_to_UNK,False
sub-ccepAgeUMCU50,el124,,,UNK,unseen_or_ambiguous_to_UNK,False
sub-ccepAgeUMCU50,el125,,,UNK,unseen_or_ambiguous_to_UNK,False
sub-ccepAgeUMCU50,el126,,,UNK,unseen_or_ambiguous_to_UNK,False
sub-ccepAgeUMCU50,el127,,,UNK,unseen_or_ambiguous_to_UNK,False
sub-ccepAgeUMCU50,el128,,,UNK,unseen_or_ambiguous_to_UNK,False
sub-ccepAgeUMCU50,thor+,,,UNK,unseen_or_ambiguous_to_UNK,False
sub-ccepAgeUMCU50,abdo+,,,UNK,unseen_or_ambiguous_to_UNK,False
sub-ccepAgeUMCU50,xyz+,,,UNK,unseen_or_ambiguous_to_UNK,False
sub-ccepAgeUMCU50,MKR2+,,,UNK,unseen_or_ambiguous_to_UNK,False
sub-ccepAgeUMCU51,C33,L,G_pariet_inf-Angular,UNK,unseen_or_ambiguous_to_UNK,False
sub-ccepAgeUMCU51,C34,L,G_pariet_inf-Angular,UNK,unseen_or_ambiguous_to_UNK,False
sub-ccepAgeUMCU51,C35,L,G_pariet_inf-Supramar,lh_G_pariet_inf-Supramar,unique_hemi_stem_match,True
sub-ccepAgeUMCU51,C36,L,S_postcentral,lh_S_postcentral,unique_hemi_stem_match,True
sub-ccepAgeUMCU51,C37,L,G_postcentral,lh_G_postcentral,unique_hemi_stem_match,True
sub-ccepAgeUMCU51,C38,L,G_precentral,lh_G_precentral,unique_hemi_stem_match,True
sub-ccepAgeUMCU51,C39,L,G_precentral,lh_G_precentral,unique_hemi_stem_match,True
sub-ccepAgeUMCU51,C40,L,G_front_middle,lh_G_front_middle,unique_hemi_stem_match,True
sub-ccepAgeUMCU51,C41,L,S_intrapariet&P_trans,UNK,unseen_or_ambiguous_to_UNK,False
sub-ccepAgeUMCU51,C42,L,G_parietal_sup,UNK,unseen_or_ambiguous_to_UNK,False
sub-ccepAgeUMCU51,C43,L,G_postcentral,lh_G_postcentral,unique_hemi_stem_match,True
sub-ccepAgeUMCU51,C44,L,G_postcentral,lh_G_postcentral,unique_hemi_stem_match,True
sub-ccepAgeUMCU51,C45,L,G_postcentral,lh_G_postcentral,unique_hemi_stem_match,True
sub-ccepAgeUMCU51,C46,L,G_precentral,lh_G_precentral,unique_hemi_stem_match,True
sub-ccepAgeUMCU51,C47,L,S_precentral-sup-part,lh_S_precentral-sup-part,unique_hemi_stem_match,True
sub-ccepAgeUMCU51,C48,L,G_front_middle,lh_G_front_middle,unique_hemi_stem_match,True
sub-ccepAgeUMCU51,P4,,,UNK,unseen_or_ambiguous_to_UNK,False
sub-ccepAgeUMCU51,T6,,,UNK,unseen_or_ambiguous_to_UNK,False
sub-ccepAgeUMCU51,D1,L,S_circular_insula_sup,lh_S_circular_insula_sup,unique_hemi_stem_match,True
sub-ccepAgeUMCU51,D2,L,G&S_subcentral,UNK,unseen_or_ambiguous_to_UNK,False
sub-ccepAgeUMCU51,D3,L,G&S_subcentral,UNK,unseen_or_ambiguous_to_UNK,False
sub-ccepAgeUMCU51,D4,L,G&S_subcentral,UNK,unseen_or_ambiguous_to_UNK,False
sub-ccepAgeUMCU51,D5,L,G&S_subcentral,UNK,unseen_or_ambiguous_to_UNK,False
sub-ccepAgeUMCU51,D6,L,G&S_subcentral,UNK,unseen_or_ambiguous_to_UNK,False
sub-ccepAgeUMCU51,AH+,,,UNK,unseen_or_ambiguous_to_UNK,False
sub-ccepAgeUMCU51,ECG+,,,UNK,unseen_or_ambiguous_to_UNK,False
sub-ccepAgeUMCU51,orb+,,,UNK,unseen_or_ambiguous_to_UNK,False
sub-ccepAgeUMCU51,R1+,,,UNK,unseen_or_ambiguous_to_UNK,False
sub-ccepAgeUMCU51,R2+,,,UNK,unseen_or_ambiguous_to_UNK,False
sub-ccepAgeUMCU51,R3+,,,UNK,unseen_or_ambiguous_to_UNK,False
sub-ccepAgeUMCU51,elA31,,,UNK,unseen_or_ambiguous_to_UNK,False
sub-ccepAgeUMCU51,elA32,,,UNK,unseen_or_ambiguous_to_UNK,False
sub-ccepAgeUMCU51,C01,L,G_temporal_middle,lh_G_temporal_middle,unique_hemi_stem_match,True
sub-ccepAgeUMCU51,C02,L,G_temp_sup-Lateral,lh_G_temp_sup-Lateral,unique_hemi_stem_match,True
sub-ccepAgeUMCU51,C03,L,G_temp_sup-Plan_tempo,lh_G_temp_sup-Plan_tempo,unique_hemi_stem_match,True
sub-ccepAgeUMCU51,C04,L,G_temp_sup-Plan_tempo,lh_G_temp_sup-Plan_tempo,unique_hemi_stem_match,True
sub-ccepAgeUMCU51,C05,L,G_temp_sup-Lateral,lh_G_temp_sup-Lateral,unique_hemi_stem_match,True
sub-ccepAgeUMCU51,C06,L,G_temp_sup-Lateral,lh_G_temp_sup-Lateral,unique_hemi_stem_match,True
sub-ccepAgeUMCU51,C07,L,G_front_inf-Opercular,UNK,unseen_or_ambiguous_to_UNK,False
sub-ccepAgeUMCU51,C08,L,G_front_inf-Opercular,UNK,unseen_or_ambiguous_to_UNK,False
sub-ccepAgeUMCU51,C09,L,G_pariet_inf-Angular,UNK,unseen_or_ambiguous_to_UNK,False
sub-ccepAgeUMCU51,C10,L,G_pariet_inf-Supramar,lh_G_pariet_inf-Supramar,unique_hemi_stem_match,True
sub-ccepAgeUMCU51,C11,L,G_pariet_inf-Supramar,lh_G_pariet_inf-Supramar,unique_hemi_stem_match,True
sub-ccepAgeUMCU51,C12,L,G_pariet_inf-Supramar,lh_G_pariet_inf-Supramar,unique_hemi_stem_match,True
sub-ccepAgeUMCU51,C13,L,G&S_subcentral,UNK,unseen_or_ambiguous_to_UNK,False
sub-ccepAgeUMCU51,C14,L,G&S_subcentral,UNK,unseen_or_ambiguous_to_UNK,False
sub-ccepAgeUMCU51,C15,L,G&S_subcentral,UNK,unseen_or_ambiguous_to_UNK,False
sub-ccepAgeUMCU51,C16,L,G_precentral,lh_G_precentral,unique_hemi_stem_match,True
sub-ccepAgeUMCU51,C17,L,G_pariet_inf-Angular,UNK,unseen_or_ambiguous_to_UNK,False
sub-ccepAgeUMCU51,C18,L,S_interm_prim-Jensen,lh_S_interm_prim-Jensen,unique_hemi_stem_match,True
sub-ccepAgeUMCU51,C19,L,G_pariet_inf-Supramar,lh_G_pariet_inf-Supramar,unique_hemi_stem_match,True
sub-ccepAgeUMCU51,C20,L,G_pariet_inf-Supramar,lh_G_pariet_inf-Supramar,unique_hemi_stem_match,True
sub-ccepAgeUMCU51,C21,L,G_pariet_inf-Supramar,lh_G_pariet_inf-Supramar,unique_hemi_stem_match,True
sub-ccepAgeUMCU51,C22,L,G&S_subcentral,UNK,unseen_or_ambiguous_to_UNK,False
sub-ccepAgeUMCU51,C23,L,G&S_subcentral,UNK,unseen_or_ambiguous_to_UNK,False
sub-ccepAgeUMCU51,C24,L,G_precentral,lh_G_precentral,unique_hemi_stem_match,True
sub-ccepAgeUMCU51,C25,L,G_pariet_inf-Angular,UNK,unseen_or_ambiguous_to_UNK,False
sub-ccepAgeUMCU51,C26,L,G_pariet_inf-Angular,UNK,unseen_or_ambiguous_to_UNK,False
sub-ccepAgeUMCU51,C27,L,G_pariet_inf-Supramar,lh_G_pariet_inf-Supramar,unique_hemi_stem_match,True
sub-ccepAgeUMCU51,C28,L,G_pariet_inf-Supramar,lh_G_pariet_inf-Supramar,unique_hemi_stem_match,True
sub-ccepAgeUMCU51,C29,L,G_postcentral,lh_G_postcentral,unique_hemi_stem_match,True
sub-ccepAgeUMCU51,C30,L,G_precentral,lh_G_precentral,unique_hemi_stem_match,True
sub-ccepAgeUMCU51,C31,L,G_precentral,lh_G_precentral,unique_hemi_stem_match,True
sub-ccepAgeUMCU51,C32,L,G_precentral,lh_G_precentral,unique_hemi_stem_match,True
sub-ccepAgeUMCU51,thor+,,,UNK,unseen_or_ambiguous_to_UNK,False
sub-ccepAgeUMCU51,abdo+,,,UNK,unseen_or_ambiguous_to_UNK,False
sub-ccepAgeUMCU51,xyz+,,,UNK,unseen_or_ambiguous_to_UNK,False
sub-ccepAgeUMCU51,MKR+,,,UNK,unseen_or_ambiguous_to_UNK,False
sub-ccepAgeUMCU52,IH01,L,G&S_cingul-Ant,lh_G&S_cingul-Ant,unique_hemi_stem_match,True
sub-ccepAgeUMCU52,IH02,L,G_front_sup,lh_G_front_sup,unique_hemi_stem_match,True
sub-ccepAgeUMCU52,IH03,L,G_front_sup,lh_G_front_sup,unique_hemi_stem_match,True
sub-ccepAgeUMCU52,IH04,L,G_front_sup,lh_G_front_sup,unique_hemi_stem_match,True
sub-ccepAgeUMCU52,IH05,L,G_front_sup,lh_G_front_sup,unique_hemi_stem_match,True
sub-ccepAgeUMCU52,IH06,L,G_front_sup,lh_G_front_sup,unique_hemi_stem_match,True
sub-ccepAgeUMCU52,IH07,L,G_front_sup,lh_G_front_sup,unique_hemi_stem_match,True
sub-ccepAgeUMCU52,IH08,L,G_front_middle,lh_G_front_middle,unique_hemi_stem_match,True
sub-ccepAgeUMCU52,IH09,L,G_front_sup,lh_G_front_sup,unique_hemi_stem_match,True
sub-ccepAgeUMCU52,IH10,L,G_front_sup,lh_G_front_sup,unique_hemi_stem_match,True
sub-ccepAgeUMCU52,IH11,L,G_front_sup,lh_G_front_sup,unique_hemi_stem_match,True
sub-ccepAgeUMCU52,IH12,L,G_front_sup,lh_G_front_sup,unique_hemi_stem_match,True
sub-ccepAgeUMCU52,IH13,L,G_front_sup,lh_G_front_sup,unique_hemi_stem_match,True
sub-ccepAgeUMCU52,IH14,L,G_front_sup,lh_G_front_sup,unique_hemi_stem_match,True
sub-ccepAgeUMCU52,IH15,L,G_front_middle,lh_G_front_middle,unique_hemi_stem_match,True
sub-ccepAgeUMCU52,IH16,L,G_front_middle,lh_G_front_middle,unique_hemi_stem_match,True
sub-ccepAgeUMCU52,FB1,L,G_orbital,UNK,unseen_or_ambiguous_to_UNK,False
sub-ccepAgeUMCU52,FB2,L,G_orbital,UNK,unseen_or_ambiguous_to_UNK,False
sub-ccepAgeUMCU52,FB3,L,S_orbital-H_Shaped,lh_S_orbital-H_Shaped,unique_hemi_stem_match,True
sub-ccepAgeUMCU52,FB4,L,S_orbital-H_Shaped,lh_S_orbital-H_Shaped,unique_hemi_stem_match,True
sub-ccepAgeUMCU52,FB5,L,G_orbital,UNK,unseen_or_ambiguous_to_UNK,False
sub-ccepAgeUMCU52,FB6,L,G_orbital,UNK,unseen_or_ambiguous_to_UNK,False
sub-ccepAgeUMCU52,FB7,L,S_orbital-H_Shaped,lh_S_orbital-H_Shaped,unique_hemi_stem_match,True
sub-ccepAgeUMCU52,FB8,L,S_orbital-H_Shaped,lh_S_orbital-H_Shaped,unique_hemi_stem_match,True
sub-ccepAgeUMCU52,FL1,L,G&S_frontomargin,UNK,unseen_or_ambiguous_to_UNK,False
sub-ccepAgeUMCU52,FL2,L,G&S_frontomargin,UNK,unseen_or_ambiguous_to_UNK,False
sub-ccepAgeUMCU52,FL3,L,G&S_frontomargin,UNK,unseen_or_ambiguous_to_UNK,False
sub-ccepAgeUMCU52,FL4,L,G_orbital,UNK,unseen_or_ambiguous_to_UNK,False
sub-ccepAgeUMCU52,FL5,L,G_orbital,UNK,unseen_or_ambiguous_to_UNK,False
sub-ccepAgeUMCU52,FL6,L,G_orbital,UNK,unseen_or_ambiguous_to_UNK,False
sub-ccepAgeUMCU52,FL7,L,S_orbital_lateral,UNK,unseen_or_ambiguous_to_UNK,False
sub-ccepAgeUMCU52,FL8,L,G_orbital,UNK,unseen_or_ambiguous_to_UNK,False
sub-ccepAgeUMCU52,F01,L,G_front_sup,lh_G_front_sup,unique_hemi_stem_match,True
sub-ccepAgeUMCU52,F02,L,G_front_sup,lh_G_front_sup,unique_hemi_stem_match,True
sub-ccepAgeUMCU52,F03,L,G_front_middle,lh_G_front_middle,unique_hemi_stem_match,True
sub-ccepAgeUMCU52,F04,L,G_front_middle,lh_G_front_middle,unique_hemi_stem_match,True
sub-ccepAgeUMCU52,F05,L,S_front_sup,lh_S_front_sup,unique_hemi_stem_match,True
sub-ccepAgeUMCU52,F06,L,G_front_middle,lh_G_front_middle,unique_hemi_stem_match,True
sub-ccepAgeUMCU52,F07,L,G_front_middle,lh_G_front_middle,unique_hemi_stem_match,True
sub-ccepAgeUMCU52,F08,L,G_front_middle,lh_G_front_middle,unique_hemi_stem_match,True
sub-ccepAgeUMCU52,F09,L,G_front_sup,lh_G_front_sup,unique_hemi_stem_match,True
sub-ccepAgeUMCU52,F10,L,G_front_middle,lh_G_front_middle,unique_hemi_stem_match,True
sub-ccepAgeUMCU52,F11,L,S_front_middle,lh_S_front_middle,unique_hemi_stem_match,True
sub-ccepAgeUMCU52,F12,L,S_front_middle,lh_S_front_middle,unique_hemi_stem_match,True
sub-ccepAgeUMCU52,F13,L,G_front_middle,lh_G_front_middle,unique_hemi_stem_match,True
sub-ccepAgeUMCU52,F14,L,S_front_sup,lh_S_front_sup,unique_hemi_stem_match,True
sub-ccepAgeUMCU52,F15,L,G_front_middle,lh_G_front_middle,unique_hemi_stem_match,True
sub-ccepAgeUMCU52,F16,L,G_front_middle,lh_G_front_middle,unique_hemi_stem_match,True
sub-ccepAgeUMCU52,F17,L,G_front_middle,lh_G_front_middle,unique_hemi_stem_match,True
sub-ccepAgeUMCU52,F18,L,G_front_middle,lh_G_front_middle,unique_hemi_stem_match,True
sub-ccepAgeUMCU52,F19,L,G_front_middle,lh_G_front_middle,unique_hemi_stem_match,True
sub-ccepAgeUMCU52,F20,L,G_front_middle,lh_G_front_middle,unique_hemi_stem_match,True
sub-ccepAgeUMCU52,F21,L,G_front_middle,lh_G_front_middle,unique_hemi_stem_match,True
sub-ccepAgeUMCU52,F22,L,G_front_middle,lh_G_front_middle,unique_hemi_stem_match,True
sub-ccepAgeUMCU52,F23,L,S_front_inf,lh_S_front_inf,unique_hemi_stem_match,True
sub-ccepAgeUMCU52,F24,L,G_front_inf-Opercular,UNK,unseen_or_ambiguous_to_UNK,False
sub-ccepAgeUMCU52,F25,L,G&S_frontomargin,UNK,unseen_or_ambiguous_to_UNK,False
sub-ccepAgeUMCU52,F26,L,G_front_middle,lh_G_front_middle,unique_hemi_stem_match,True
sub-ccepAgeUMCU52,F27,L,G_front_middle,lh_G_front_middle,unique_hemi_stem_match,True
sub-ccepAgeUMCU52,F28,L,G_front_middle,lh_G_front_middle,unique_hemi_stem_match,True
sub-ccepAgeUMCU52,F29,L,G_front_inf-Triangul,lh_G_front_inf-Triangul,unique_hemi_stem_match,True
sub-ccepAgeUMCU52,F30,L,G_front_inf-Triangul,lh_G_front_inf-Triangul,unique_hemi_stem_match,True
sub-ccepAgeUMCU52,F31,L,G_front_inf-Triangul,lh_G_front_inf-Triangul,unique_hemi_stem_match,True
sub-ccepAgeUMCU52,F32,L,G_front_inf-Opercular,UNK,unseen_or_ambiguous_to_UNK,False
sub-ccepAgeUMCU52,MKR1+,,,UNK,unseen_or_ambiguous_to_UNK,False
sub-ccepAgeUMCU52,el065,,,UNK,unseen_or_ambiguous_to_UNK,False
sub-ccepAgeUMCU52,el066,,,UNK,unseen_or_ambiguous_to_UNK,False
sub-ccepAgeUMCU52,el067,,,UNK,unseen_or_ambiguous_to_UNK,False
sub-ccepAgeUMCU52,el068,,,UNK,unseen_or_ambiguous_to_UNK,False
sub-ccepAgeUMCU52,el069,,,UNK,unseen_or_ambiguous_to_UNK,False
sub-ccepAgeUMCU52,el070,,,UNK,unseen_or_ambiguous_to_UNK,False
sub-ccepAgeUMCU52,el071,,,UNK,unseen_or_ambiguous_to_UNK,False
sub-ccepAgeUMCU52,el072,,,UNK,unseen_or_ambiguous_to_UNK,False
sub-ccepAgeUMCU52,el073,,,UNK,unseen_or_ambiguous_to_UNK,False
sub-ccepAgeUMCU52,el074,,,UNK,unseen_or_ambiguous_to_UNK,False
sub-ccepAgeUMCU52,el075,,,UNK,unseen_or_ambiguous_to_UNK,False
sub-ccepAgeUMCU52,el076,,,UNK,unseen_or_ambiguous_to_UNK,False
sub-ccepAgeUMCU52,el077,,,UNK,unseen_or_ambiguous_to_UNK,False
sub-ccepAgeUMCU52,el078,,,UNK,unseen_or_ambiguous_to_UNK,False
sub-ccepAgeUMCU52,el079,,,UNK,unseen_or_ambiguous_to_UNK,False
sub-ccepAgeUMCU52,el080,,,UNK,unseen_or_ambiguous_to_UNK,False
sub-ccepAgeUMCU52,el081,,,UNK,unseen_or_ambiguous_to_UNK,False
sub-ccepAgeUMCU52,el082,,,UNK,unseen_or_ambiguous_to_UNK,False
sub-ccepAgeUMCU52,el083,,,UNK,unseen_or_ambiguous_to_UNK,False
sub-ccepAgeUMCU52,el084,,,UNK,unseen_or_ambiguous_to_UNK,False
sub-ccepAgeUMCU52,el085,,,UNK,unseen_or_ambiguous_to_UNK,False
sub-ccepAgeUMCU52,el086,,,UNK,unseen_or_ambiguous_to_UNK,False
sub-ccepAgeUMCU52,el087,,,UNK,unseen_or_ambiguous_to_UNK,False
sub-ccepAgeUMCU52,el088,,,UNK,unseen_or_ambiguous_to_UNK,False
sub-ccepAgeUMCU52,AH+,,,UNK,unseen_or_ambiguous_to_UNK,False
sub-ccepAgeUMCU52,ECG+,,,UNK,unseen_or_ambiguous_to_UNK,False
sub-ccepAgeUMCU52,ORB+,,,UNK,unseen_or_ambiguous_to_UNK,False
sub-ccepAgeUMCU52,emg1+,,,UNK,unseen_or_ambiguous_to_UNK,False
sub-ccepAgeUMCU52,emg2+,,,UNK,unseen_or_ambiguous_to_UNK,False
sub-ccepAgeUMCU52,emg3+,,,UNK,unseen_or_ambiguous_to_UNK,False
sub-ccepAgeUMCU52,el097,,,UNK,unseen_or_ambiguous_to_UNK,False
sub-ccepAgeUMCU52,el098,,,UNK,unseen_or_ambiguous_to_UNK,False
sub-ccepAgeUMCU52,el099,,,UNK,unseen_or_ambiguous_to_UNK,False
sub-ccepAgeUMCU52,el100,,,UNK,unseen_or_ambiguous_to_UNK,False
sub-ccepAgeUMCU52,el101,,,UNK,unseen_or_ambiguous_to_UNK,False
sub-ccepAgeUMCU52,el102,,,UNK,unseen_or_ambiguous_to_UNK,False
sub-ccepAgeUMCU52,el103,,,UNK,unseen_or_ambiguous_to_UNK,False
sub-ccepAgeUMCU52,el104,,,UNK,unseen_or_ambiguous_to_UNK,False
sub-ccepAgeUMCU52,el105,,,UNK,unseen_or_ambiguous_to_UNK,False
sub-ccepAgeUMCU52,el106,,,UNK,unseen_or_ambiguous_to_UNK,False
sub-ccepAgeUMCU52,el107,,,UNK,unseen_or_ambiguous_to_UNK,False
sub-ccepAgeUMCU52,el108,,,UNK,unseen_or_ambiguous_to_UNK,False
sub-ccepAgeUMCU52,el109,,,UNK,unseen_or_ambiguous_to_UNK,False
sub-ccepAgeUMCU52,el110,,,UNK,unseen_or_ambiguous_to_UNK,False
sub-ccepAgeUMCU52,el111,,,UNK,unseen_or_ambiguous_to_UNK,False
sub-ccepAgeUMCU52,el112,,,UNK,unseen_or_ambiguous_to_UNK,False
sub-ccepAgeUMCU52,el113,,,UNK,unseen_or_ambiguous_to_UNK,False
sub-ccepAgeUMCU52,el114,,,UNK,unseen_or_ambiguous_to_UNK,False
sub-ccepAgeUMCU52,el115,,,UNK,unseen_or_ambiguous_to_UNK,False
sub-ccepAgeUMCU52,el116,,,UNK,unseen_or_ambiguous_to_UNK,False
sub-ccepAgeUMCU52,el117,,,UNK,unseen_or_ambiguous_to_UNK,False
sub-ccepAgeUMCU52,el118,,,UNK,unseen_or_ambiguous_to_UNK,False
sub-ccepAgeUMCU52,el119,,,UNK,unseen_or_ambiguous_to_UNK,False
sub-ccepAgeUMCU52,el120,,,UNK,unseen_or_ambiguous_to_UNK,False
sub-ccepAgeUMCU52,el121,,,UNK,unseen_or_ambiguous_to_UNK,False
sub-ccepAgeUMCU52,el122,,,UNK,unseen_or_ambiguous_to_UNK,False
sub-ccepAgeUMCU52,el123,,,UNK,unseen_or_ambiguous_to_UNK,False
sub-ccepAgeUMCU52,el124,,,UNK,unseen_or_ambiguous_to_UNK,False
sub-ccepAgeUMCU52,el125,,,UNK,unseen_or_ambiguous_to_UNK,False
sub-ccepAgeUMCU52,el126,,,UNK,unseen_or_ambiguous_to_UNK,False
sub-ccepAgeUMCU52,el127,,,UNK,unseen_or_ambiguous_to_UNK,False
sub-ccepAgeUMCU52,el128,,,UNK,unseen_or_ambiguous_to_UNK,False
sub-ccepAgeUMCU52,thor+,,,UNK,unseen_or_ambiguous_to_UNK,False
sub-ccepAgeUMCU52,abdo+,,,UNK,unseen_or_ambiguous_to_UNK,False
sub-ccepAgeUMCU52,xyz+,,,UNK,unseen_or_ambiguous_to_UNK,False
sub-ccepAgeUMCU52,MKR2+,,,UNK,unseen_or_ambiguous_to_UNK,False
sub-ccepAgeUMCU53,F01,R,G_front_middle,rh_G_front_middle,unique_hemi_stem_match,True
sub-ccepAgeUMCU53,F02,R,G_orbital,rh_G_orbital,unique_hemi_stem_match,True
sub-ccepAgeUMCU53,F03,R,G_orbital,rh_G_orbital,unique_hemi_stem_match,True
sub-ccepAgeUMCU53,F04,R,G_orbital,rh_G_orbital,unique_hemi_stem_match,True
sub-ccepAgeUMCU53,F05,R,G_temp_sup-Lateral,rh_G_temp_sup-Lateral,unique_hemi_stem_match,True
sub-ccepAgeUMCU53,F06,R,G_temp_sup-Lateral,rh_G_temp_sup-Lateral,unique_hemi_stem_match,True
sub-ccepAgeUMCU53,F07,R,G_temporal_middle,rh_G_temporal_middle,unique_hemi_stem_match,True
sub-ccepAgeUMCU53,F08,R,G_temporal_middle,rh_G_temporal_middle,unique_hemi_stem_match,True
sub-ccepAgeUMCU53,F09,R,G_front_middle,rh_G_front_middle,unique_hemi_stem_match,True
sub-ccepAgeUMCU53,F10,R,G_front_middle,rh_G_front_middle,unique_hemi_stem_match,True
sub-ccepAgeUMCU53,F11,R,G_front_middle,rh_G_front_middle,unique_hemi_stem_match,True
sub-ccepAgeUMCU53,F12,R,G_front_inf-Orbital,rh_G_front_inf-Orbital,unique_hemi_stem_match,True
sub-ccepAgeUMCU53,F13,R,G_front_inf-Orbital,rh_G_front_inf-Orbital,unique_hemi_stem_match,True
sub-ccepAgeUMCU53,F14,R,G_temp_sup-Lateral,rh_G_temp_sup-Lateral,unique_hemi_stem_match,True
sub-ccepAgeUMCU53,F15,R,G_temp_sup-Lateral,rh_G_temp_sup-Lateral,unique_hemi_stem_match,True
sub-ccepAgeUMCU53,F16,R,G_temporal_middle,rh_G_temporal_middle,unique_hemi_stem_match,True
sub-ccepAgeUMCU53,F17,R,S_front_middle,rh_S_front_middle,unique_hemi_stem_match,True
sub-ccepAgeUMCU53,F18,R,G_front_middle,rh_G_front_middle,unique_hemi_stem_match,True
sub-ccepAgeUMCU53,F19,R,G_front_inf-Triangul,rh_G_front_inf-Triangul,unique_hemi_stem_match,True
sub-ccepAgeUMCU53,F20,R,G_front_inf-Triangul,rh_G_front_inf-Triangul,unique_hemi_stem_match,True
sub-ccepAgeUMCU53,F21,R,G_front_inf-Opercular,UNK,unseen_or_ambiguous_to_UNK,False
sub-ccepAgeUMCU53,F22,R,G_temp_sup-Lateral,rh_G_temp_sup-Lateral,unique_hemi_stem_match,True
sub-ccepAgeUMCU53,F23,R,G_temp_sup-Lateral,rh_G_temp_sup-Lateral,unique_hemi_stem_match,True
sub-ccepAgeUMCU53,F24,R,G_temporal_middle,rh_G_temporal_middle,unique_hemi_stem_match,True
sub-ccepAgeUMCU53,F25,R,S_front_middle,rh_S_front_middle,unique_hemi_stem_match,True
sub-ccepAgeUMCU53,F26,R,G_front_middle,rh_G_front_middle,unique_hemi_stem_match,True
sub-ccepAgeUMCU53,F27,R,G_front_middle,rh_G_front_middle,unique_hemi_stem_match,True
sub-ccepAgeUMCU53,F28,R,G_front_inf-Opercular,UNK,unseen_or_ambiguous_to_UNK,False
sub-ccepAgeUMCU53,F29,R,G_front_inf-Opercular,UNK,unseen_or_ambiguous_to_UNK,False
sub-ccepAgeUMCU53,F30,R,G&S_subcentral,UNK,unseen_or_ambiguous_to_UNK,False
sub-ccepAgeUMCU53,F31,R,G&S_subcentral,UNK,unseen_or_ambiguous_to_UNK,False
sub-ccepAgeUMCU53,F32,R,G_temp_sup-Lateral,rh_G_temp_sup-Lateral,unique_hemi_stem_match,True
sub-ccepAgeUMCU53,FB1,R,G_orbital,rh_G_orbital,unique_hemi_stem_match,True
sub-ccepAgeUMCU53,FB2,R,G_orbital,rh_G_orbital,unique_hemi_stem_match,True
sub-ccepAgeUMCU53,FB3,R,G_orbital,rh_G_orbital,unique_hemi_stem_match,True
sub-ccepAgeUMCU53,FB4,R,G_front_inf-Orbital,rh_G_front_inf-Orbital,unique_hemi_stem_match,True
sub-ccepAgeUMCU53,FB5,R,G_orbital,rh_G_orbital,unique_hemi_stem_match,True
sub-ccepAgeUMCU53,FB6,R,S_orbital-H_Shaped,rh_S_orbital-H_Shaped,unique_hemi_stem_match,True
sub-ccepAgeUMCU53,FB7,R,G_orbital,rh_G_orbital,unique_hemi_stem_match,True
sub-ccepAgeUMCU53,FB8,R,G_orbital,rh_G_orbital,unique_hemi_stem_match,True
sub-ccepAgeUMCU53,vT1,R,G_oc-temp_med-Parahip,rh_G_oc-temp_med-Parahip,unique_hemi_stem_match,True
sub-ccepAgeUMCU53,vT2,R,G_oc-temp_med-Parahip,rh_G_oc-temp_med-Parahip,unique_hemi_stem_match,True
sub-ccepAgeUMCU53,vT3,R,G_oc-temp_med-Parahip,rh_G_oc-temp_med-Parahip,unique_hemi_stem_match,True
sub-ccepAgeUMCU53,vT4,R,G_oc-temp_med-Parahip,rh_G_oc-temp_med-Parahip,unique_hemi_stem_match,True
sub-ccepAgeUMCU53,vT5,R,Pole_temporal,rh_Pole_temporal,unique_hemi_stem_match,True
sub-ccepAgeUMCU53,vT6,R,Pole_temporal,rh_Pole_temporal,unique_hemi_stem_match,True
sub-ccepAgeUMCU53,vT7,R,Pole_temporal,rh_Pole_temporal,unique_hemi_stem_match,True
sub-ccepAgeUMCU53,vT8,R,Pole_temporal,rh_Pole_temporal,unique_hemi_stem_match,True
sub-ccepAgeUMCU53,sT1,R,Pole_temporal,rh_Pole_temporal,unique_hemi_stem_match,True
sub-ccepAgeUMCU53,sT2,R,Pole_temporal,rh_Pole_temporal,unique_hemi_stem_match,True
sub-ccepAgeUMCU53,sT3,R,Pole_temporal,rh_Pole_temporal,unique_hemi_stem_match,True
sub-ccepAgeUMCU53,sT4,R,Pole_temporal,rh_Pole_temporal,unique_hemi_stem_match,True
sub-ccepAgeUMCU53,sT5,R,Pole_temporal,rh_Pole_temporal,unique_hemi_stem_match,True
sub-ccepAgeUMCU53,sT6,R,G_temporal_inf,rh_G_temporal_inf,unique_hemi_stem_match,True
sub-ccepAgeUMCU53,sT7,R,G_temporal_inf,rh_G_temporal_inf,unique_hemi_stem_match,True
sub-ccepAgeUMCU53,sT8,R,G_temporal_middle,rh_G_temporal_middle,unique_hemi_stem_match,True
sub-ccepAgeUMCU53,el057,,,UNK,unseen_or_ambiguous_to_UNK,False
sub-ccepAgeUMCU53,el058,,,UNK,unseen_or_ambiguous_to_UNK,False
sub-ccepAgeUMCU53,D1,R,S_circular_insula_ant,UNK,unseen_or_ambiguous_to_UNK,False
sub-ccepAgeUMCU53,D2,R,S_circular_insula_ant,UNK,unseen_or_ambiguous_to_UNK,False
sub-ccepAgeUMCU53,D3,R,G_insular_short,rh_G_insular_short,unique_hemi_stem_match,True
sub-ccepAgeUMCU53,D4,R,G_front_inf-Orbital,rh_G_front_inf-Orbital,unique_hemi_stem_match,True
sub-ccepAgeUMCU53,D5,R,G_front_inf-Orbital,rh_G_front_inf-Orbital,unique_hemi_stem_match,True
sub-ccepAgeUMCU53,D6,R,S_orbital_lateral,UNK,unseen_or_ambiguous_to_UNK,False
sub-ccepAgeUMCU53,MKR1+,,,UNK,unseen_or_ambiguous_to_UNK,False
sub-ccepAgeUMCU53,L_F7,,,UNK,unseen_or_ambiguous_to_UNK,False
sub-ccepAgeUMCU53,L_T7,,,UNK,unseen_or_ambiguous_to_UNK,False
sub-ccepAgeUMCU53,L_P7,,,UNK,unseen_or_ambiguous_to_UNK,False
sub-ccepAgeUMCU53,el068,,,UNK,unseen_or_ambiguous_to_UNK,False
sub-ccepAgeUMCU53,el069,,,UNK,unseen_or_ambiguous_to_UNK,False
sub-ccepAgeUMCU53,el070,,,UNK,unseen_or_ambiguous_to_UNK,False
sub-ccepAgeUMCU53,el071,,,UNK,unseen_or_ambiguous_to_UNK,False
sub-ccepAgeUMCU53,el072,,,UNK,unseen_or_ambiguous_to_UNK,False
sub-ccepAgeUMCU53,el073,,,UNK,unseen_or_ambiguous_to_UNK,False
sub-ccepAgeUMCU53,el074,,,UNK,unseen_or_ambiguous_to_UNK,False
sub-ccepAgeUMCU53,el075,,,UNK,unseen_or_ambiguous_to_UNK,False
sub-ccepAgeUMCU53,el076,,,UNK,unseen_or_ambiguous_to_UNK,False
sub-ccepAgeUMCU53,el077,,,UNK,unseen_or_ambiguous_to_UNK,False
sub-ccepAgeUMCU53,el078,,,UNK,unseen_or_ambiguous_to_UNK,False
sub-ccepAgeUMCU53,el079,,,UNK,unseen_or_ambiguous_to_UNK,False
sub-ccepAgeUMCU53,el080,,,UNK,unseen_or_ambiguous_to_UNK,False
sub-ccepAgeUMCU53,el081,,,UNK,unseen_or_ambiguous_to_UNK,False
sub-ccepAgeUMCU53,el082,,,UNK,unseen_or_ambiguous_to_UNK,False
sub-ccepAgeUMCU53,el083,,,UNK,unseen_or_ambiguous_to_UNK,False
sub-ccepAgeUMCU53,el084,,,UNK,unseen_or_ambiguous_to_UNK,False
sub-ccepAgeUMCU53,el085,,,UNK,unseen_or_ambiguous_to_UNK,False
sub-ccepAgeUMCU53,el086,,,UNK,unseen_or_ambiguous_to_UNK,False
sub-ccepAgeUMCU53,el087,,,UNK,unseen_or_ambiguous_to_UNK,False
sub-ccepAgeUMCU53,el088,,,UNK,unseen_or_ambiguous_to_UNK,False
sub-ccepAgeUMCU53,AH+,,,UNK,unseen_or_ambiguous_to_UNK,False
sub-ccepAgeUMCU53,ECG+,,,UNK,unseen_or_ambiguous_to_UNK,False
sub-ccepAgeUMCU53,orb+,,,UNK,unseen_or_ambiguous_to_UNK,False
sub-ccepAgeUMCU53,emg1+,,,UNK,unseen_or_ambiguous_to_UNK,False
sub-ccepAgeUMCU53,emg2+,,,UNK,unseen_or_ambiguous_to_UNK,False
sub-ccepAgeUMCU53,pB30+,,,UNK,unseen_or_ambiguous_to_UNK,False
sub-ccepAgeUMCU53,pB31+,,,UNK,unseen_or_ambiguous_to_UNK,False
sub-ccepAgeUMCU53,pB32+,,,UNK,unseen_or_ambiguous_to_UNK,False
sub-ccepAgeUMCU53,el097,,,UNK,unseen_or_ambiguous_to_UNK,False
sub-ccepAgeUMCU53,el098,,,UNK,unseen_or_ambiguous_to_UNK,False
sub-ccepAgeUMCU53,el099,,,UNK,unseen_or_ambiguous_to_UNK,False
sub-ccepAgeUMCU53,el100,,,UNK,unseen_or_ambiguous_to_UNK,False
sub-ccepAgeUMCU53,el101,,,UNK,unseen_or_ambiguous_to_UNK,False
sub-ccepAgeUMCU53,el102,,,UNK,unseen_or_ambiguous_to_UNK,False
sub-ccepAgeUMCU53,el103,,,UNK,unseen_or_ambiguous_to_UNK,False
sub-ccepAgeUMCU53,el104,,,UNK,unseen_or_ambiguous_to_UNK,False
sub-ccepAgeUMCU53,el105,,,UNK,unseen_or_ambiguous_to_UNK,False
sub-ccepAgeUMCU53,el106,,,UNK,unseen_or_ambiguous_to_UNK,False
sub-ccepAgeUMCU53,el107,,,UNK,unseen_or_ambiguous_to_UNK,False
sub-ccepAgeUMCU53,el108,,,UNK,unseen_or_ambiguous_to_UNK,False
sub-ccepAgeUMCU53,el109,,,UNK,unseen_or_ambiguous_to_UNK,False
sub-ccepAgeUMCU53,el110,,,UNK,unseen_or_ambiguous_to_UNK,False
sub-ccepAgeUMCU53,el111,,,UNK,unseen_or_ambiguous_to_UNK,False
sub-ccepAgeUMCU53,el112,,,UNK,unseen_or_ambiguous_to_UNK,False
sub-ccepAgeUMCU53,el113,,,UNK,unseen_or_ambiguous_to_UNK,False
sub-ccepAgeUMCU53,el114,,,UNK,unseen_or_ambiguous_to_UNK,False
sub-ccepAgeUMCU53,el115,,,UNK,unseen_or_ambiguous_to_UNK,False
sub-ccepAgeUMCU53,el116,,,UNK,unseen_or_ambiguous_to_UNK,False
sub-ccepAgeUMCU53,el117,,,UNK,unseen_or_ambiguous_to_UNK,False
sub-ccepAgeUMCU53,el118,,,UNK,unseen_or_ambiguous_to_UNK,False
sub-ccepAgeUMCU53,el119,,,UNK,unseen_or_ambiguous_to_UNK,False
sub-ccepAgeUMCU53,el120,,,UNK,unseen_or_ambiguous_to_UNK,False
sub-ccepAgeUMCU53,el121,,,UNK,unseen_or_ambiguous_to_UNK,False
sub-ccepAgeUMCU53,el122,,,UNK,unseen_or_ambiguous_to_UNK,False
sub-ccepAgeUMCU53,el123,,,UNK,unseen_or_ambiguous_to_UNK,False
sub-ccepAgeUMCU53,el124,,,UNK,unseen_or_ambiguous_to_UNK,False
sub-ccepAgeUMCU53,el125,,,UNK,unseen_or_ambiguous_to_UNK,False
sub-ccepAgeUMCU53,el126,,,UNK,unseen_or_ambiguous_to_UNK,False
sub-ccepAgeUMCU53,el127,,,UNK,unseen_or_ambiguous_to_UNK,False
sub-ccepAgeUMCU53,el128,,,UNK,unseen_or_ambiguous_to_UNK,False
sub-ccepAgeUMCU53,thor+,,,UNK,unseen_or_ambiguous_to_UNK,False
sub-ccepAgeUMCU53,abdo+,,,UNK,unseen_or_ambiguous_to_UNK,False
sub-ccepAgeUMCU53,xyz+,,,UNK,unseen_or_ambiguous_to_UNK,False
sub-ccepAgeUMCU53,MKR2+,,,UNK,unseen_or_ambiguous_to_UNK,False
sub-ccepAgeUMCU54,C01,L,G_front_sup,lh_G_front_sup,unique_hemi_stem_match,True
sub-ccepAgeUMCU54,C02,L,G_front_sup,lh_G_front_sup,unique_hemi_stem_match,True
sub-ccepAgeUMCU54,C03,L,G_front_sup,lh_G_front_sup,unique_hemi_stem_match,True
sub-ccepAgeUMCU54,C04,L,G_front_sup,lh_G_front_sup,unique_hemi_stem_match,True
sub-ccepAgeUMCU54,C05,L,G&S_paracentral,UNK,unseen_or_ambiguous_to_UNK,False
sub-ccepAgeUMCU54,C06,L,G_precentral,lh_G_precentral,unique_hemi_stem_match,True
sub-ccepAgeUMCU54,C07,L,G_postcentral,lh_G_postcentral,unique_hemi_stem_match,True
sub-ccepAgeUMCU54,C08,L,G&S_paracentral,UNK,unseen_or_ambiguous_to_UNK,False
sub-ccepAgeUMCU54,C09,L,S_front_sup,lh_S_front_sup,unique_hemi_stem_match,True
sub-ccepAgeUMCU54,C10,L,G_front_sup,lh_G_front_sup,unique_hemi_stem_match,True
sub-ccepAgeUMCU54,C11,L,G_front_sup,lh_G_front_sup,unique_hemi_stem_match,True
sub-ccepAgeUMCU54,C12,L,G_front_sup,lh_G_front_sup,unique_hemi_stem_match,True
sub-ccepAgeUMCU54,C13,L,G_front_sup,lh_G_front_sup,unique_hemi_stem_match,True
sub-ccepAgeUMCU54,C14,L,G_precentral,lh_G_precentral,unique_hemi_stem_match,True
sub-ccepAgeUMCU54,C15,L,G_postcentral,lh_G_postcentral,unique_hemi_stem_match,True
sub-ccepAgeUMCU54,C16,L,G_parietal_sup,UNK,unseen_or_ambiguous_to_UNK,False
sub-ccepAgeUMCU54,C17,L,S_front_sup,lh_S_front_sup,unique_hemi_stem_match,True
sub-ccepAgeUMCU54,C18,L,G_front_middle,lh_G_front_middle,unique_hemi_stem_match,True
sub-ccepAgeUMCU54,C19,L,G_front_middle,lh_G_front_middle,unique_hemi_stem_match,True
sub-ccepAgeUMCU54,C20,L,G_front_sup,lh_G_front_sup,unique_hemi_stem_match,True
sub-ccepAgeUMCU54,C21,L,G_precentral,lh_G_precentral,unique_hemi_stem_match,True
sub-ccepAgeUMCU54,C22,L,G_precentral,lh_G_precentral,unique_hemi_stem_match,True
sub-ccepAgeUMCU54,C23,L,G_postcentral,lh_G_postcentral,unique_hemi_stem_match,True
sub-ccepAgeUMCU54,C24,L,G_parietal_sup,UNK,unseen_or_ambiguous_to_UNK,False
sub-ccepAgeUMCU54,C25,L,G_front_middle,lh_G_front_middle,unique_hemi_stem_match,True
sub-ccepAgeUMCU54,C26,L,G_front_middle,lh_G_front_middle,unique_hemi_stem_match,True
sub-ccepAgeUMCU54,C27,L,G_front_middle,lh_G_front_middle,unique_hemi_stem_match,True
sub-ccepAgeUMCU54,C28,L,G_front_middle,lh_G_front_middle,unique_hemi_stem_match,True
sub-ccepAgeUMCU54,C29,L,G_postcentral,lh_G_postcentral,unique_hemi_stem_match,True
sub-ccepAgeUMCU54,C30,L,G_postcentral,lh_G_postcentral,unique_hemi_stem_match,True
sub-ccepAgeUMCU54,C31,L,G_postcentral,lh_G_postcentral,unique_hemi_stem_match,True
sub-ccepAgeUMCU54,C32,L,S_postcentral,lh_S_postcentral,unique_hemi_stem_match,True
sub-ccepAgeUMCU54,C33,L,G_front_middle,lh_G_front_middle,unique_hemi_stem_match,True
sub-ccepAgeUMCU54,C34,L,S_precentral-inf-part,lh_S_precentral-inf-part,unique_hemi_stem_match,True
sub-ccepAgeUMCU54,C35,L,S_precentral-inf-part,lh_S_precentral-inf-part,unique_hemi_stem_match,True
sub-ccepAgeUMCU54,C36,L,G_front_middle,lh_G_front_middle,unique_hemi_stem_match,True
sub-ccepAgeUMCU54,C37,L,G_postcentral,lh_G_postcentral,unique_hemi_stem_match,True
sub-ccepAgeUMCU54,C38,L,G_postcentral,lh_G_postcentral,unique_hemi_stem_match,True
sub-ccepAgeUMCU54,C39,L,S_postcentral,lh_S_postcentral,unique_hemi_stem_match,True
sub-ccepAgeUMCU54,C40,L,G_pariet_inf-Angular,UNK,unseen_or_ambiguous_to_UNK,False
sub-ccepAgeUMCU54,C41,L,G_front_middle,lh_G_front_middle,unique_hemi_stem_match,True
sub-ccepAgeUMCU54,C42,L,S_precentral-inf-part,lh_S_precentral-inf-part,unique_hemi_stem_match,True
sub-ccepAgeUMCU54,C43,L,G_precentral,lh_G_precentral,unique_hemi_stem_match,True
sub-ccepAgeUMCU54,C44,L,G_precentral,lh_G_precentral,unique_hemi_stem_match,True
sub-ccepAgeUMCU54,C45,L,G_postcentral,lh_G_postcentral,unique_hemi_stem_match,True
sub-ccepAgeUMCU54,C46,L,S_postcentral,lh_S_postcentral,unique_hemi_stem_match,True
sub-ccepAgeUMCU54,C47,L,G_pariet_inf-Supramar,lh_G_pariet_inf-Supramar,unique_hemi_stem_match,True
sub-ccepAgeUMCU54,C48,L,G_pariet_inf-Supramar,lh_G_pariet_inf-Supramar,unique_hemi_stem_match,True
sub-ccepAgeUMCU54,C49,L,G_front_inf-Triangul,lh_G_front_inf-Triangul,unique_hemi_stem_match,True
sub-ccepAgeUMCU54,C50,L,G_front_inf-Opercular,UNK,unseen_or_ambiguous_to_UNK,False
sub-ccepAgeUMCU54,C51,L,G_precentral,lh_G_precentral,unique_hemi_stem_match,True
sub-ccepAgeUMCU54,C52,L,G&S_subcentral,UNK,unseen_or_ambiguous_to_UNK,False
sub-ccepAgeUMCU54,C53,L,G_postcentral,lh_G_postcentral,unique_hemi_stem_match,True
sub-ccepAgeUMCU54,C54,L,G_pariet_inf-Supramar,lh_G_pariet_inf-Supramar,unique_hemi_stem_match,True
sub-ccepAgeUMCU54,C55,L,G_pariet_inf-Supramar,lh_G_pariet_inf-Supramar,unique_hemi_stem_match,True
sub-ccepAgeUMCU54,C56,L,G_pariet_inf-Supramar,lh_G_pariet_inf-Supramar,unique_hemi_stem_match,True
sub-ccepAgeUMCU54,C57,L,G_front_inf-Triangul,lh_G_front_inf-Triangul,unique_hemi_stem_match,True
sub-ccepAgeUMCU54,C58,L,G_front_inf-Opercular,UNK,unseen_or_ambiguous_to_UNK,False
sub-ccepAgeUMCU54,C59,L,G_front_inf-Opercular,UNK,unseen_or_ambiguous_to_UNK,False
sub-ccepAgeUMCU54,C60,L,G&S_subcentral,UNK,unseen_or_ambiguous_to_UNK,False
sub-ccepAgeUMCU54,C61,L,G_temp_sup-Lateral,lh_G_temp_sup-Lateral,unique_hemi_stem_match,True
sub-ccepAgeUMCU54,C62,L,G_pariet_inf-Supramar,lh_G_pariet_inf-Supramar,unique_hemi_stem_match,True
sub-ccepAgeUMCU54,C63,L,G_pariet_inf-Supramar,lh_G_pariet_inf-Supramar,unique_hemi_stem_match,True
sub-ccepAgeUMCU54,C64,L,G_pariet_inf-Supramar,lh_G_pariet_inf-Supramar,unique_hemi_stem_match,True
sub-ccepAgeUMCU54,MKR1+,,,UNK,unseen_or_ambiguous_to_UNK,False
sub-ccepAgeUMCU54,z11,,,UNK,unseen_or_ambiguous_to_UNK,False
sub-ccepAgeUMCU54,z12,,,UNK,unseen_or_ambiguous_to_UNK,False
sub-ccepAgeUMCU54,DH1,L,G&S_cingul-Mid-Post,lh_G&S_cingul-Mid-Post,unique_hemi_stem_match,True
sub-ccepAgeUMCU54,DH2,L,G&S_cingul-Mid-Post,lh_G&S_cingul-Mid-Post,unique_hemi_stem_match,True
sub-ccepAgeUMCU54,DH3,L,G&S_cingul-Mid-Post,lh_G&S_cingul-Mid-Post,unique_hemi_stem_match,True
sub-ccepAgeUMCU54,DH4,L,G&S_cingul-Mid-Post,lh_G&S_cingul-Mid-Post,unique_hemi_stem_match,True
sub-ccepAgeUMCU54,DH5,L,S_precentral-sup-part,lh_S_precentral-sup-part,unique_hemi_stem_match,True
sub-ccepAgeUMCU54,DH6,L,S_precentral-sup-part,lh_S_precentral-sup-part,unique_hemi_stem_match,True
sub-ccepAgeUMCU54,z19,,,UNK,unseen_or_ambiguous_to_UNK,False
sub-ccepAgeUMCU54,z20,,,UNK,unseen_or_ambiguous_to_UNK,False
sub-ccepAgeUMCU54,DL1,L,S_circular_insula_sup,lh_S_circular_insula_sup,unique_hemi_stem_match,True
sub-ccepAgeUMCU54,DL2,L,S_circular_insula_sup,lh_S_circular_insula_sup,unique_hemi_stem_match,True
sub-ccepAgeUMCU54,DL3,L,S_circular_insula_sup,lh_S_circular_insula_sup,unique_hemi_stem_match,True
sub-ccepAgeUMCU54,DL4,L,G_precentral,lh_G_precentral,unique_hemi_stem_match,True
sub-ccepAgeUMCU54,DL5,L,G_precentral,lh_G_precentral,unique_hemi_stem_match,True
sub-ccepAgeUMCU54,DL6,L,S_precentral-inf-part,lh_S_precentral-inf-part,unique_hemi_stem_match,True
sub-ccepAgeUMCU54,z27,,,UNK,unseen_or_ambiguous_to_UNK,False
sub-ccepAgeUMCU54,z28,,,UNK,unseen_or_ambiguous_to_UNK,False
sub-ccepAgeUMCU54,z29,,,UNK,unseen_or_ambiguous_to_UNK,False
sub-ccepAgeUMCU54,z30,,,UNK,unseen_or_ambiguous_to_UNK,False
sub-ccepAgeUMCU54,z31,,,UNK,unseen_or_ambiguous_to_UNK,False
sub-ccepAgeUMCU54,z32,,,UNK,unseen_or_ambiguous_to_UNK,False
sub-ccepAgeUMCU54,z33,,,UNK,unseen_or_ambiguous_to_UNK,False
sub-ccepAgeUMCU54,z34,,,UNK,unseen_or_ambiguous_to_UNK,False
sub-ccepAgeUMCU54,AH+,,,UNK,unseen_or_ambiguous_to_UNK,False
sub-ccepAgeUMCU54,ECG+,,,UNK,unseen_or_ambiguous_to_UNK,False
sub-ccepAgeUMCU54,hand+,,,UNK,unseen_or_ambiguous_to_UNK,False
sub-ccepAgeUMCU54,mond+,,,UNK,unseen_or_ambiguous_to_UNK,False
sub-ccepAgeUMCU54,emg2+,,,UNK,unseen_or_ambiguous_to_UNK,False
sub-ccepAgeUMCU54,emg3+,,,UNK,unseen_or_ambiguous_to_UNK,False
sub-ccepAgeUMCU54,z41,,,UNK,unseen_or_ambiguous_to_UNK,False
sub-ccepAgeUMCU54,z42,,,UNK,unseen_or_ambiguous_to_UNK,False
sub-ccepAgeUMCU54,z43,,,UNK,unseen_or_ambiguous_to_UNK,False
sub-ccepAgeUMCU54,z44,,,UNK,unseen_or_ambiguous_to_UNK,False
sub-ccepAgeUMCU54,z45,,,UNK,unseen_or_ambiguous_to_UNK,False
sub-ccepAgeUMCU54,z46,,,UNK,unseen_or_ambiguous_to_UNK,False
sub-ccepAgeUMCU54,z47,,,UNK,unseen_or_ambiguous_to_UNK,False
sub-ccepAgeUMCU54,z48,,,UNK,unseen_or_ambiguous_to_UNK,False
sub-ccepAgeUMCU54,z49,,,UNK,unseen_or_ambiguous_to_UNK,False
sub-ccepAgeUMCU54,z50,,,UNK,unseen_or_ambiguous_to_UNK,False
sub-ccepAgeUMCU54,z51,,,UNK,unseen_or_ambiguous_to_UNK,False
sub-ccepAgeUMCU54,z52,,,UNK,unseen_or_ambiguous_to_UNK,False
sub-ccepAgeUMCU54,z53,,,UNK,unseen_or_ambiguous_to_UNK,False
sub-ccepAgeUMCU54,z54,,,UNK,unseen_or_ambiguous_to_UNK,False
sub-ccepAgeUMCU54,z55,,,UNK,unseen_or_ambiguous_to_UNK,False
sub-ccepAgeUMCU54,z56,,,UNK,unseen_or_ambiguous_to_UNK,False
sub-ccepAgeUMCU54,z57,,,UNK,unseen_or_ambiguous_to_UNK,False
sub-ccepAgeUMCU54,z58,,,UNK,unseen_or_ambiguous_to_UNK,False
sub-ccepAgeUMCU54,z59,,,UNK,unseen_or_ambiguous_to_UNK,False
sub-ccepAgeUMCU54,z60,,,UNK,unseen_or_ambiguous_to_UNK,False
sub-ccepAgeUMCU54,z61,,,UNK,unseen_or_ambiguous_to_UNK,False
sub-ccepAgeUMCU54,z62,,,UNK,unseen_or_ambiguous_to_UNK,False
sub-ccepAgeUMCU54,z63,,,UNK,unseen_or_ambiguous_to_UNK,False
sub-ccepAgeUMCU54,z64,,,UNK,unseen_or_ambiguous_to_UNK,False
sub-ccepAgeUMCU54,el119,,,UNK,unseen_or_ambiguous_to_UNK,False
sub-ccepAgeUMCU54,el120,,,UNK,unseen_or_ambiguous_to_UNK,False
sub-ccepAgeUMCU54,el121,,,UNK,unseen_or_ambiguous_to_UNK,False
sub-ccepAgeUMCU54,el122,,,UNK,unseen_or_ambiguous_to_UNK,False
sub-ccepAgeUMCU54,el123,,,UNK,unseen_or_ambiguous_to_UNK,False
sub-ccepAgeUMCU54,el124,,,UNK,unseen_or_ambiguous_to_UNK,False
sub-ccepAgeUMCU54,el125,,,UNK,unseen_or_ambiguous_to_UNK,False
sub-ccepAgeUMCU54,el126,,,UNK,unseen_or_ambiguous_to_UNK,False
sub-ccepAgeUMCU54,el127,,,UNK,unseen_or_ambiguous_to_UNK,False
sub-ccepAgeUMCU54,el128,,,UNK,unseen_or_ambiguous_to_UNK,False
sub-ccepAgeUMCU54,thor+,,,UNK,unseen_or_ambiguous_to_UNK,False
sub-ccepAgeUMCU54,abdo+,,,UNK,unseen_or_ambiguous_to_UNK,False
sub-ccepAgeUMCU54,xyz+,,,UNK,unseen_or_ambiguous_to_UNK,False
sub-ccepAgeUMCU54,MKR2+,,,UNK,unseen_or_ambiguous_to_UNK,False
sub-ccepAgeUMCU55,C01,R,G_front_inf-Triangul,rh_G_front_inf-Triangul,unique_hemi_stem_match,True
sub-ccepAgeUMCU55,C02,R,G_front_inf-Opercular,UNK,unseen_or_ambiguous_to_UNK,False
sub-ccepAgeUMCU55,C03,R,G_front_inf-Opercular,UNK,unseen_or_ambiguous_to_UNK,False
sub-ccepAgeUMCU55,C04,R,G_temp_sup-Lateral,rh_G_temp_sup-Lateral,unique_hemi_stem_match,True
sub-ccepAgeUMCU55,C05,R,G&S_subcentral,UNK,unseen_or_ambiguous_to_UNK,False
sub-ccepAgeUMCU55,C06,R,G_temp_sup-Plan_tempo,rh_G_temp_sup-Plan_tempo,unique_hemi_stem_match,True
sub-ccepAgeUMCU55,C07,R,G_temp_sup-Plan_tempo,rh_G_temp_sup-Plan_tempo,unique_hemi_stem_match,True
sub-ccepAgeUMCU55,C08,R,G_pariet_inf-Supramar,rh_G_pariet_inf-Supramar,unique_hemi_stem_match,True
sub-ccepAgeUMCU55,C09,R,G_front_inf-Triangul,rh_G_front_inf-Triangul,unique_hemi_stem_match,True
sub-ccepAgeUMCU55,C10,R,G_front_inf-Opercular,UNK,unseen_or_ambiguous_to_UNK,False
sub-ccepAgeUMCU55,C11,R,G_front_inf-Opercular,UNK,unseen_or_ambiguous_to_UNK,False
sub-ccepAgeUMCU55,C12,R,G&S_subcentral,UNK,unseen_or_ambiguous_to_UNK,False
sub-ccepAgeUMCU55,C13,R,G_postcentral,rh_G_postcentral,unique_hemi_stem_match,True
sub-ccepAgeUMCU55,C14,R,G_postcentral,rh_G_postcentral,unique_hemi_stem_match,True
sub-ccepAgeUMCU55,C15,R,G_pariet_inf-Supramar,rh_G_pariet_inf-Supramar,unique_hemi_stem_match,True
sub-ccepAgeUMCU55,C16,R,G_pariet_inf-Supramar,rh_G_pariet_inf-Supramar,unique_hemi_stem_match,True
sub-ccepAgeUMCU55,C17,R,G_front_middle,rh_G_front_middle,unique_hemi_stem_match,True
sub-ccepAgeUMCU55,C18,R,G_front_inf-Opercular,UNK,unseen_or_ambiguous_to_UNK,False
sub-ccepAgeUMCU55,C19,R,G_front_inf-Opercular,UNK,unseen_or_ambiguous_to_UNK,False
sub-ccepAgeUMCU55,C20,R,G_precentral,rh_G_precentral,unique_hemi_stem_match,True
sub-ccepAgeUMCU55,C21,R,G_postcentral,rh_G_postcentral,unique_hemi_stem_match,True
sub-ccepAgeUMCU55,C22,R,G_postcentral,rh_G_postcentral,unique_hemi_stem_match,True
sub-ccepAgeUMCU55,C23,R,G_pariet_inf-Supramar,rh_G_pariet_inf-Supramar,unique_hemi_stem_match,True
sub-ccepAgeUMCU55,C24,R,G_pariet_inf-Supramar,rh_G_pariet_inf-Supramar,unique_hemi_stem_match,True
sub-ccepAgeUMCU55,C25,R,G_front_middle,rh_G_front_middle,unique_hemi_stem_match,True
sub-ccepAgeUMCU55,C26,R,G_front_middle,rh_G_front_middle,unique_hemi_stem_match,True
sub-ccepAgeUMCU55,C27,R,G_front_middle,rh_G_front_middle,unique_hemi_stem_match,True
sub-ccepAgeUMCU55,C28,R,G_precentral,rh_G_precentral,unique_hemi_stem_match,True
sub-ccepAgeUMCU55,C29,R,G_precentral,rh_G_precentral,unique_hemi_stem_match,True
sub-ccepAgeUMCU55,C30,R,G_postcentral,rh_G_postcentral,unique_hemi_stem_match,True
sub-ccepAgeUMCU55,C31,R,G_pariet_inf-Supramar,rh_G_pariet_inf-Supramar,unique_hemi_stem_match,True
sub-ccepAgeUMCU55,C32,R,G_pariet_inf-Supramar,rh_G_pariet_inf-Supramar,unique_hemi_stem_match,True
sub-ccepAgeUMCU55,C33,R,G_front_middle,rh_G_front_middle,unique_hemi_stem_match,True
sub-ccepAgeUMCU55,C34,R,G_front_middle,rh_G_front_middle,unique_hemi_stem_match,True
sub-ccepAgeUMCU55,C35,R,G_front_middle,rh_G_front_middle,unique_hemi_stem_match,True
sub-ccepAgeUMCU55,C36,R,G_front_middle,rh_G_front_middle,unique_hemi_stem_match,True
sub-ccepAgeUMCU55,C37,R,G_precentral,rh_G_precentral,unique_hemi_stem_match,True
sub-ccepAgeUMCU55,C38,R,G_precentral,rh_G_precentral,unique_hemi_stem_match,True
sub-ccepAgeUMCU55,C39,R,G_postcentral,rh_G_postcentral,unique_hemi_stem_match,True
sub-ccepAgeUMCU55,C40,R,G_postcentral,rh_G_postcentral,unique_hemi_stem_match,True
sub-ccepAgeUMCU55,C41,R,S_front_middle,rh_S_front_middle,unique_hemi_stem_match,True
sub-ccepAgeUMCU55,C42,R,G_front_middle,rh_G_front_middle,unique_hemi_stem_match,True
sub-ccepAgeUMCU55,C43,R,G_front_middle,rh_G_front_middle,unique_hemi_stem_match,True
sub-ccepAgeUMCU55,C44,R,G_front_middle,rh_G_front_middle,unique_hemi_stem_match,True
sub-ccepAgeUMCU55,C45,R,G_precentral,rh_G_precentral,unique_hemi_stem_match,True
sub-ccepAgeUMCU55,C46,R,G_precentral,rh_G_precentral,unique_hemi_stem_match,True
sub-ccepAgeUMCU55,C47,R,G_precentral,rh_G_precentral,unique_hemi_stem_match,True
sub-ccepAgeUMCU55,C48,R,G_postcentral,rh_G_postcentral,unique_hemi_stem_match,True
sub-ccepAgeUMCU55,C49,R,G_front_middle,rh_G_front_middle,unique_hemi_stem_match,True
sub-ccepAgeUMCU55,C50,R,G_front_middle,rh_G_front_middle,unique_hemi_stem_match,True
sub-ccepAgeUMCU55,C51,R,G_front_middle,rh_G_front_middle,unique_hemi_stem_match,True
sub-ccepAgeUMCU55,C52,R,G_front_middle,rh_G_front_middle,unique_hemi_stem_match,True
sub-ccepAgeUMCU55,C53,R,G_front_middle,rh_G_front_middle,unique_hemi_stem_match,True
sub-ccepAgeUMCU55,C54,R,G_precentral,rh_G_precentral,unique_hemi_stem_match,True
sub-ccepAgeUMCU55,C55,R,G_precentral,rh_G_precentral,unique_hemi_stem_match,True
sub-ccepAgeUMCU55,C56,R,G_precentral,rh_G_precentral,unique_hemi_stem_match,True
sub-ccepAgeUMCU55,C57,R,G_front_sup,rh_G_front_sup,unique_hemi_stem_match,True
sub-ccepAgeUMCU55,C58,R,G_front_middle,rh_G_front_middle,unique_hemi_stem_match,True
sub-ccepAgeUMCU55,C59,R,G_front_middle,rh_G_front_middle,unique_hemi_stem_match,True
sub-ccepAgeUMCU55,C60,R,G_front_middle,rh_G_front_middle,unique_hemi_stem_match,True
sub-ccepAgeUMCU55,C61,R,G_front_middle,rh_G_front_middle,unique_hemi_stem_match,True
sub-ccepAgeUMCU55,C62,R,G_front_sup,rh_G_front_sup,unique_hemi_stem_match,True
sub-ccepAgeUMCU55,C63,R,G_front_sup,rh_G_front_sup,unique_hemi_stem_match,True
sub-ccepAgeUMCU55,C64,R,G_precentral,rh_G_precentral,unique_hemi_stem_match,True
sub-ccepAgeUMCU55,MKR1+,,,UNK,unseen_or_ambiguous_to_UNK,False
sub-ccepAgeUMCU55,el065,,,UNK,unseen_or_ambiguous_to_UNK,False
sub-ccepAgeUMCU55,el066,,,UNK,unseen_or_ambiguous_to_UNK,False
sub-ccepAgeUMCU55,el067,,,UNK,unseen_or_ambiguous_to_UNK,False
sub-ccepAgeUMCU55,el068,,,UNK,unseen_or_ambiguous_to_UNK,False
sub-ccepAgeUMCU55,el069,,,UNK,unseen_or_ambiguous_to_UNK,False
sub-ccepAgeUMCU55,el070,,,UNK,unseen_or_ambiguous_to_UNK,False
sub-ccepAgeUMCU55,el071,,,UNK,unseen_or_ambiguous_to_UNK,False
sub-ccepAgeUMCU55,el072,,,UNK,unseen_or_ambiguous_to_UNK,False
sub-ccepAgeUMCU55,el073,,,UNK,unseen_or_ambiguous_to_UNK,False
sub-ccepAgeUMCU55,el074,,,UNK,unseen_or_ambiguous_to_UNK,False
sub-ccepAgeUMCU55,el075,,,UNK,unseen_or_ambiguous_to_UNK,False
sub-ccepAgeUMCU55,el076,,,UNK,unseen_or_ambiguous_to_UNK,False
sub-ccepAgeUMCU55,el077,,,UNK,unseen_or_ambiguous_to_UNK,False
sub-ccepAgeUMCU55,el078,,,UNK,unseen_or_ambiguous_to_UNK,False
sub-ccepAgeUMCU55,el079,,,UNK,unseen_or_ambiguous_to_UNK,False
sub-ccepAgeUMCU55,el080,,,UNK,unseen_or_ambiguous_to_UNK,False
sub-ccepAgeUMCU55,el081,,,UNK,unseen_or_ambiguous_to_UNK,False
sub-ccepAgeUMCU55,el082,,,UNK,unseen_or_ambiguous_to_UNK,False
sub-ccepAgeUMCU55,el083,,,UNK,unseen_or_ambiguous_to_UNK,False
sub-ccepAgeUMCU55,el084,,,UNK,unseen_or_ambiguous_to_UNK,False
sub-ccepAgeUMCU55,el085,,,UNK,unseen_or_ambiguous_to_UNK,False
sub-ccepAgeUMCU55,el086,,,UNK,unseen_or_ambiguous_to_UNK,False
sub-ccepAgeUMCU55,el087,,,UNK,unseen_or_ambiguous_to_UNK,False
sub-ccepAgeUMCU55,el088,,,UNK,unseen_or_ambiguous_to_UNK,False
sub-ccepAgeUMCU55,AH+,,,UNK,unseen_or_ambiguous_to_UNK,False
sub-ccepAgeUMCU55,ECG+,,,UNK,unseen_or_ambiguous_to_UNK,False
sub-ccepAgeUMCU55,orb+,,,UNK,unseen_or_ambiguous_to_UNK,False
sub-ccepAgeUMCU55,emg1+,,,UNK,unseen_or_ambiguous_to_UNK,False
sub-ccepAgeUMCU55,emg2+,,,UNK,unseen_or_ambiguous_to_UNK,False
sub-ccepAgeUMCU55,pB30+,,,UNK,unseen_or_ambiguous_to_UNK,False
sub-ccepAgeUMCU55,el097,,,UNK,unseen_or_ambiguous_to_UNK,False
sub-ccepAgeUMCU55,el098,,,UNK,unseen_or_ambiguous_to_UNK,False
sub-ccepAgeUMCU55,el099,,,UNK,unseen_or_ambiguous_to_UNK,False
sub-ccepAgeUMCU55,el100,,,UNK,unseen_or_ambiguous_to_UNK,False
sub-ccepAgeUMCU55,el101,,,UNK,unseen_or_ambiguous_to_UNK,False
sub-ccepAgeUMCU55,el102,,,UNK,unseen_or_ambiguous_to_UNK,False
sub-ccepAgeUMCU55,el103,,,UNK,unseen_or_ambiguous_to_UNK,False
sub-ccepAgeUMCU55,el104,,,UNK,unseen_or_ambiguous_to_UNK,False
sub-ccepAgeUMCU55,el105,,,UNK,unseen_or_ambiguous_to_UNK,False
sub-ccepAgeUMCU55,el106,,,UNK,unseen_or_ambiguous_to_UNK,False
sub-ccepAgeUMCU55,el107,,,UNK,unseen_or_ambiguous_to_UNK,False
sub-ccepAgeUMCU55,el108,,,UNK,unseen_or_ambiguous_to_UNK,False
sub-ccepAgeUMCU55,el109,,,UNK,unseen_or_ambiguous_to_UNK,False
sub-ccepAgeUMCU55,el110,,,UNK,unseen_or_ambiguous_to_UNK,False
sub-ccepAgeUMCU55,el111,,,UNK,unseen_or_ambiguous_to_UNK,False
sub-ccepAgeUMCU55,el112,,,UNK,unseen_or_ambiguous_to_UNK,False
sub-ccepAgeUMCU55,el113,,,UNK,unseen_or_ambiguous_to_UNK,False
sub-ccepAgeUMCU55,el114,,,UNK,unseen_or_ambiguous_to_UNK,False
sub-ccepAgeUMCU55,el115,,,UNK,unseen_or_ambiguous_to_UNK,False
sub-ccepAgeUMCU55,el116,,,UNK,unseen_or_ambiguous_to_UNK,False
sub-ccepAgeUMCU55,el117,,,UNK,unseen_or_ambiguous_to_UNK,False
sub-ccepAgeUMCU55,el118,,,UNK,unseen_or_ambiguous_to_UNK,False
sub-ccepAgeUMCU55,el119,,,UNK,unseen_or_ambiguous_to_UNK,False
sub-ccepAgeUMCU55,el120,,,UNK,unseen_or_ambiguous_to_UNK,False
sub-ccepAgeUMCU55,el121,,,UNK,unseen_or_ambiguous_to_UNK,False
sub-ccepAgeUMCU55,el122,,,UNK,unseen_or_ambiguous_to_UNK,False
sub-ccepAgeUMCU55,el123,,,UNK,unseen_or_ambiguous_to_UNK,False
sub-ccepAgeUMCU55,el124,,,UNK,unseen_or_ambiguous_to_UNK,False
sub-ccepAgeUMCU55,el125,,,UNK,unseen_or_ambiguous_to_UNK,False
sub-ccepAgeUMCU55,el126,,,UNK,unseen_or_ambiguous_to_UNK,False
sub-ccepAgeUMCU55,el127,,,UNK,unseen_or_ambiguous_to_UNK,False
sub-ccepAgeUMCU55,el128,,,UNK,unseen_or_ambiguous_to_UNK,False
sub-ccepAgeUMCU55,thor+,,,UNK,unseen_or_ambiguous_to_UNK,False
sub-ccepAgeUMCU55,abdo+,,,UNK,unseen_or_ambiguous_to_UNK,False
sub-ccepAgeUMCU55,xyz+,,,UNK,unseen_or_ambiguous_to_UNK,False
sub-ccepAgeUMCU55,MKR2+,,,UNK,unseen_or_ambiguous_to_UNK,False
sub-ccepAgeUMCU56,SOC1,R,G_oc-temp_med-Lingual,rh_G_oc-temp_med-Lingual,unique_hemi_stem_match,True
sub-ccepAgeUMCU56,SOC2,R,G_oc-temp_med-Lingual,rh_G_oc-temp_med-Lingual,unique_hemi_stem_match,True
sub-ccepAgeUMCU56,SOC3,R,G_oc-temp_med-Lingual,rh_G_oc-temp_med-Lingual,unique_hemi_stem_match,True
sub-ccepAgeUMCU56,SOC4,R,G_oc-temp_med-Lingual,rh_G_oc-temp_med-Lingual,unique_hemi_stem_match,True
sub-ccepAgeUMCU56,SOC5,R,G_oc-temp_lat-fusifor,UNK,unseen_or_ambiguous_to_UNK,False
sub-ccepAgeUMCU56,SOC6,R,G_oc-temp_lat-fusifor,UNK,unseen_or_ambiguous_to_UNK,False
sub-ccepAgeUMCU56,SOC7,R,G_oc-temp_lat-fusifor,UNK,unseen_or_ambiguous_to_UNK,False
sub-ccepAgeUMCU56,SOC8,R,G_oc-temp_lat-fusifor,UNK,unseen_or_ambiguous_to_UNK,False
sub-ccepAgeUMCU56,SOT1,R,G_oc-temp_lat-fusifor,UNK,unseen_or_ambiguous_to_UNK,False
sub-ccepAgeUMCU56,SOT2,R,G_oc-temp_lat-fusifor,UNK,unseen_or_ambiguous_to_UNK,False
sub-ccepAgeUMCU56,SOT3,R,G_temporal_inf,rh_G_temporal_inf,unique_hemi_stem_match,True
sub-ccepAgeUMCU56,SOT4,R,G_temporal_inf,rh_G_temporal_inf,unique_hemi_stem_match,True
sub-ccepAgeUMCU56,SOT5,R,G_oc-temp_med-Parahip,rh_G_oc-temp_med-Parahip,unique_hemi_stem_match,True
sub-ccepAgeUMCU56,SOT6,R,S_oc-temp_med&Lingual,rh_S_oc-temp_med&Lingual,unique_hemi_stem_match,True
sub-ccepAgeUMCU56,SOT7,R,G_temporal_inf,rh_G_temporal_inf,unique_hemi_stem_match,True
sub-ccepAgeUMCU56,SOT8,R,G_temporal_inf,rh_G_temporal_inf,unique_hemi_stem_match,True
sub-ccepAgeUMCU56,sT1,R,G_orbital,rh_G_orbital,unique_hemi_stem_match,True
sub-ccepAgeUMCU56,sT2,R,Pole_temporal,rh_Pole_temporal,unique_hemi_stem_match,True
sub-ccepAgeUMCU56,sT3,R,Pole_temporal,rh_Pole_temporal,unique_hemi_stem_match,True
sub-ccepAgeUMCU56,sT4,R,Pole_temporal,rh_Pole_temporal,unique_hemi_stem_match,True
sub-ccepAgeUMCU56,sT5,R,Pole_temporal,rh_Pole_temporal,unique_hemi_stem_match,True
sub-ccepAgeUMCU56,sT6,R,G_temporal_inf,rh_G_temporal_inf,unique_hemi_stem_match,True
sub-ccepAgeUMCU56,sT7,R,G_temporal_inf,rh_G_temporal_inf,unique_hemi_stem_match,True
sub-ccepAgeUMCU56,sT8,R,G_temporal_middle,rh_G_temporal_middle,unique_hemi_stem_match,True
sub-ccepAgeUMCU56,AH+,,,UNK,unseen_or_ambiguous_to_UNK,False
sub-ccepAgeUMCU56,ECG+,,,UNK,unseen_or_ambiguous_to_UNK,False
sub-ccepAgeUMCU56,ORB+,,,UNK,unseen_or_ambiguous_to_UNK,False
sub-ccepAgeUMCU56,emg1+,,,UNK,unseen_or_ambiguous_to_UNK,False
sub-ccepAgeUMCU56,emg2+,,,UNK,unseen_or_ambiguous_to_UNK,False
sub-ccepAgeUMCU56,PNG3+,,,UNK,unseen_or_ambiguous_to_UNK,False
sub-ccepAgeUMCU56,ECG1+,,,UNK,unseen_or_ambiguous_to_UNK,False
sub-ccepAgeUMCU56,ECG2+,,,UNK,unseen_or_ambiguous_to_UNK,False
sub-ccepAgeUMCU56,T01,R,G_pariet_inf-Angular,rh_G_pariet_inf-Angular,unique_hemi_stem_match,True
sub-ccepAgeUMCU56,T02,R,S_temporal_sup,rh_S_temporal_sup,unique_hemi_stem_match,True
sub-ccepAgeUMCU56,T03,R,G_pariet_inf-Angular,rh_G_pariet_inf-Angular,unique_hemi_stem_match,True
sub-ccepAgeUMCU56,T04,R,G_pariet_inf-Angular,rh_G_pariet_inf-Angular,unique_hemi_stem_match,True
sub-ccepAgeUMCU56,T05,R,G_pariet_inf-Supramar,rh_G_pariet_inf-Supramar,unique_hemi_stem_match,True
sub-ccepAgeUMCU56,T06,R,G_pariet_inf-Supramar,rh_G_pariet_inf-Supramar,unique_hemi_stem_match,True
sub-ccepAgeUMCU56,T07,R,G&S_subcentral,UNK,unseen_or_ambiguous_to_UNK,False
sub-ccepAgeUMCU56,T08,R,G&S_subcentral,UNK,unseen_or_ambiguous_to_UNK,False
sub-ccepAgeUMCU56,T09,R,G_occipital_middle,rh_G_occipital_middle,unique_hemi_stem_match,True
sub-ccepAgeUMCU56,T10,R,S_temporal_sup,rh_S_temporal_sup,unique_hemi_stem_match,True
sub-ccepAgeUMCU56,T11,R,G_temporal_middle,rh_G_temporal_middle,unique_hemi_stem_match,True
sub-ccepAgeUMCU56,T12,R,G_temporal_middle,rh_G_temporal_middle,unique_hemi_stem_match,True
sub-ccepAgeUMCU56,T13,R,G_temp_sup-Lateral,rh_G_temp_sup-Lateral,unique_hemi_stem_match,True
sub-ccepAgeUMCU56,T14,R,G_temp_sup-Lateral,rh_G_temp_sup-Lateral,unique_hemi_stem_match,True
sub-ccepAgeUMCU56,T15,R,G_temp_sup-Lateral,rh_G_temp_sup-Lateral,unique_hemi_stem_match,True
sub-ccepAgeUMCU56,T16,R,G_temp_sup-Lateral,rh_G_temp_sup-Lateral,unique_hemi_stem_match,True
sub-ccepAgeUMCU56,T17,R,G_occipital_middle,rh_G_occipital_middle,unique_hemi_stem_match,True
sub-ccepAgeUMCU56,T18,R,G_temporal_middle,rh_G_temporal_middle,unique_hemi_stem_match,True
sub-ccepAgeUMCU56,T19,R,G_temporal_middle,rh_G_temporal_middle,unique_hemi_stem_match,True
sub-ccepAgeUMCU56,T20,R,G_temporal_middle,rh_G_temporal_middle,unique_hemi_stem_match,True
sub-ccepAgeUMCU56,T21,R,G_temporal_middle,rh_G_temporal_middle,unique_hemi_stem_match,True
sub-ccepAgeUMCU56,T22,R,G_temp_sup-Lateral,rh_G_temp_sup-Lateral,unique_hemi_stem_match,True
sub-ccepAgeUMCU56,T23,R,G_temporal_middle,rh_G_temporal_middle,unique_hemi_stem_match,True
sub-ccepAgeUMCU56,T24,R,G_temporal_middle,rh_G_temporal_middle,unique_hemi_stem_match,True
sub-ccepAgeUMCU56,T25,R,G&S_occipital_inf,rh_G&S_occipital_inf,unique_hemi_stem_match,True
sub-ccepAgeUMCU56,T26,R,G&S_occipital_inf,rh_G&S_occipital_inf,unique_hemi_stem_match,True
sub-ccepAgeUMCU56,T27,R,G_temporal_middle,rh_G_temporal_middle,unique_hemi_stem_match,True
sub-ccepAgeUMCU56,T28,R,G_temporal_middle,rh_G_temporal_middle,unique_hemi_stem_match,True
sub-ccepAgeUMCU56,T29,R,G_temporal_middle,rh_G_temporal_middle,unique_hemi_stem_match,True
sub-ccepAgeUMCU56,T30,R,G_temporal_middle,rh_G_temporal_middle,unique_hemi_stem_match,True
sub-ccepAgeUMCU56,T31,R,G_temporal_middle,rh_G_temporal_middle,unique_hemi_stem_match,True
sub-ccepAgeUMCU56,T32,R,G_temporal_middle,rh_G_temporal_middle,unique_hemi_stem_match,True
sub-ccepAgeUMCU56,thor+,,,UNK,unseen_or_ambiguous_to_UNK,False
sub-ccepAgeUMCU56,abdo+,,,UNK,unseen_or_ambiguous_to_UNK,False
sub-ccepAgeUMCU56,xyz+,,,UNK,unseen_or_ambiguous_to_UNK,False
sub-ccepAgeUMCU56,MKR+,,,UNK,unseen_or_ambiguous_to_UNK,False
sub-ccepAgeUMCU57,OT01,L,G_temporal_middle,lh_G_temporal_middle,unique_hemi_stem_match,True
sub-ccepAgeUMCU57,OT02,L,G_temporal_middle,lh_G_temporal_middle,unique_hemi_stem_match,True
sub-ccepAgeUMCU57,OT03,L,G_temporal_middle,lh_G_temporal_middle,unique_hemi_stem_match,True
sub-ccepAgeUMCU57,OT04,L,G_temporal_middle,lh_G_temporal_middle,unique_hemi_stem_match,True
sub-ccepAgeUMCU57,OT05,L,G_temporal_middle,lh_G_temporal_middle,unique_hemi_stem_match,True
sub-ccepAgeUMCU57,OT06,L,G_temporal_middle,lh_G_temporal_middle,unique_hemi_stem_match,True
sub-ccepAgeUMCU57,OT07,L,S_temporal_sup,lh_S_temporal_sup,unique_hemi_stem_match,True
sub-ccepAgeUMCU57,OT08,L,G_occipital_middle,UNK,unseen_or_ambiguous_to_UNK,False
sub-ccepAgeUMCU57,OT09,L,G_temporal_middle,lh_G_temporal_middle,unique_hemi_stem_match,True
sub-ccepAgeUMCU57,OT10,L,G_temporal_middle,lh_G_temporal_middle,unique_hemi_stem_match,True
sub-ccepAgeUMCU57,OT11,L,G_temporal_middle,lh_G_temporal_middle,unique_hemi_stem_match,True
sub-ccepAgeUMCU57,OT12,L,G_temporal_middle,lh_G_temporal_middle,unique_hemi_stem_match,True
sub-ccepAgeUMCU57,OT13,L,G_temporal_middle,lh_G_temporal_middle,unique_hemi_stem_match,True
sub-ccepAgeUMCU57,OT14,L,S_temporal_inf,lh_S_temporal_inf,unique_hemi_stem_match,True
sub-ccepAgeUMCU57,OT15,L,G_occipital_middle,UNK,unseen_or_ambiguous_to_UNK,False
sub-ccepAgeUMCU57,OT16,L,G_occipital_middle,UNK,unseen_or_ambiguous_to_UNK,False
sub-ccepAgeUMCU57,BT01,L,G_front_inf-Opercular,UNK,unseen_or_ambiguous_to_UNK,False
sub-ccepAgeUMCU57,BT02,L,G&S_subcentral,UNK,unseen_or_ambiguous_to_UNK,False
sub-ccepAgeUMCU57,BT03,L,G_pariet_inf-Supramar,lh_G_pariet_inf-Supramar,unique_hemi_stem_match,True
sub-ccepAgeUMCU57,BT04,L,G_temp_sup-Lateral,lh_G_temp_sup-Lateral,unique_hemi_stem_match,True
sub-ccepAgeUMCU57,BT05,L,G_pariet_inf-Supramar,lh_G_pariet_inf-Supramar,unique_hemi_stem_match,True
sub-ccepAgeUMCU57,BT06,L,G_pariet_inf-Angular,UNK,unseen_or_ambiguous_to_UNK,False
sub-ccepAgeUMCU57,BT07,L,G_pariet_inf-Angular,UNK,unseen_or_ambiguous_to_UNK,False
sub-ccepAgeUMCU57,BT08,L,G_pariet_inf-Angular,UNK,unseen_or_ambiguous_to_UNK,False
sub-ccepAgeUMCU57,BT09,L,G_temp_sup-Lateral,lh_G_temp_sup-Lateral,unique_hemi_stem_match,True
sub-ccepAgeUMCU57,BT10,L,G_temp_sup-Lateral,lh_G_temp_sup-Lateral,unique_hemi_stem_match,True
sub-ccepAgeUMCU57,BT11,L,G_temp_sup-Lateral,lh_G_temp_sup-Lateral,unique_hemi_stem_match,True
sub-ccepAgeUMCU57,BT12,L,G_temp_sup-Lateral,lh_G_temp_sup-Lateral,unique_hemi_stem_match,True
sub-ccepAgeUMCU57,BT13,L,G_temporal_middle,lh_G_temporal_middle,unique_hemi_stem_match,True
sub-ccepAgeUMCU57,BT14,L,G_temporal_middle,lh_G_temporal_middle,unique_hemi_stem_match,True
sub-ccepAgeUMCU57,BT15,L,S_temporal_sup,lh_S_temporal_sup,unique_hemi_stem_match,True
sub-ccepAgeUMCU57,BT16,L,G_pariet_inf-Angular,UNK,unseen_or_ambiguous_to_UNK,False
sub-ccepAgeUMCU57,vT1,L,Pole_temporal,UNK,unseen_or_ambiguous_to_UNK,False
sub-ccepAgeUMCU57,vT2,L,Pole_temporal,UNK,unseen_or_ambiguous_to_UNK,False
sub-ccepAgeUMCU57,vT3,L,Pole_temporal,UNK,unseen_or_ambiguous_to_UNK,False
sub-ccepAgeUMCU57,vT4,L,G_temporal_inf,lh_G_temporal_inf,unique_hemi_stem_match,True
sub-ccepAgeUMCU57,vT5,L,G_temporal_inf,lh_G_temporal_inf,unique_hemi_stem_match,True
sub-ccepAgeUMCU57,vT6,L,G_temporal_inf,lh_G_temporal_inf,unique_hemi_stem_match,True
sub-ccepAgeUMCU57,vT7,L,G_temporal_inf,lh_G_temporal_inf,unique_hemi_stem_match,True
sub-ccepAgeUMCU57,vT8,L,G_temporal_middle,lh_G_temporal_middle,unique_hemi_stem_match,True
sub-ccepAgeUMCU57,sT1,L,G_oc-temp_med-Parahip,lh_G_oc-temp_med-Parahip,unique_hemi_stem_match,True
sub-ccepAgeUMCU57,sT2,L,G_oc-temp_lat-fusifor,UNK,unseen_or_ambiguous_to_UNK,False
sub-ccepAgeUMCU57,sT3,L,G_oc-temp_lat-fusifor,UNK,unseen_or_ambiguous_to_UNK,False
sub-ccepAgeUMCU57,sT4,L,G_temporal_inf,lh_G_temporal_inf,unique_hemi_stem_match,True
sub-ccepAgeUMCU57,sT5,L,G_temporal_inf,lh_G_temporal_inf,unique_hemi_stem_match,True
sub-ccepAgeUMCU57,sT6,L,G_temporal_inf,lh_G_temporal_inf,unique_hemi_stem_match,True
sub-ccepAgeUMCU57,sT7,L,G_temporal_middle,lh_G_temporal_middle,unique_hemi_stem_match,True
sub-ccepAgeUMCU57,sT8,L,G_temporal_middle,lh_G_temporal_middle,unique_hemi_stem_match,True
sub-ccepAgeUMCU57,D1,L,,UNK,unseen_or_ambiguous_to_UNK,False
sub-ccepAgeUMCU57,D2,L,S_oc-temp_med&Lingual,lh_S_oc-temp_med&Lingual,unique_hemi_stem_match,True
sub-ccepAgeUMCU57,D3,L,S_oc-temp_med&Lingual,lh_S_oc-temp_med&Lingual,unique_hemi_stem_match,True
sub-ccepAgeUMCU57,D4,L,S_temporal_sup,lh_S_temporal_sup,unique_hemi_stem_match,True
sub-ccepAgeUMCU57,D5,L,S_temporal_sup,lh_S_temporal_sup,unique_hemi_stem_match,True
sub-ccepAgeUMCU57,D6,L,S_temporal_sup,lh_S_temporal_sup,unique_hemi_stem_match,True
sub-ccepAgeUMCU57,D7,L,S_temporal_sup,lh_S_temporal_sup,unique_hemi_stem_match,True
sub-ccepAgeUMCU57,D8,L,S_temporal_sup,lh_S_temporal_sup,unique_hemi_stem_match,True
sub-ccepAgeUMCU57,P01,L,G_pariet_inf-Supramar,lh_G_pariet_inf-Supramar,unique_hemi_stem_match,True
sub-ccepAgeUMCU57,P02,L,G_pariet_inf-Supramar,lh_G_pariet_inf-Supramar,unique_hemi_stem_match,True
sub-ccepAgeUMCU57,P03,L,G_pariet_inf-Supramar,lh_G_pariet_inf-Supramar,unique_hemi_stem_match,True
sub-ccepAgeUMCU57,P04,L,G_pariet_inf-Angular,UNK,unseen_or_ambiguous_to_UNK,False
sub-ccepAgeUMCU57,P05,L,G_pariet_inf-Supramar,lh_G_pariet_inf-Supramar,unique_hemi_stem_match,True
sub-ccepAgeUMCU57,P06,L,G_pariet_inf-Supramar,lh_G_pariet_inf-Supramar,unique_hemi_stem_match,True
sub-ccepAgeUMCU57,P07,L,G_pariet_inf-Supramar,lh_G_pariet_inf-Supramar,unique_hemi_stem_match,True
sub-ccepAgeUMCU57,P08,L,G_pariet_inf-Angular,UNK,unseen_or_ambiguous_to_UNK,False
sub-ccepAgeUMCU57,MKR1+,,,UNK,unseen_or_ambiguous_to_UNK,False
sub-ccepAgeUMCU57,el065,,,UNK,unseen_or_ambiguous_to_UNK,False
sub-ccepAgeUMCU57,el066,,,UNK,unseen_or_ambiguous_to_UNK,False
sub-ccepAgeUMCU57,el067,,,UNK,unseen_or_ambiguous_to_UNK,False
sub-ccepAgeUMCU57,el068,,,UNK,unseen_or_ambiguous_to_UNK,False
sub-ccepAgeUMCU57,el069,,,UNK,unseen_or_ambiguous_to_UNK,False
sub-ccepAgeUMCU57,el070,,,UNK,unseen_or_ambiguous_to_UNK,False
sub-ccepAgeUMCU57,el071,,,UNK,unseen_or_ambiguous_to_UNK,False
sub-ccepAgeUMCU57,el072,,,UNK,unseen_or_ambiguous_to_UNK,False
sub-ccepAgeUMCU57,el073,,,UNK,unseen_or_ambiguous_to_UNK,False
sub-ccepAgeUMCU57,el074,,,UNK,unseen_or_ambiguous_to_UNK,False
sub-ccepAgeUMCU57,el075,,,UNK,unseen_or_ambiguous_to_UNK,False
sub-ccepAgeUMCU57,el076,,,UNK,unseen_or_ambiguous_to_UNK,False
sub-ccepAgeUMCU57,el077,,,UNK,unseen_or_ambiguous_to_UNK,False
sub-ccepAgeUMCU57,el078,,,UNK,unseen_or_ambiguous_to_UNK,False
sub-ccepAgeUMCU57,el079,,,UNK,unseen_or_ambiguous_to_UNK,False
sub-ccepAgeUMCU57,el080,,,UNK,unseen_or_ambiguous_to_UNK,False
sub-ccepAgeUMCU57,el081,,,UNK,unseen_or_ambiguous_to_UNK,False
sub-ccepAgeUMCU57,el082,,,UNK,unseen_or_ambiguous_to_UNK,False
sub-ccepAgeUMCU57,el083,,,UNK,unseen_or_ambiguous_to_UNK,False
sub-ccepAgeUMCU57,el084,,,UNK,unseen_or_ambiguous_to_UNK,False
sub-ccepAgeUMCU57,el085,,,UNK,unseen_or_ambiguous_to_UNK,False
sub-ccepAgeUMCU57,el086,,,UNK,unseen_or_ambiguous_to_UNK,False
sub-ccepAgeUMCU57,el087,,,UNK,unseen_or_ambiguous_to_UNK,False
sub-ccepAgeUMCU57,el088,,,UNK,unseen_or_ambiguous_to_UNK,False
sub-ccepAgeUMCU57,AH+,,,UNK,unseen_or_ambiguous_to_UNK,False
sub-ccepAgeUMCU57,ECG+,,,UNK,unseen_or_ambiguous_to_UNK,False
sub-ccepAgeUMCU57,ORB+,,,UNK,unseen_or_ambiguous_to_UNK,False
sub-ccepAgeUMCU57,emg1+,,,UNK,unseen_or_ambiguous_to_UNK,False
sub-ccepAgeUMCU57,emg2+,,,UNK,unseen_or_ambiguous_to_UNK,False
sub-ccepAgeUMCU57,emg3+,,,UNK,unseen_or_ambiguous_to_UNK,False
sub-ccepAgeUMCU57,el097,,,UNK,unseen_or_ambiguous_to_UNK,False
sub-ccepAgeUMCU57,el098,,,UNK,unseen_or_ambiguous_to_UNK,False
sub-ccepAgeUMCU57,el099,,,UNK,unseen_or_ambiguous_to_UNK,False
sub-ccepAgeUMCU57,el100,,,UNK,unseen_or_ambiguous_to_UNK,False
sub-ccepAgeUMCU57,el101,,,UNK,unseen_or_ambiguous_to_UNK,False
sub-ccepAgeUMCU57,el102,,,UNK,unseen_or_ambiguous_to_UNK,False
sub-ccepAgeUMCU57,el103,,,UNK,unseen_or_ambiguous_to_UNK,False
sub-ccepAgeUMCU57,el104,,,UNK,unseen_or_ambiguous_to_UNK,False
sub-ccepAgeUMCU57,el105,,,UNK,unseen_or_ambiguous_to_UNK,False
sub-ccepAgeUMCU57,el106,,,UNK,unseen_or_ambiguous_to_UNK,False
sub-ccepAgeUMCU57,el107,,,UNK,unseen_or_ambiguous_to_UNK,False
sub-ccepAgeUMCU57,el108,,,UNK,unseen_or_ambiguous_to_UNK,False
sub-ccepAgeUMCU57,el109,,,UNK,unseen_or_ambiguous_to_UNK,False
sub-ccepAgeUMCU57,el110,,,UNK,unseen_or_ambiguous_to_UNK,False
sub-ccepAgeUMCU57,el111,,,UNK,unseen_or_ambiguous_to_UNK,False
sub-ccepAgeUMCU57,el112,,,UNK,unseen_or_ambiguous_to_UNK,False
sub-ccepAgeUMCU57,el113,,,UNK,unseen_or_ambiguous_to_UNK,False
sub-ccepAgeUMCU57,el114,,,UNK,unseen_or_ambiguous_to_UNK,False
sub-ccepAgeUMCU57,el115,,,UNK,unseen_or_ambiguous_to_UNK,False
sub-ccepAgeUMCU57,el116,,,UNK,unseen_or_ambiguous_to_UNK,False
sub-ccepAgeUMCU57,el117,,,UNK,unseen_or_ambiguous_to_UNK,False
sub-ccepAgeUMCU57,el118,,,UNK,unseen_or_ambiguous_to_UNK,False
sub-ccepAgeUMCU57,el119,,,UNK,unseen_or_ambiguous_to_UNK,False
sub-ccepAgeUMCU57,el120,,,UNK,unseen_or_ambiguous_to_UNK,False
sub-ccepAgeUMCU57,el121,,,UNK,unseen_or_ambiguous_to_UNK,False
sub-ccepAgeUMCU57,el122,,,UNK,unseen_or_ambiguous_to_UNK,False
sub-ccepAgeUMCU57,el123,,,UNK,unseen_or_ambiguous_to_UNK,False
sub-ccepAgeUMCU57,el124,,,UNK,unseen_or_ambiguous_to_UNK,False
sub-ccepAgeUMCU57,el125,,,UNK,unseen_or_ambiguous_to_UNK,False
sub-ccepAgeUMCU57,el126,,,UNK,unseen_or_ambiguous_to_UNK,False
sub-ccepAgeUMCU57,el127,,,UNK,unseen_or_ambiguous_to_UNK,False
sub-ccepAgeUMCU57,el128,,,UNK,unseen_or_ambiguous_to_UNK,False
sub-ccepAgeUMCU57,thor+,,,UNK,unseen_or_ambiguous_to_UNK,False
sub-ccepAgeUMCU57,abdo+,,,UNK,unseen_or_ambiguous_to_UNK,False
sub-ccepAgeUMCU57,xyz+,,,UNK,unseen_or_ambiguous_to_UNK,False
sub-ccepAgeUMCU57,MKR2+,,,UNK,unseen_or_ambiguous_to_UNK,False
sub-ccepAgeUMCU58,T01,L,G_orbital,UNK,unseen_or_ambiguous_to_UNK,False
sub-ccepAgeUMCU58,T02,L,G_temp_sup-Lateral,lh_G_temp_sup-Lateral,unique_hemi_stem_match,True
sub-ccepAgeUMCU58,T03,L,G_temp_sup-Lateral,lh_G_temp_sup-Lateral,unique_hemi_stem_match,True
sub-ccepAgeUMCU58,T04,L,G_temp_sup-Lateral,lh_G_temp_sup-Lateral,unique_hemi_stem_match,True
sub-ccepAgeUMCU58,T05,L,G_temp_sup-Lateral,lh_G_temp_sup-Lateral,unique_hemi_stem_match,True
sub-ccepAgeUMCU58,T06,L,G_temp_sup-Lateral,lh_G_temp_sup-Lateral,unique_hemi_stem_match,True
sub-ccepAgeUMCU58,T07,L,G_pariet_inf-Supramar,lh_G_pariet_inf-Supramar,unique_hemi_stem_match,True
sub-ccepAgeUMCU58,T08,L,G_pariet_inf-Supramar,lh_G_pariet_inf-Supramar,unique_hemi_stem_match,True
sub-ccepAgeUMCU58,T09,L,G_temp_sup-Lateral,lh_G_temp_sup-Lateral,unique_hemi_stem_match,True
sub-ccepAgeUMCU58,T10,L,G_temp_sup-Lateral,lh_G_temp_sup-Lateral,unique_hemi_stem_match,True
sub-ccepAgeUMCU58,T11,L,G_temp_sup-Lateral,lh_G_temp_sup-Lateral,unique_hemi_stem_match,True
sub-ccepAgeUMCU58,T12,L,G_temp_sup-Lateral,lh_G_temp_sup-Lateral,unique_hemi_stem_match,True
sub-ccepAgeUMCU58,T13,L,G_temp_sup-Lateral,lh_G_temp_sup-Lateral,unique_hemi_stem_match,True
sub-ccepAgeUMCU58,T14,L,G_temp_sup-Lateral,lh_G_temp_sup-Lateral,unique_hemi_stem_match,True
sub-ccepAgeUMCU58,T15,L,G_temp_sup-Lateral,lh_G_temp_sup-Lateral,unique_hemi_stem_match,True
sub-ccepAgeUMCU58,T16,L,G_pariet_inf-Supramar,lh_G_pariet_inf-Supramar,unique_hemi_stem_match,True
sub-ccepAgeUMCU58,T17,L,Pole_temporal,UNK,unseen_or_ambiguous_to_UNK,False
sub-ccepAgeUMCU58,T18,L,G_temporal_middle,lh_G_temporal_middle,unique_hemi_stem_match,True
sub-ccepAgeUMCU58,T19,L,G_temporal_middle,lh_G_temporal_middle,unique_hemi_stem_match,True
sub-ccepAgeUMCU58,T20,L,S_temporal_sup,lh_S_temporal_sup,unique_hemi_stem_match,True
sub-ccepAgeUMCU58,T21,L,G_temporal_middle,lh_G_temporal_middle,unique_hemi_stem_match,True
sub-ccepAgeUMCU58,T22,L,G_temporal_middle,lh_G_temporal_middle,unique_hemi_stem_match,True
sub-ccepAgeUMCU58,T23,L,G_temporal_middle,lh_G_temporal_middle,unique_hemi_stem_match,True
sub-ccepAgeUMCU58,T24,L,G_temp_sup-Plan_tempo,lh_G_temp_sup-Plan_tempo,unique_hemi_stem_match,True
sub-ccepAgeUMCU58,T25,L,Pole_temporal,UNK,unseen_or_ambiguous_to_UNK,False
sub-ccepAgeUMCU58,T26,L,G_temporal_middle,lh_G_temporal_middle,unique_hemi_stem_match,True
sub-ccepAgeUMCU58,T27,L,G_temporal_inf,lh_G_temporal_inf,unique_hemi_stem_match,True
sub-ccepAgeUMCU58,T28,L,G_temporal_middle,lh_G_temporal_middle,unique_hemi_stem_match,True
sub-ccepAgeUMCU58,T29,L,S_temporal_inf,lh_S_temporal_inf,unique_hemi_stem_match,True
sub-ccepAgeUMCU58,T30,L,G_temporal_middle,lh_G_temporal_middle,unique_hemi_stem_match,True
sub-ccepAgeUMCU58,T31,L,G_temporal_middle,lh_G_temporal_middle,unique_hemi_stem_match,True
sub-ccepAgeUMCU58,T32,L,G_temporal_middle,lh_G_temporal_middle,unique_hemi_stem_match,True
sub-ccepAgeUMCU58,OT33,L,G_occipital_sup,UNK,unseen_or_ambiguous_to_UNK,False
sub-ccepAgeUMCU58,OT34,L,Pole_occipital,UNK,unseen_or_ambiguous_to_UNK,False
sub-ccepAgeUMCU58,OT35,L,G_occipital_middle,UNK,unseen_or_ambiguous_to_UNK,False
sub-ccepAgeUMCU58,OT36,L,G_occipital_middle,UNK,unseen_or_ambiguous_to_UNK,False
sub-ccepAgeUMCU58,OT37,L,G_occipital_middle,UNK,unseen_or_ambiguous_to_UNK,False
sub-ccepAgeUMCU58,OT38,L,G_occipital_middle,UNK,unseen_or_ambiguous_to_UNK,False
sub-ccepAgeUMCU58,OT39,L,G_occipital_middle,UNK,unseen_or_ambiguous_to_UNK,False
sub-ccepAgeUMCU58,OT40,L,G_temporal_middle,lh_G_temporal_middle,unique_hemi_stem_match,True
sub-ccepAgeUMCU58,OT41,L,G_occipital_sup,UNK,unseen_or_ambiguous_to_UNK,False
sub-ccepAgeUMCU58,OT42,L,G_occipital_sup,UNK,unseen_or_ambiguous_to_UNK,False
sub-ccepAgeUMCU58,OT43,L,S_oc_sup&transversal,UNK,unseen_or_ambiguous_to_UNK,False
sub-ccepAgeUMCU58,OT44,L,S_oc_sup&transversal,UNK,unseen_or_ambiguous_to_UNK,False
sub-ccepAgeUMCU58,OT45,L,G_occipital_middle,UNK,unseen_or_ambiguous_to_UNK,False
sub-ccepAgeUMCU58,OT46,L,G_occipital_middle,UNK,unseen_or_ambiguous_to_UNK,False
sub-ccepAgeUMCU58,OT47,L,S_temporal_sup,lh_S_temporal_sup,unique_hemi_stem_match,True
sub-ccepAgeUMCU58,OT48,L,G_pariet_inf-Supramar,lh_G_pariet_inf-Supramar,unique_hemi_stem_match,True
sub-ccepAgeUMCU58,OT49,L,G_cuneus,UNK,unseen_or_ambiguous_to_UNK,False
sub-ccepAgeUMCU58,OT50,L,G_occipital_sup,UNK,unseen_or_ambiguous_to_UNK,False
sub-ccepAgeUMCU58,OT51,L,G_occipital_sup,UNK,unseen_or_ambiguous_to_UNK,False
sub-ccepAgeUMCU58,OT52,L,G_pariet_inf-Angular,UNK,unseen_or_ambiguous_to_UNK,False
sub-ccepAgeUMCU58,OT53,L,G_pariet_inf-Angular,UNK,unseen_or_ambiguous_to_UNK,False
sub-ccepAgeUMCU58,OT54,L,G_pariet_inf-Angular,UNK,unseen_or_ambiguous_to_UNK,False
sub-ccepAgeUMCU58,OT55,L,G_pariet_inf-Angular,UNK,unseen_or_ambiguous_to_UNK,False
sub-ccepAgeUMCU58,OT56,L,G_pariet_inf-Supramar,lh_G_pariet_inf-Supramar,unique_hemi_stem_match,True
sub-ccepAgeUMCU58,OT57,L,G_parietal_sup,UNK,unseen_or_ambiguous_to_UNK,False
sub-ccepAgeUMCU58,OT58,L,G_parietal_sup,UNK,unseen_or_ambiguous_to_UNK,False
sub-ccepAgeUMCU58,OT59,L,G_occipital_sup,UNK,unseen_or_ambiguous_to_UNK,False
sub-ccepAgeUMCU58,OT60,L,G_pariet_inf-Angular,UNK,unseen_or_ambiguous_to_UNK,False
sub-ccepAgeUMCU58,OT61,L,G_pariet_inf-Angular,UNK,unseen_or_ambiguous_to_UNK,False
sub-ccepAgeUMCU58,OT62,L,G_pariet_inf-Angular,UNK,unseen_or_ambiguous_to_UNK,False
sub-ccepAgeUMCU58,OT63,L,G_pariet_inf-Angular,UNK,unseen_or_ambiguous_to_UNK,False
sub-ccepAgeUMCU58,OT64,L,G_pariet_inf-Supramar,lh_G_pariet_inf-Supramar,unique_hemi_stem_match,True
sub-ccepAgeUMCU58,MKR1+,,,UNK,unseen_or_ambiguous_to_UNK,False
sub-ccepAgeUMCU58,P01,L,G_precuneus,UNK,unseen_or_ambiguous_to_UNK,False
sub-ccepAgeUMCU58,P02,L,G_parietal_sup,UNK,unseen_or_ambiguous_to_UNK,False
sub-ccepAgeUMCU58,P03,L,G_parietal_sup,UNK,unseen_or_ambiguous_to_UNK,False
sub-ccepAgeUMCU58,P04,L,G_parietal_sup,UNK,unseen_or_ambiguous_to_UNK,False
sub-ccepAgeUMCU58,P05,L,G_pariet_inf-Angular,UNK,unseen_or_ambiguous_to_UNK,False
sub-ccepAgeUMCU58,P06,L,G_pariet_inf-Angular,UNK,unseen_or_ambiguous_to_UNK,False
sub-ccepAgeUMCU58,P07,L,G_pariet_inf-Angular,UNK,unseen_or_ambiguous_to_UNK,False
sub-ccepAgeUMCU58,P08,L,G_pariet_inf-Supramar,lh_G_pariet_inf-Supramar,unique_hemi_stem_match,True
sub-ccepAgeUMCU58,P09,L,G_precuneus,UNK,unseen_or_ambiguous_to_UNK,False
sub-ccepAgeUMCU58,P10,L,G_parietal_sup,UNK,unseen_or_ambiguous_to_UNK,False
sub-ccepAgeUMCU58,P11,L,G_parietal_sup,UNK,unseen_or_ambiguous_to_UNK,False
sub-ccepAgeUMCU58,P12,L,G_parietal_sup,UNK,unseen_or_ambiguous_to_UNK,False
sub-ccepAgeUMCU58,P13,L,G_parietal_sup,UNK,unseen_or_ambiguous_to_UNK,False
sub-ccepAgeUMCU58,P14,L,G_pariet_inf-Supramar,lh_G_pariet_inf-Supramar,unique_hemi_stem_match,True
sub-ccepAgeUMCU58,P15,L,G_pariet_inf-Supramar,lh_G_pariet_inf-Supramar,unique_hemi_stem_match,True
sub-ccepAgeUMCU58,P16,L,G_pariet_inf-Supramar,lh_G_pariet_inf-Supramar,unique_hemi_stem_match,True
sub-ccepAgeUMCU58,vT1,L,G_oc-temp_med-Parahip,lh_G_oc-temp_med-Parahip,unique_hemi_stem_match,True
sub-ccepAgeUMCU58,vT2,L,G_oc-temp_med-Parahip,lh_G_oc-temp_med-Parahip,unique_hemi_stem_match,True
sub-ccepAgeUMCU58,vT3,L,G_oc-temp_med-Parahip,lh_G_oc-temp_med-Parahip,unique_hemi_stem_match,True
sub-ccepAgeUMCU58,vT4,L,Pole_temporal,UNK,unseen_or_ambiguous_to_UNK,False
sub-ccepAgeUMCU58,vT5,L,Pole_temporal,UNK,unseen_or_ambiguous_to_UNK,False
sub-ccepAgeUMCU58,vT6,L,Pole_temporal,UNK,unseen_or_ambiguous_to_UNK,False
sub-ccepAgeUMCU58,vT7,L,Pole_temporal,UNK,unseen_or_ambiguous_to_UNK,False
sub-ccepAgeUMCU58,vT8,L,G_temporal_middle,lh_G_temporal_middle,unique_hemi_stem_match,True
sub-ccepAgeUMCU58,AH+,,,UNK,unseen_or_ambiguous_to_UNK,False
sub-ccepAgeUMCU58,ECG+,,,UNK,unseen_or_ambiguous_to_UNK,False
sub-ccepAgeUMCU58,orb+,,,UNK,unseen_or_ambiguous_to_UNK,False
sub-ccepAgeUMCU58,emg1+,,,UNK,unseen_or_ambiguous_to_UNK,False
sub-ccepAgeUMCU58,emg2+,,,UNK,unseen_or_ambiguous_to_UNK,False
sub-ccepAgeUMCU58,pB30+,,,UNK,unseen_or_ambiguous_to_UNK,False
sub-ccepAgeUMCU58,pB31+,,,UNK,unseen_or_ambiguous_to_UNK,False
sub-ccepAgeUMCU58,pB32+,,,UNK,unseen_or_ambiguous_to_UNK,False
sub-ccepAgeUMCU58,sTv1,L,G_oc-temp_med-Parahip,lh_G_oc-temp_med-Parahip,unique_hemi_stem_match,True
sub-ccepAgeUMCU58,sTv2,L,G_oc-temp_med-Parahip,lh_G_oc-temp_med-Parahip,unique_hemi_stem_match,True
sub-ccepAgeUMCU58,sTv3,L,G_oc-temp_lat-fusifor,UNK,unseen_or_ambiguous_to_UNK,False
sub-ccepAgeUMCU58,sTv4,L,G_temporal_inf,lh_G_temporal_inf,unique_hemi_stem_match,True
sub-ccepAgeUMCU58,sTv5,L,G_temporal_inf,lh_G_temporal_inf,unique_hemi_stem_match,True
sub-ccepAgeUMCU58,sTv6,L,S_temporal_inf,lh_S_temporal_inf,unique_hemi_stem_match,True
sub-ccepAgeUMCU58,sTv7,L,G_temporal_middle,lh_G_temporal_middle,unique_hemi_stem_match,True
sub-ccepAgeUMCU58,sTv8,L,G_temp_sup-Lateral,lh_G_temp_sup-Lateral,unique_hemi_stem_match,True
sub-ccepAgeUMCU58,sTm1,L,G_oc-temp_lat-fusifor,UNK,unseen_or_ambiguous_to_UNK,False
sub-ccepAgeUMCU58,sTm2,L,G_temporal_inf,lh_G_temporal_inf,unique_hemi_stem_match,True
sub-ccepAgeUMCU58,sTm3,L,G_temporal_middle,lh_G_temporal_middle,unique_hemi_stem_match,True
sub-ccepAgeUMCU58,sTm4,L,G_temporal_middle,lh_G_temporal_middle,unique_hemi_stem_match,True
sub-ccepAgeUMCU58,sTm5,L,G_oc-temp_lat-fusifor,UNK,unseen_or_ambiguous_to_UNK,False
sub-ccepAgeUMCU58,sTm6,L,G_temporal_inf,lh_G_temporal_inf,unique_hemi_stem_match,True
sub-ccepAgeUMCU58,sTm7,L,G_temporal_middle,lh_G_temporal_middle,unique_hemi_stem_match,True
sub-ccepAgeUMCU58,sTm8,L,G_temporal_middle,lh_G_temporal_middle,unique_hemi_stem_match,True
sub-ccepAgeUMCU58,sTa1,L,G_oc-temp_med-Lingual,UNK,unseen_or_ambiguous_to_UNK,False
sub-ccepAgeUMCU58,sTa2,L,G_oc-temp_med-Lingual,UNK,unseen_or_ambiguous_to_UNK,False
sub-ccepAgeUMCU58,sTa3,L,G_oc-temp_lat-fusifor,UNK,unseen_or_ambiguous_to_UNK,False
sub-ccepAgeUMCU58,sTa4,L,G_oc-temp_lat-fusifor,UNK,unseen_or_ambiguous_to_UNK,False
sub-ccepAgeUMCU58,sTa5,L,G_oc-temp_lat-fusifor,UNK,unseen_or_ambiguous_to_UNK,False
sub-ccepAgeUMCU58,sTa6,L,G&S_occipital_inf,UNK,unseen_or_ambiguous_to_UNK,False
sub-ccepAgeUMCU58,sTa7,L,G_temporal_middle,lh_G_temporal_middle,unique_hemi_stem_match,True
sub-ccepAgeUMCU58,sTa8,L,S_temporal_sup,lh_S_temporal_sup,unique_hemi_stem_match,True
sub-ccepAgeUMCU58,PR09,,,UNK,unseen_or_ambiguous_to_UNK,False
sub-ccepAgeUMCU58,PR10,,,UNK,unseen_or_ambiguous_to_UNK,False
sub-ccepAgeUMCU58,PR11,,,UNK,unseen_or_ambiguous_to_UNK,False
sub-ccepAgeUMCU58,PR12,,,UNK,unseen_or_ambiguous_to_UNK,False
sub-ccepAgeUMCU58,HPR1,,,UNK,unseen_or_ambiguous_to_UNK,False
sub-ccepAgeUMCU58,HPR2,,,UNK,unseen_or_ambiguous_to_UNK,False
sub-ccepAgeUMCU58,HPR3,,,UNK,unseen_or_ambiguous_to_UNK,False
sub-ccepAgeUMCU58,HPR4,,,UNK,unseen_or_ambiguous_to_UNK,False
sub-ccepAgeUMCU58,thor+,,,UNK,unseen_or_ambiguous_to_UNK,False
sub-ccepAgeUMCU58,abdo+,,,UNK,unseen_or_ambiguous_to_UNK,False
sub-ccepAgeUMCU58,xyz+,,,UNK,unseen_or_ambiguous_to_UNK,False
sub-ccepAgeUMCU58,MKR2+,,,UNK,unseen_or_ambiguous_to_UNK,False
sub-ccepAgeUMCU59,F01,R,G_orbital,rh_G_orbital,unique_hemi_stem_match,True
sub-ccepAgeUMCU59,F02,R,G_orbital,rh_G_orbital,unique_hemi_stem_match,True
sub-ccepAgeUMCU59,F03,R,G_orbital,rh_G_orbital,unique_hemi_stem_match,True
sub-ccepAgeUMCU59,F04,R,G_insular_short,rh_G_insular_short,unique_hemi_stem_match,True
sub-ccepAgeUMCU59,F05,R,G_temp_sup-Lateral,rh_G_temp_sup-Lateral,unique_hemi_stem_match,True
sub-ccepAgeUMCU59,F06,R,G_temp_sup-Lateral,rh_G_temp_sup-Lateral,unique_hemi_stem_match,True
sub-ccepAgeUMCU59,F07,R,G_temp_sup-Lateral,rh_G_temp_sup-Lateral,unique_hemi_stem_match,True
sub-ccepAgeUMCU59,F08,R,G_temp_sup-Lateral,rh_G_temp_sup-Lateral,unique_hemi_stem_match,True
sub-ccepAgeUMCU59,F09,R,G_orbital,rh_G_orbital,unique_hemi_stem_match,True
sub-ccepAgeUMCU59,F10,R,G_orbital,rh_G_orbital,unique_hemi_stem_match,True
sub-ccepAgeUMCU59,F11,R,G_front_inf-Orbital,rh_G_front_inf-Orbital,unique_hemi_stem_match,True
sub-ccepAgeUMCU59,F12,R,G_front_inf-Triangul,rh_G_front_inf-Triangul,unique_hemi_stem_match,True
sub-ccepAgeUMCU59,F13,R,G_front_inf-Opercular,UNK,unseen_or_ambiguous_to_UNK,False
sub-ccepAgeUMCU59,F14,R,G_front_inf-Opercular,UNK,unseen_or_ambiguous_to_UNK,False
sub-ccepAgeUMCU59,F15,R,G&S_subcentral,UNK,unseen_or_ambiguous_to_UNK,False
sub-ccepAgeUMCU59,F16,R,G_temp_sup-Plan_tempo,rh_G_temp_sup-Plan_tempo,unique_hemi_stem_match,True
sub-ccepAgeUMCU59,F17,R,G_orbital,rh_G_orbital,unique_hemi_stem_match,True
sub-ccepAgeUMCU59,F18,R,G_front_middle,rh_G_front_middle,unique_hemi_stem_match,True
sub-ccepAgeUMCU59,F19,R,G_front_inf-Triangul,rh_G_front_inf-Triangul,unique_hemi_stem_match,True
sub-ccepAgeUMCU59,F20,R,G_front_inf-Triangul,rh_G_front_inf-Triangul,unique_hemi_stem_match,True
sub-ccepAgeUMCU59,F21,R,G_front_inf-Opercular,UNK,unseen_or_ambiguous_to_UNK,False
sub-ccepAgeUMCU59,F22,R,G_front_inf-Opercular,UNK,unseen_or_ambiguous_to_UNK,False
sub-ccepAgeUMCU59,F23,R,G&S_subcentral,UNK,unseen_or_ambiguous_to_UNK,False
sub-ccepAgeUMCU59,F24,R,G_pariet_inf-Supramar,rh_G_pariet_inf-Supramar,unique_hemi_stem_match,True
sub-ccepAgeUMCU59,F25,R,G&S_transv_frontopol,UNK,unseen_or_ambiguous_to_UNK,False
sub-ccepAgeUMCU59,F26,R,G_front_middle,rh_G_front_middle,unique_hemi_stem_match,True
sub-ccepAgeUMCU59,F27,R,G_front_middle,rh_G_front_middle,unique_hemi_stem_match,True
sub-ccepAgeUMCU59,F28,R,S_front_inf,rh_S_front_inf,unique_hemi_stem_match,True
sub-ccepAgeUMCU59,F29,R,G_front_inf-Opercular,UNK,unseen_or_ambiguous_to_UNK,False
sub-ccepAgeUMCU59,F30,R,G_front_inf-Opercular,UNK,unseen_or_ambiguous_to_UNK,False
sub-ccepAgeUMCU59,F31,R,G_postcentral,rh_G_postcentral,unique_hemi_stem_match,True
sub-ccepAgeUMCU59,F32,R,G_pariet_inf-Supramar,rh_G_pariet_inf-Supramar,unique_hemi_stem_match,True
sub-ccepAgeUMCU59,HF01,R,G_front_sup,rh_G_front_sup,unique_hemi_stem_match,True
sub-ccepAgeUMCU59,HF02,R,G_front_sup,rh_G_front_sup,unique_hemi_stem_match,True
sub-ccepAgeUMCU59,HF03,R,S_front_middle,rh_S_front_middle,unique_hemi_stem_match,True
sub-ccepAgeUMCU59,HF04,R,S_front_middle,rh_S_front_middle,unique_hemi_stem_match,True
sub-ccepAgeUMCU59,HF05,R,G_front_middle,rh_G_front_middle,unique_hemi_stem_match,True
sub-ccepAgeUMCU59,HF06,R,G_front_middle,rh_G_front_middle,unique_hemi_stem_match,True
sub-ccepAgeUMCU59,HF07,R,G_front_middle,rh_G_front_middle,unique_hemi_stem_match,True
sub-ccepAgeUMCU59,HF08,R,G_precentral,rh_G_precentral,unique_hemi_stem_match,True
sub-ccepAgeUMCU59,HF09,R,G_front_sup,rh_G_front_sup,unique_hemi_stem_match,True
sub-ccepAgeUMCU59,HF10,R,G_front_sup,rh_G_front_sup,unique_hemi_stem_match,True
sub-ccepAgeUMCU59,HF11,R,G_front_sup,rh_G_front_sup,unique_hemi_stem_match,True
sub-ccepAgeUMCU59,HF12,R,S_front_middle,rh_S_front_middle,unique_hemi_stem_match,True
sub-ccepAgeUMCU59,HF13,R,G_front_middle,rh_G_front_middle,unique_hemi_stem_match,True
sub-ccepAgeUMCU59,HF14,R,G_front_middle,rh_G_front_middle,unique_hemi_stem_match,True
sub-ccepAgeUMCU59,HF15,R,G_front_middle,rh_G_front_middle,unique_hemi_stem_match,True
sub-ccepAgeUMCU59,HF16,R,G_precentral,rh_G_precentral,unique_hemi_stem_match,True
sub-ccepAgeUMCU59,DL1,R,,UNK,unseen_or_ambiguous_to_UNK,False
sub-ccepAgeUMCU59,DL2,R,,UNK,unseen_or_ambiguous_to_UNK,False
sub-ccepAgeUMCU59,DL3,R,S_front_inf,rh_S_front_inf,unique_hemi_stem_match,True
sub-ccepAgeUMCU59,DL4,R,S_front_inf,rh_S_front_inf,unique_hemi_stem_match,True
sub-ccepAgeUMCU59,DL5,R,S_front_inf,rh_S_front_inf,unique_hemi_stem_match,True
sub-ccepAgeUMCU59,DL6,R,S_front_inf,rh_S_front_inf,unique_hemi_stem_match,True
sub-ccepAgeUMCU59,DL7,R,S_front_inf,rh_S_front_inf,unique_hemi_stem_match,True
sub-ccepAgeUMCU59,DL8,R,S_front_inf,rh_S_front_inf,unique_hemi_stem_match,True
sub-ccepAgeUMCU59,DH1,R,,UNK,unseen_or_ambiguous_to_UNK,False
sub-ccepAgeUMCU59,DH2,R,S_front_inf,rh_S_front_inf,unique_hemi_stem_match,True
sub-ccepAgeUMCU59,DH3,R,S_front_inf,rh_S_front_inf,unique_hemi_stem_match,True
sub-ccepAgeUMCU59,DH4,R,S_front_inf,rh_S_front_inf,unique_hemi_stem_match,True
sub-ccepAgeUMCU59,DH5,R,G_front_middle,rh_G_front_middle,unique_hemi_stem_match,True
sub-ccepAgeUMCU59,DH6,R,G_front_middle,rh_G_front_middle,unique_hemi_stem_match,True
sub-ccepAgeUMCU59,DH7,R,G_front_middle,rh_G_front_middle,unique_hemi_stem_match,True
sub-ccepAgeUMCU59,DH8,R,G_front_middle,rh_G_front_middle,unique_hemi_stem_match,True
sub-ccepAgeUMCU59,thor+,,,UNK,unseen_or_ambiguous_to_UNK,False
sub-ccepAgeUMCU59,abdo+,,,UNK,unseen_or_ambiguous_to_UNK,False
sub-ccepAgeUMCU59,xyz+,,,UNK,unseen_or_ambiguous_to_UNK,False
sub-ccepAgeUMCU59,MKR+,,,UNK,unseen_or_ambiguous_to_UNK,False
sub-ccepAgeUMCU60,AT01,R,G_pariet_inf-Angular,rh_G_pariet_inf-Angular,unique_hemi_stem_match,True
sub-ccepAgeUMCU60,AT02,R,G_pariet_inf-Angular,rh_G_pariet_inf-Angular,unique_hemi_stem_match,True
sub-ccepAgeUMCU60,AT03,R,G_pariet_inf-Angular,rh_G_pariet_inf-Angular,unique_hemi_stem_match,True
sub-ccepAgeUMCU60,AT04,R,G_pariet_inf-Supramar,rh_G_pariet_inf-Supramar,unique_hemi_stem_match,True
sub-ccepAgeUMCU60,AT05,R,G_pariet_inf-Supramar,rh_G_pariet_inf-Supramar,unique_hemi_stem_match,True
sub-ccepAgeUMCU60,AT06,R,G_pariet_inf-Supramar,rh_G_pariet_inf-Supramar,unique_hemi_stem_match,True
sub-ccepAgeUMCU60,AT07,R,G_pariet_inf-Supramar,rh_G_pariet_inf-Supramar,unique_hemi_stem_match,True
sub-ccepAgeUMCU60,AT08,R,G_postcentral,rh_G_postcentral,unique_hemi_stem_match,True
sub-ccepAgeUMCU60,AT09,R,G_pariet_inf-Angular,rh_G_pariet_inf-Angular,unique_hemi_stem_match,True
sub-ccepAgeUMCU60,AT10,R,G_pariet_inf-Angular,rh_G_pariet_inf-Angular,unique_hemi_stem_match,True
sub-ccepAgeUMCU60,AT11,R,G_pariet_inf-Angular,rh_G_pariet_inf-Angular,unique_hemi_stem_match,True
sub-ccepAgeUMCU60,AT12,R,G_pariet_inf-Supramar,rh_G_pariet_inf-Supramar,unique_hemi_stem_match,True
sub-ccepAgeUMCU60,AT13,R,G_pariet_inf-Supramar,rh_G_pariet_inf-Supramar,unique_hemi_stem_match,True
sub-ccepAgeUMCU60,AT14,R,G_pariet_inf-Supramar,rh_G_pariet_inf-Supramar,unique_hemi_stem_match,True
sub-ccepAgeUMCU60,AT15,R,G_pariet_inf-Supramar,rh_G_pariet_inf-Supramar,unique_hemi_stem_match,True
sub-ccepAgeUMCU60,AT16,R,G&S_subcentral,UNK,unseen_or_ambiguous_to_UNK,False
sub-ccepAgeUMCU60,AT17,R,G_occipital_middle,rh_G_occipital_middle,unique_hemi_stem_match,True
sub-ccepAgeUMCU60,AT18,R,G_pariet_inf-Angular,rh_G_pariet_inf-Angular,unique_hemi_stem_match,True
sub-ccepAgeUMCU60,AT19,R,G_pariet_inf-Angular,rh_G_pariet_inf-Angular,unique_hemi_stem_match,True
sub-ccepAgeUMCU60,AT20,R,G_pariet_inf-Angular,rh_G_pariet_inf-Angular,unique_hemi_stem_match,True
sub-ccepAgeUMCU60,AT21,R,G_pariet_inf-Angular,rh_G_pariet_inf-Angular,unique_hemi_stem_match,True
sub-ccepAgeUMCU60,AT22,R,G_temp_sup-Lateral,rh_G_temp_sup-Lateral,unique_hemi_stem_match,True
sub-ccepAgeUMCU60,AT23,R,G_temp_sup-Lateral,rh_G_temp_sup-Lateral,unique_hemi_stem_match,True
sub-ccepAgeUMCU60,AT24,R,G_temp_sup-Plan_tempo,rh_G_temp_sup-Plan_tempo,unique_hemi_stem_match,True
sub-ccepAgeUMCU60,AT25,R,G_occipital_middle,rh_G_occipital_middle,unique_hemi_stem_match,True
sub-ccepAgeUMCU60,AT26,R,G_occipital_middle,rh_G_occipital_middle,unique_hemi_stem_match,True
sub-ccepAgeUMCU60,AT27,R,G_pariet_inf-Angular,rh_G_pariet_inf-Angular,unique_hemi_stem_match,True
sub-ccepAgeUMCU60,AT28,R,G_temporal_middle,rh_G_temporal_middle,unique_hemi_stem_match,True
sub-ccepAgeUMCU60,AT29,R,G_temporal_middle,rh_G_temporal_middle,unique_hemi_stem_match,True
sub-ccepAgeUMCU60,AT30,R,G_temp_sup-Lateral,rh_G_temp_sup-Lateral,unique_hemi_stem_match,True
sub-ccepAgeUMCU60,AT31,R,G_temp_sup-Lateral,rh_G_temp_sup-Lateral,unique_hemi_stem_match,True
sub-ccepAgeUMCU60,AT32,R,G_temp_sup-Lateral,rh_G_temp_sup-Lateral,unique_hemi_stem_match,True
sub-ccepAgeUMCU60,AT33,R,G_occipital_middle,rh_G_occipital_middle,unique_hemi_stem_match,True
sub-ccepAgeUMCU60,AT34,R,G_occipital_middle,rh_G_occipital_middle,unique_hemi_stem_match,True
sub-ccepAgeUMCU60,AT35,R,G_occipital_middle,rh_G_occipital_middle,unique_hemi_stem_match,True
sub-ccepAgeUMCU60,AT36,R,G_temporal_middle,rh_G_temporal_middle,unique_hemi_stem_match,True
sub-ccepAgeUMCU60,AT37,R,G_temporal_middle,rh_G_temporal_middle,unique_hemi_stem_match,True
sub-ccepAgeUMCU60,AT38,R,G_temporal_middle,rh_G_temporal_middle,unique_hemi_stem_match,True
sub-ccepAgeUMCU60,AT39,R,G_temporal_middle,rh_G_temporal_middle,unique_hemi_stem_match,True
sub-ccepAgeUMCU60,AT40,R,G_temporal_middle,rh_G_temporal_middle,unique_hemi_stem_match,True
sub-ccepAgeUMCU60,AT41,R,G_occipital_middle,rh_G_occipital_middle,unique_hemi_stem_match,True
sub-ccepAgeUMCU60,AT42,R,G_occipital_middle,rh_G_occipital_middle,unique_hemi_stem_match,True
sub-ccepAgeUMCU60,AT43,R,G_occipital_middle,rh_G_occipital_middle,unique_hemi_stem_match,True
sub-ccepAgeUMCU60,AT44,R,G_temporal_inf,rh_G_temporal_inf,unique_hemi_stem_match,True
sub-ccepAgeUMCU60,AT45,R,G_temporal_inf,rh_G_temporal_inf,unique_hemi_stem_match,True
sub-ccepAgeUMCU60,AT46,R,G_temporal_middle,rh_G_temporal_middle,unique_hemi_stem_match,True
sub-ccepAgeUMCU60,AT47,R,G_temporal_inf,rh_G_temporal_inf,unique_hemi_stem_match,True
sub-ccepAgeUMCU60,AT48,R,G_temporal_middle,rh_G_temporal_middle,unique_hemi_stem_match,True
sub-ccepAgeUMCU60,T49,R,Pole_temporal,rh_Pole_temporal,unique_hemi_stem_match,True
sub-ccepAgeUMCU60,T50,R,Pole_temporal,rh_Pole_temporal,unique_hemi_stem_match,True
sub-ccepAgeUMCU60,T51,R,G_temporal_middle,rh_G_temporal_middle,unique_hemi_stem_match,True
sub-ccepAgeUMCU60,T52,R,G_temporal_middle,rh_G_temporal_middle,unique_hemi_stem_match,True
sub-ccepAgeUMCU60,T53,R,G_temporal_middle,rh_G_temporal_middle,unique_hemi_stem_match,True
sub-ccepAgeUMCU60,T54,R,G_temporal_middle,rh_G_temporal_middle,unique_hemi_stem_match,True
sub-ccepAgeUMCU60,T55,R,G_temporal_middle,rh_G_temporal_middle,unique_hemi_stem_match,True
sub-ccepAgeUMCU60,T56,R,G_temporal_middle,rh_G_temporal_middle,unique_hemi_stem_match,True
sub-ccepAgeUMCU60,T57,R,G_temp_sup-Lateral,rh_G_temp_sup-Lateral,unique_hemi_stem_match,True
sub-ccepAgeUMCU60,T58,R,G_temp_sup-Lateral,rh_G_temp_sup-Lateral,unique_hemi_stem_match,True
sub-ccepAgeUMCU60,T59,R,G_temp_sup-Lateral,rh_G_temp_sup-Lateral,unique_hemi_stem_match,True
sub-ccepAgeUMCU60,T60,R,G_temporal_middle,rh_G_temporal_middle,unique_hemi_stem_match,True
sub-ccepAgeUMCU60,T61,R,G_temp_sup-Lateral,rh_G_temp_sup-Lateral,unique_hemi_stem_match,True
sub-ccepAgeUMCU60,T62,R,G_temp_sup-Lateral,rh_G_temp_sup-Lateral,unique_hemi_stem_match,True
sub-ccepAgeUMCU60,T63,R,G_temp_sup-Lateral,rh_G_temp_sup-Lateral,unique_hemi_stem_match,True
sub-ccepAgeUMCU60,T64,R,G_temp_sup-Lateral,rh_G_temp_sup-Lateral,unique_hemi_stem_match,True
sub-ccepAgeUMCU60,MKR1+,,,UNK,unseen_or_ambiguous_to_UNK,False
sub-ccepAgeUMCU60,sT1,R,G_oc-temp_med-Parahip,rh_G_oc-temp_med-Parahip,unique_hemi_stem_match,True
sub-ccepAgeUMCU60,sT2,R,G_oc-temp_med-Parahip,rh_G_oc-temp_med-Parahip,unique_hemi_stem_match,True
sub-ccepAgeUMCU60,sT3,R,Pole_temporal,rh_Pole_temporal,unique_hemi_stem_match,True
sub-ccepAgeUMCU60,sT4,R,Pole_temporal,rh_Pole_temporal,unique_hemi_stem_match,True
sub-ccepAgeUMCU60,sT5,R,G_temporal_inf,rh_G_temporal_inf,unique_hemi_stem_match,True
sub-ccepAgeUMCU60,sT6,R,G_temporal_inf,rh_G_temporal_inf,unique_hemi_stem_match,True
sub-ccepAgeUMCU60,sT7,R,G_temporal_middle,rh_G_temporal_middle,unique_hemi_stem_match,True
sub-ccepAgeUMCU60,sT8,R,G_temporal_middle,rh_G_temporal_middle,unique_hemi_stem_match,True
sub-ccepAgeUMCU60,sOT1,R,G_oc-temp_lat-fusifor,UNK,unseen_or_ambiguous_to_UNK,False
sub-ccepAgeUMCU60,sOT2,R,G_oc-temp_lat-fusifor,UNK,unseen_or_ambiguous_to_UNK,False
sub-ccepAgeUMCU60,sOT3,R,G_temporal_inf,rh_G_temporal_inf,unique_hemi_stem_match,True
sub-ccepAgeUMCU60,sOT4,R,G_temporal_inf,rh_G_temporal_inf,unique_hemi_stem_match,True
sub-ccepAgeUMCU60,sOT5,R,G_oc-temp_lat-fusifor,UNK,unseen_or_ambiguous_to_UNK,False
sub-ccepAgeUMCU60,sOT6,R,G_oc-temp_lat-fusifor,UNK,unseen_or_ambiguous_to_UNK,False
sub-ccepAgeUMCU60,sOT7,R,G_temporal_inf,rh_G_temporal_inf,unique_hemi_stem_match,True
sub-ccepAgeUMCU60,sOT8,R,G_temporal_inf,rh_G_temporal_inf,unique_hemi_stem_match,True
sub-ccepAgeUMCU60,Oc1,R,G_cingul-Post-ventral,rh_G_cingul-Post-ventral,unique_hemi_stem_match,True
sub-ccepAgeUMCU60,Oc2,R,G_oc-temp_med-Lingual,rh_G_oc-temp_med-Lingual,unique_hemi_stem_match,True
sub-ccepAgeUMCU60,Oc3,R,G_oc-temp_med-Lingual,rh_G_oc-temp_med-Lingual,unique_hemi_stem_match,True
sub-ccepAgeUMCU60,Oc4,R,G_oc-temp_lat-fusifor,UNK,unseen_or_ambiguous_to_UNK,False
sub-ccepAgeUMCU60,Oc5,R,G_oc-temp_lat-fusifor,UNK,unseen_or_ambiguous_to_UNK,False
sub-ccepAgeUMCU60,Oc6,R,G_oc-temp_lat-fusifor,UNK,unseen_or_ambiguous_to_UNK,False
sub-ccepAgeUMCU60,Oc7,R,G_oc-temp_lat-fusifor,UNK,unseen_or_ambiguous_to_UNK,False
sub-ccepAgeUMCU60,Oc8,R,G&S_occipital_inf,rh_G&S_occipital_inf,unique_hemi_stem_match,True
sub-ccepAgeUMCU60,AH+,,,UNK,unseen_or_ambiguous_to_UNK,False
sub-ccepAgeUMCU60,ECG+,,,UNK,unseen_or_ambiguous_to_UNK,False
sub-ccepAgeUMCU60,orb+,,,UNK,unseen_or_ambiguous_to_UNK,False
sub-ccepAgeUMCU60,emg1+,,,UNK,unseen_or_ambiguous_to_UNK,False
sub-ccepAgeUMCU60,EMG2,,,UNK,unseen_or_ambiguous_to_UNK,False
sub-ccepAgeUMCU60,el094,,,UNK,unseen_or_ambiguous_to_UNK,False
sub-ccepAgeUMCU60,el095,,,UNK,unseen_or_ambiguous_to_UNK,False
sub-ccepAgeUMCU60,el096,,,UNK,unseen_or_ambiguous_to_UNK,False
sub-ccepAgeUMCU60,el097,,,UNK,unseen_or_ambiguous_to_UNK,False
sub-ccepAgeUMCU60,el098,,,UNK,unseen_or_ambiguous_to_UNK,False
sub-ccepAgeUMCU60,el099,,,UNK,unseen_or_ambiguous_to_UNK,False
sub-ccepAgeUMCU60,el100,,,UNK,unseen_or_ambiguous_to_UNK,False
sub-ccepAgeUMCU60,el101,,,UNK,unseen_or_ambiguous_to_UNK,False
sub-ccepAgeUMCU60,el102,,,UNK,unseen_or_ambiguous_to_UNK,False
sub-ccepAgeUMCU60,el103,,,UNK,unseen_or_ambiguous_to_UNK,False
sub-ccepAgeUMCU60,el104,,,UNK,unseen_or_ambiguous_to_UNK,False
sub-ccepAgeUMCU60,el105,,,UNK,unseen_or_ambiguous_to_UNK,False
sub-ccepAgeUMCU60,el106,,,UNK,unseen_or_ambiguous_to_UNK,False
sub-ccepAgeUMCU60,el107,,,UNK,unseen_or_ambiguous_to_UNK,False
sub-ccepAgeUMCU60,el108,,,UNK,unseen_or_ambiguous_to_UNK,False
sub-ccepAgeUMCU60,el109,,,UNK,unseen_or_ambiguous_to_UNK,False
sub-ccepAgeUMCU60,el110,,,UNK,unseen_or_ambiguous_to_UNK,False
sub-ccepAgeUMCU60,el111,,,UNK,unseen_or_ambiguous_to_UNK,False
sub-ccepAgeUMCU60,el112,,,UNK,unseen_or_ambiguous_to_UNK,False
sub-ccepAgeUMCU60,el113,,,UNK,unseen_or_ambiguous_to_UNK,False
sub-ccepAgeUMCU60,el114,,,UNK,unseen_or_ambiguous_to_UNK,False
sub-ccepAgeUMCU60,el115,,,UNK,unseen_or_ambiguous_to_UNK,False
sub-ccepAgeUMCU60,el116,,,UNK,unseen_or_ambiguous_to_UNK,False
sub-ccepAgeUMCU60,el117,,,UNK,unseen_or_ambiguous_to_UNK,False
sub-ccepAgeUMCU60,el118,,,UNK,unseen_or_ambiguous_to_UNK,False
sub-ccepAgeUMCU60,el119,,,UNK,unseen_or_ambiguous_to_UNK,False
sub-ccepAgeUMCU60,el120,,,UNK,unseen_or_ambiguous_to_UNK,False
sub-ccepAgeUMCU60,el121,,,UNK,unseen_or_ambiguous_to_UNK,False
sub-ccepAgeUMCU60,el122,,,UNK,unseen_or_ambiguous_to_UNK,False
sub-ccepAgeUMCU60,el123,,,UNK,unseen_or_ambiguous_to_UNK,False
sub-ccepAgeUMCU60,el124,,,UNK,unseen_or_ambiguous_to_UNK,False
sub-ccepAgeUMCU60,el125,,,UNK,unseen_or_ambiguous_to_UNK,False
sub-ccepAgeUMCU60,el126,,,UNK,unseen_or_ambiguous_to_UNK,False
sub-ccepAgeUMCU60,el127,,,UNK,unseen_or_ambiguous_to_UNK,False
sub-ccepAgeUMCU60,el128,,,UNK,unseen_or_ambiguous_to_UNK,False
sub-ccepAgeUMCU60,thor+,,,UNK,unseen_or_ambiguous_to_UNK,False
sub-ccepAgeUMCU60,abdo+,,,UNK,unseen_or_ambiguous_to_UNK,False
sub-ccepAgeUMCU60,xyz+,,,UNK,unseen_or_ambiguous_to_UNK,False
sub-ccepAgeUMCU60,MKR2+,,,UNK,unseen_or_ambiguous_to_UNK,False
sub-ccepAgeUMCU61,P01,L,G_front_middle,lh_G_front_middle,unique_hemi_stem_match,True
sub-ccepAgeUMCU61,P02,L,G_front_middle,lh_G_front_middle,unique_hemi_stem_match,True
sub-ccepAgeUMCU61,P03,L,G_precentral,lh_G_precentral,unique_hemi_stem_match,True
sub-ccepAgeUMCU61,P04,L,G_precentral,lh_G_precentral,unique_hemi_stem_match,True
sub-ccepAgeUMCU61,P05,L,G_postcentral,lh_G_postcentral,unique_hemi_stem_match,True
sub-ccepAgeUMCU61,P06,L,G_postcentral,lh_G_postcentral,unique_hemi_stem_match,True
sub-ccepAgeUMCU61,P07,L,G_pariet_inf-Supramar,lh_G_pariet_inf-Supramar,unique_hemi_stem_match,True
sub-ccepAgeUMCU61,P08,L,G_parietal_sup,UNK,unseen_or_ambiguous_to_UNK,False
sub-ccepAgeUMCU61,P09,L,G_front_middle,lh_G_front_middle,unique_hemi_stem_match,True
sub-ccepAgeUMCU61,P10,L,G_precentral,lh_G_precentral,unique_hemi_stem_match,True
sub-ccepAgeUMCU61,P11,L,G_precentral,lh_G_precentral,unique_hemi_stem_match,True
sub-ccepAgeUMCU61,P12,L,G_postcentral,lh_G_postcentral,unique_hemi_stem_match,True
sub-ccepAgeUMCU61,P13,L,G_pariet_inf-Supramar,lh_G_pariet_inf-Supramar,unique_hemi_stem_match,True
sub-ccepAgeUMCU61,P14,L,G_pariet_inf-Supramar,lh_G_pariet_inf-Supramar,unique_hemi_stem_match,True
sub-ccepAgeUMCU61,P15,L,G_pariet_inf-Supramar,lh_G_pariet_inf-Supramar,unique_hemi_stem_match,True
sub-ccepAgeUMCU61,P16,L,S_interm_prim-Jensen,lh_S_interm_prim-Jensen,unique_hemi_stem_match,True
sub-ccepAgeUMCU61,P17,L,G_precentral,lh_G_precentral,unique_hemi_stem_match,True
sub-ccepAgeUMCU61,P18,L,G_precentral,lh_G_precentral,unique_hemi_stem_match,True
sub-ccepAgeUMCU61,P19,L,G_postcentral,lh_G_postcentral,unique_hemi_stem_match,True
sub-ccepAgeUMCU61,P20,L,G_pariet_inf-Supramar,lh_G_pariet_inf-Supramar,unique_hemi_stem_match,True
sub-ccepAgeUMCU61,P21,L,G_pariet_inf-Supramar,lh_G_pariet_inf-Supramar,unique_hemi_stem_match,True
sub-ccepAgeUMCU61,P22,L,G_pariet_inf-Supramar,lh_G_pariet_inf-Supramar,unique_hemi_stem_match,True
sub-ccepAgeUMCU61,P23,L,G_pariet_inf-Supramar,lh_G_pariet_inf-Supramar,unique_hemi_stem_match,True
sub-ccepAgeUMCU61,P24,L,G_pariet_inf-Supramar,lh_G_pariet_inf-Supramar,unique_hemi_stem_match,True
sub-ccepAgeUMCU61,P25,L,G_front_inf-Opercular,UNK,unseen_or_ambiguous_to_UNK,False
sub-ccepAgeUMCU61,P26,L,G&S_subcentral,UNK,unseen_or_ambiguous_to_UNK,False
sub-ccepAgeUMCU61,P27,L,G&S_subcentral,UNK,unseen_or_ambiguous_to_UNK,False
sub-ccepAgeUMCU61,P28,L,G_pariet_inf-Supramar,lh_G_pariet_inf-Supramar,unique_hemi_stem_match,True
sub-ccepAgeUMCU61,P29,L,G_pariet_inf-Supramar,lh_G_pariet_inf-Supramar,unique_hemi_stem_match,True
sub-ccepAgeUMCU61,P30,L,G_pariet_inf-Supramar,lh_G_pariet_inf-Supramar,unique_hemi_stem_match,True
sub-ccepAgeUMCU61,P31,L,G_pariet_inf-Supramar,lh_G_pariet_inf-Supramar,unique_hemi_stem_match,True
sub-ccepAgeUMCU61,P32,L,G_pariet_inf-Angular,UNK,unseen_or_ambiguous_to_UNK,False
sub-ccepAgeUMCU61,P33,L,G_temp_sup-Lateral,lh_G_temp_sup-Lateral,unique_hemi_stem_match,True
sub-ccepAgeUMCU61,P34,L,G_temp_sup-Lateral,lh_G_temp_sup-Lateral,unique_hemi_stem_match,True
sub-ccepAgeUMCU61,P35,L,G_temp_sup-Lateral,lh_G_temp_sup-Lateral,unique_hemi_stem_match,True
sub-ccepAgeUMCU61,P36,L,G_pariet_inf-Supramar,lh_G_pariet_inf-Supramar,unique_hemi_stem_match,True
sub-ccepAgeUMCU61,P37,L,G_temp_sup-Lateral,lh_G_temp_sup-Lateral,unique_hemi_stem_match,True
sub-ccepAgeUMCU61,P38,L,G_pariet_inf-Supramar,lh_G_pariet_inf-Supramar,unique_hemi_stem_match,True
sub-ccepAgeUMCU61,P39,L,G_pariet_inf-Supramar,lh_G_pariet_inf-Supramar,unique_hemi_stem_match,True
sub-ccepAgeUMCU61,P40,L,G_pariet_inf-Angular,UNK,unseen_or_ambiguous_to_UNK,False
sub-ccepAgeUMCU61,P41,L,G_temporal_middle,lh_G_temporal_middle,unique_hemi_stem_match,True
sub-ccepAgeUMCU61,P42,L,S_temporal_sup,lh_S_temporal_sup,unique_hemi_stem_match,True
sub-ccepAgeUMCU61,P43,L,G_temp_sup-Lateral,lh_G_temp_sup-Lateral,unique_hemi_stem_match,True
sub-ccepAgeUMCU61,P44,L,G_temp_sup-Lateral,lh_G_temp_sup-Lateral,unique_hemi_stem_match,True
sub-ccepAgeUMCU61,P45,L,G_temp_sup-Lateral,lh_G_temp_sup-Lateral,unique_hemi_stem_match,True
sub-ccepAgeUMCU61,P46,L,G_temp_sup-Lateral,lh_G_temp_sup-Lateral,unique_hemi_stem_match,True
sub-ccepAgeUMCU61,P47,L,G_temp_sup-Lateral,lh_G_temp_sup-Lateral,unique_hemi_stem_match,True
sub-ccepAgeUMCU61,P48,L,G_temporal_middle,lh_G_temporal_middle,unique_hemi_stem_match,True
sub-ccepAgeUMCU61,T49,L,G_temporal_middle,lh_G_temporal_middle,unique_hemi_stem_match,True
sub-ccepAgeUMCU61,T50,L,G_temporal_middle,lh_G_temporal_middle,unique_hemi_stem_match,True
sub-ccepAgeUMCU61,T51,L,G_temporal_middle,lh_G_temporal_middle,unique_hemi_stem_match,True
sub-ccepAgeUMCU61,T52,L,G_temporal_middle,lh_G_temporal_middle,unique_hemi_stem_match,True
sub-ccepAgeUMCU61,T53,L,G_temporal_middle,lh_G_temporal_middle,unique_hemi_stem_match,True
sub-ccepAgeUMCU61,T54,L,G_temporal_middle,lh_G_temporal_middle,unique_hemi_stem_match,True
sub-ccepAgeUMCU61,T55,L,G_temporal_middle,lh_G_temporal_middle,unique_hemi_stem_match,True
sub-ccepAgeUMCU61,T56,L,G_temporal_middle,lh_G_temporal_middle,unique_hemi_stem_match,True
sub-ccepAgeUMCU61,T57,L,G_temporal_middle,lh_G_temporal_middle,unique_hemi_stem_match,True
sub-ccepAgeUMCU61,T58,L,G_temporal_middle,lh_G_temporal_middle,unique_hemi_stem_match,True
sub-ccepAgeUMCU61,T59,L,G_temporal_inf,lh_G_temporal_inf,unique_hemi_stem_match,True
sub-ccepAgeUMCU61,T60,L,G_temporal_middle,lh_G_temporal_middle,unique_hemi_stem_match,True
sub-ccepAgeUMCU61,T61,L,G_temporal_middle,lh_G_temporal_middle,unique_hemi_stem_match,True
sub-ccepAgeUMCU61,T62,L,G_temporal_middle,lh_G_temporal_middle,unique_hemi_stem_match,True
sub-ccepAgeUMCU61,T63,L,G_temporal_middle,lh_G_temporal_middle,unique_hemi_stem_match,True
sub-ccepAgeUMCU61,T64,L,G_temporal_middle,lh_G_temporal_middle,unique_hemi_stem_match,True
sub-ccepAgeUMCU61,MKR1+,,,UNK,unseen_or_ambiguous_to_UNK,False
sub-ccepAgeUMCU61,Dv1,L,Lat_Fis-post,lh_Lat_Fis-post,unique_hemi_stem_match,True
sub-ccepAgeUMCU61,Dv2,L,Lat_Fis-post,lh_Lat_Fis-post,unique_hemi_stem_match,True
sub-ccepAgeUMCU61,Dv3,L,Lat_Fis-post,lh_Lat_Fis-post,unique_hemi_stem_match,True
sub-ccepAgeUMCU61,Dv4,L,G_temp_sup-G_T_transv,UNK,unseen_or_ambiguous_to_UNK,False
sub-ccepAgeUMCU61,Dv5,L,G_pariet_inf-Supramar,lh_G_pariet_inf-Supramar,unique_hemi_stem_match,True
sub-ccepAgeUMCU61,Dv6,L,G_pariet_inf-Supramar,lh_G_pariet_inf-Supramar,unique_hemi_stem_match,True
sub-ccepAgeUMCU61,Dv7,L,G_pariet_inf-Supramar,lh_G_pariet_inf-Supramar,unique_hemi_stem_match,True
sub-ccepAgeUMCU61,Dv8,L,G_pariet_inf-Supramar,lh_G_pariet_inf-Supramar,unique_hemi_stem_match,True
sub-ccepAgeUMCU61,Da1,L,S_intrapariet&P_trans,UNK,unseen_or_ambiguous_to_UNK,False
sub-ccepAgeUMCU61,Da2,L,G_temp_sup-Plan_tempo,lh_G_temp_sup-Plan_tempo,unique_hemi_stem_match,True
sub-ccepAgeUMCU61,Da3,L,G_temp_sup-Plan_tempo,lh_G_temp_sup-Plan_tempo,unique_hemi_stem_match,True
sub-ccepAgeUMCU61,Da4,L,G_temp_sup-Plan_tempo,lh_G_temp_sup-Plan_tempo,unique_hemi_stem_match,True
sub-ccepAgeUMCU61,Da5,L,G_temp_sup-Plan_tempo,lh_G_temp_sup-Plan_tempo,unique_hemi_stem_match,True
sub-ccepAgeUMCU61,Da6,L,G_temp_sup-Plan_tempo,lh_G_temp_sup-Plan_tempo,unique_hemi_stem_match,True
sub-ccepAgeUMCU61,Da7,L,G_pariet_inf-Supramar,lh_G_pariet_inf-Supramar,unique_hemi_stem_match,True
sub-ccepAgeUMCU61,Da8,L,G_pariet_inf-Supramar,lh_G_pariet_inf-Supramar,unique_hemi_stem_match,True
sub-ccepAgeUMCU61,el081,,,UNK,unseen_or_ambiguous_to_UNK,False
sub-ccepAgeUMCU61,el082,,,UNK,unseen_or_ambiguous_to_UNK,False
sub-ccepAgeUMCU61,el083,,,UNK,unseen_or_ambiguous_to_UNK,False
sub-ccepAgeUMCU61,el084,,,UNK,unseen_or_ambiguous_to_UNK,False
sub-ccepAgeUMCU61,el085,,,UNK,unseen_or_ambiguous_to_UNK,False
sub-ccepAgeUMCU61,el086,,,UNK,unseen_or_ambiguous_to_UNK,False
sub-ccepAgeUMCU61,el087,,,UNK,unseen_or_ambiguous_to_UNK,False
sub-ccepAgeUMCU61,el088,,,UNK,unseen_or_ambiguous_to_UNK,False
sub-ccepAgeUMCU61,AH+,,,UNK,unseen_or_ambiguous_to_UNK,False
sub-ccepAgeUMCU61,ECG+,,,UNK,unseen_or_ambiguous_to_UNK,False
sub-ccepAgeUMCU61,orb+,,,UNK,unseen_or_ambiguous_to_UNK,False
sub-ccepAgeUMCU61,emg1+,,,UNK,unseen_or_ambiguous_to_UNK,False
sub-ccepAgeUMCU61,emg2+,,,UNK,unseen_or_ambiguous_to_UNK,False
sub-ccepAgeUMCU61,el094,,,UNK,unseen_or_ambiguous_to_UNK,False
sub-ccepAgeUMCU61,el095,,,UNK,unseen_or_ambiguous_to_UNK,False
sub-ccepAgeUMCU61,el096,,,UNK,unseen_or_ambiguous_to_UNK,False
sub-ccepAgeUMCU61,el097,,,UNK,unseen_or_ambiguous_to_UNK,False
sub-ccepAgeUMCU61,el098,,,UNK,unseen_or_ambiguous_to_UNK,False
sub-ccepAgeUMCU61,el099,,,UNK,unseen_or_ambiguous_to_UNK,False
sub-ccepAgeUMCU61,el100,,,UNK,unseen_or_ambiguous_to_UNK,False
sub-ccepAgeUMCU61,el101,,,UNK,unseen_or_ambiguous_to_UNK,False
sub-ccepAgeUMCU61,el102,,,UNK,unseen_or_ambiguous_to_UNK,False
sub-ccepAgeUMCU61,el103,,,UNK,unseen_or_ambiguous_to_UNK,False
sub-ccepAgeUMCU61,el104,,,UNK,unseen_or_ambiguous_to_UNK,False
sub-ccepAgeUMCU61,el105,,,UNK,unseen_or_ambiguous_to_UNK,False
sub-ccepAgeUMCU61,el106,,,UNK,unseen_or_ambiguous_to_UNK,False
sub-ccepAgeUMCU61,el107,,,UNK,unseen_or_ambiguous_to_UNK,False
sub-ccepAgeUMCU61,el108,,,UNK,unseen_or_ambiguous_to_UNK,False
sub-ccepAgeUMCU61,el109,,,UNK,unseen_or_ambiguous_to_UNK,False
sub-ccepAgeUMCU61,el110,,,UNK,unseen_or_ambiguous_to_UNK,False
sub-ccepAgeUMCU61,el111,,,UNK,unseen_or_ambiguous_to_UNK,False
sub-ccepAgeUMCU61,el112,,,UNK,unseen_or_ambiguous_to_UNK,False
sub-ccepAgeUMCU61,el113,,,UNK,unseen_or_ambiguous_to_UNK,False
sub-ccepAgeUMCU61,el114,,,UNK,unseen_or_ambiguous_to_UNK,False
sub-ccepAgeUMCU61,el115,,,UNK,unseen_or_ambiguous_to_UNK,False
sub-ccepAgeUMCU61,el116,,,UNK,unseen_or_ambiguous_to_UNK,False
sub-ccepAgeUMCU61,el117,,,UNK,unseen_or_ambiguous_to_UNK,False
sub-ccepAgeUMCU61,el118,,,UNK,unseen_or_ambiguous_to_UNK,False
sub-ccepAgeUMCU61,el119,,,UNK,unseen_or_ambiguous_to_UNK,False
sub-ccepAgeUMCU61,el120,,,UNK,unseen_or_ambiguous_to_UNK,False
sub-ccepAgeUMCU61,el121,,,UNK,unseen_or_ambiguous_to_UNK,False
sub-ccepAgeUMCU61,el122,,,UNK,unseen_or_ambiguous_to_UNK,False
sub-ccepAgeUMCU61,el123,,,UNK,unseen_or_ambiguous_to_UNK,False
sub-ccepAgeUMCU61,el124,,,UNK,unseen_or_ambiguous_to_UNK,False
sub-ccepAgeUMCU61,el125,,,UNK,unseen_or_ambiguous_to_UNK,False
sub-ccepAgeUMCU61,el126,,,UNK,unseen_or_ambiguous_to_UNK,False
sub-ccepAgeUMCU61,el127,,,UNK,unseen_or_ambiguous_to_UNK,False
sub-ccepAgeUMCU61,el128,,,UNK,unseen_or_ambiguous_to_UNK,False
sub-ccepAgeUMCU61,thor+,,,UNK,unseen_or_ambiguous_to_UNK,False
sub-ccepAgeUMCU61,abdo+,,,UNK,unseen_or_ambiguous_to_UNK,False
sub-ccepAgeUMCU61,xyz+,,,UNK,unseen_or_ambiguous_to_UNK,False
sub-ccepAgeUMCU61,MKR2+,,,UNK,unseen_or_ambiguous_to_UNK,False
sub-ccepAgeUMCU62,C01,L,S_front_sup,lh_S_front_sup,unique_hemi_stem_match,True
sub-ccepAgeUMCU62,C02,L,S_front_sup,lh_S_front_sup,unique_hemi_stem_match,True
sub-ccepAgeUMCU62,C03,L,S_front_sup,lh_S_front_sup,unique_hemi_stem_match,True
sub-ccepAgeUMCU62,C04,L,S_front_sup,lh_S_front_sup,unique_hemi_stem_match,True
sub-ccepAgeUMCU62,C05,L,S_front_sup,lh_S_front_sup,unique_hemi_stem_match,True
sub-ccepAgeUMCU62,C06,L,S_precentral-sup-part,lh_S_precentral-sup-part,unique_hemi_stem_match,True
sub-ccepAgeUMCU62,C07,L,S_central,lh_S_central,unique_hemi_stem_match,True
sub-ccepAgeUMCU62,C08,L,G&S_paracentral,UNK,unseen_or_ambiguous_to_UNK,False
sub-ccepAgeUMCU62,C09,L,G_front_middle,lh_G_front_middle,unique_hemi_stem_match,True
sub-ccepAgeUMCU62,C10,L,S_front_inf,lh_S_front_inf,unique_hemi_stem_match,True
sub-ccepAgeUMCU62,C11,L,G_front_middle,lh_G_front_middle,unique_hemi_stem_match,True
sub-ccepAgeUMCU62,C12,L,S_precentral-sup-part,lh_S_precentral-sup-part,unique_hemi_stem_match,True
sub-ccepAgeUMCU62,C13,L,G_precentral,lh_G_precentral,unique_hemi_stem_match,True
sub-ccepAgeUMCU62,C14,L,S_central,lh_S_central,unique_hemi_stem_match,True
sub-ccepAgeUMCU62,C15,L,S_central,lh_S_central,unique_hemi_stem_match,True
sub-ccepAgeUMCU62,C16,L,S_postcentral,lh_S_postcentral,unique_hemi_stem_match,True
sub-ccepAgeUMCU62,C17,L,G_front_middle,lh_G_front_middle,unique_hemi_stem_match,True
sub-ccepAgeUMCU62,C18,L,S_front_inf,lh_S_front_inf,unique_hemi_stem_match,True
sub-ccepAgeUMCU62,C19,L,S_precentral-inf-part,lh_S_precentral-inf-part,unique_hemi_stem_match,True
sub-ccepAgeUMCU62,C20,L,G_precentral,lh_G_precentral,unique_hemi_stem_match,True
sub-ccepAgeUMCU62,C21,L,S_central,lh_S_central,unique_hemi_stem_match,True
sub-ccepAgeUMCU62,C22,L,S_postcentral,lh_S_postcentral,unique_hemi_stem_match,True
sub-ccepAgeUMCU62,C23,L,S_postcentral,lh_S_postcentral,unique_hemi_stem_match,True
sub-ccepAgeUMCU62,C24,L,S_postcentral,lh_S_postcentral,unique_hemi_stem_match,True
sub-ccepAgeUMCU62,C25,L,G_front_inf-Triangul,lh_G_front_inf-Triangul,unique_hemi_stem_match,True
sub-ccepAgeUMCU62,C26,L,S_precentral-inf-part,lh_S_precentral-inf-part,unique_hemi_stem_match,True
sub-ccepAgeUMCU62,C27,L,S_precentral-inf-part,lh_S_precentral-inf-part,unique_hemi_stem_match,True
sub-ccepAgeUMCU62,C28,L,S_central,lh_S_central,unique_hemi_stem_match,True
sub-ccepAgeUMCU62,C29,L,G&S_subcentral,UNK,unseen_or_ambiguous_to_UNK,False
sub-ccepAgeUMCU62,C30,L,S_postcentral,lh_S_postcentral,unique_hemi_stem_match,True
sub-ccepAgeUMCU62,C31,L,S_intrapariet&P_trans,UNK,unseen_or_ambiguous_to_UNK,False
sub-ccepAgeUMCU62,C32,L,S_intrapariet&P_trans,UNK,unseen_or_ambiguous_to_UNK,False
sub-ccepAgeUMCU62,C33,L,G_front_inf-Opercular,UNK,unseen_or_ambiguous_to_UNK,False
sub-ccepAgeUMCU62,C34,L,S_precentral-inf-part,lh_S_precentral-inf-part,unique_hemi_stem_match,True
sub-ccepAgeUMCU62,C35,L,G&S_subcentral,UNK,unseen_or_ambiguous_to_UNK,False
sub-ccepAgeUMCU62,C36,L,G&S_subcentral,UNK,unseen_or_ambiguous_to_UNK,False
sub-ccepAgeUMCU62,C37,L,G_pariet_inf-Supramar,lh_G_pariet_inf-Supramar,unique_hemi_stem_match,True
sub-ccepAgeUMCU62,C38,L,G_pariet_inf-Supramar,lh_G_pariet_inf-Supramar,unique_hemi_stem_match,True
sub-ccepAgeUMCU62,C39,L,G_pariet_inf-Supramar,lh_G_pariet_inf-Supramar,unique_hemi_stem_match,True
sub-ccepAgeUMCU62,C40,L,S_interm_prim-Jensen,lh_S_interm_prim-Jensen,unique_hemi_stem_match,True
sub-ccepAgeUMCU62,C41,L,G_front_inf-Opercular,UNK,unseen_or_ambiguous_to_UNK,False
sub-ccepAgeUMCU62,C42,L,G_front_inf-Opercular,UNK,unseen_or_ambiguous_to_UNK,False
sub-ccepAgeUMCU62,C43,L,G_temp_sup-Lateral,lh_G_temp_sup-Lateral,unique_hemi_stem_match,True
sub-ccepAgeUMCU62,C44,L,G_temp_sup-Lateral,lh_G_temp_sup-Lateral,unique_hemi_stem_match,True
sub-ccepAgeUMCU62,C45,L,G_pariet_inf-Supramar,lh_G_pariet_inf-Supramar,unique_hemi_stem_match,True
sub-ccepAgeUMCU62,C46,L,G_pariet_inf-Supramar,lh_G_pariet_inf-Supramar,unique_hemi_stem_match,True
sub-ccepAgeUMCU62,C47,L,G_temp_sup-Plan_tempo,lh_G_temp_sup-Plan_tempo,unique_hemi_stem_match,True
sub-ccepAgeUMCU62,C48,L,G_temp_sup-Plan_tempo,lh_G_temp_sup-Plan_tempo,unique_hemi_stem_match,True
sub-ccepAgeUMCU62,F01,L,G_temp_sup-Lateral,lh_G_temp_sup-Lateral,unique_hemi_stem_match,True
sub-ccepAgeUMCU62,F02,L,G_temp_sup-Lateral,lh_G_temp_sup-Lateral,unique_hemi_stem_match,True
sub-ccepAgeUMCU62,F03,L,G_temporal_middle,lh_G_temporal_middle,unique_hemi_stem_match,True
sub-ccepAgeUMCU62,F04,L,G_temp_sup-Lateral,lh_G_temp_sup-Lateral,unique_hemi_stem_match,True
sub-ccepAgeUMCU62,F05,L,G_temp_sup-Lateral,lh_G_temp_sup-Lateral,unique_hemi_stem_match,True
sub-ccepAgeUMCU62,F06,L,S_temporal_transverse,UNK,unseen_or_ambiguous_to_UNK,False
sub-ccepAgeUMCU62,F07,L,G_temp_sup-Lateral,lh_G_temp_sup-Lateral,unique_hemi_stem_match,True
sub-ccepAgeUMCU62,F08,L,G_temp_sup-Plan_tempo,lh_G_temp_sup-Plan_tempo,unique_hemi_stem_match,True
sub-ccepAgeUMCU62,F09,L,S_temporal_sup,lh_S_temporal_sup,unique_hemi_stem_match,True
sub-ccepAgeUMCU62,F10,L,G_temporal_middle,lh_G_temporal_middle,unique_hemi_stem_match,True
sub-ccepAgeUMCU62,F11,L,G_temporal_middle,lh_G_temporal_middle,unique_hemi_stem_match,True
sub-ccepAgeUMCU62,F12,L,G_temporal_middle,lh_G_temporal_middle,unique_hemi_stem_match,True
sub-ccepAgeUMCU62,F13,L,G_temporal_middle,lh_G_temporal_middle,unique_hemi_stem_match,True
sub-ccepAgeUMCU62,F14,L,G_temp_sup-Lateral,lh_G_temp_sup-Lateral,unique_hemi_stem_match,True
sub-ccepAgeUMCU62,F15,L,G_temp_sup-Lateral,lh_G_temp_sup-Lateral,unique_hemi_stem_match,True
sub-ccepAgeUMCU62,F16,L,G_temp_sup-Lateral,lh_G_temp_sup-Lateral,unique_hemi_stem_match,True
sub-ccepAgeUMCU62,MKR1+,,,UNK,unseen_or_ambiguous_to_UNK,False
sub-ccepAgeUMCU62,IH49,L,G_precuneus,UNK,unseen_or_ambiguous_to_UNK,False
sub-ccepAgeUMCU62,IH50,L,G_cingul-Post-dorsal,lh_G_cingul-Post-dorsal,unique_hemi_stem_match,True
sub-ccepAgeUMCU62,IH51,L,G_cingul-Post-dorsal,lh_G_cingul-Post-dorsal,unique_hemi_stem_match,True
sub-ccepAgeUMCU62,IH52,L,G_cingul-Post-dorsal,lh_G_cingul-Post-dorsal,unique_hemi_stem_match,True
sub-ccepAgeUMCU62,IH53,L,G&S_cingul-Mid-Post,lh_G&S_cingul-Mid-Post,unique_hemi_stem_match,True
sub-ccepAgeUMCU62,IH54,L,G&S_cingul-Mid-Post,lh_G&S_cingul-Mid-Post,unique_hemi_stem_match,True
sub-ccepAgeUMCU62,IH55,L,G_front_sup,lh_G_front_sup,unique_hemi_stem_match,True
sub-ccepAgeUMCU62,IH56,L,G&S_cingul-Mid-Ant,UNK,unseen_or_ambiguous_to_UNK,False
sub-ccepAgeUMCU62,IH57,L,G_cingul-Post-ventral,lh_G_cingul-Post-ventral,unique_hemi_stem_match,True
sub-ccepAgeUMCU62,IH58,L,G_cingul-Post-ventral,lh_G_cingul-Post-ventral,unique_hemi_stem_match,True
sub-ccepAgeUMCU62,IH59,L,,UNK,unseen_or_ambiguous_to_UNK,False
sub-ccepAgeUMCU62,IH60,L,,UNK,unseen_or_ambiguous_to_UNK,False
sub-ccepAgeUMCU62,IH61,L,G&S_cingul-Mid-Post,lh_G&S_cingul-Mid-Post,unique_hemi_stem_match,True
sub-ccepAgeUMCU62,IH62,L,G&S_cingul-Mid-Post,lh_G&S_cingul-Mid-Post,unique_hemi_stem_match,True
sub-ccepAgeUMCU62,IH63,L,G&S_cingul-Mid-Post,lh_G&S_cingul-Mid-Post,unique_hemi_stem_match,True
sub-ccepAgeUMCU62,IH64,L,G&S_cingul-Mid-Ant,UNK,unseen_or_ambiguous_to_UNK,False
sub-ccepAgeUMCU62,el081,,,UNK,unseen_or_ambiguous_to_UNK,False
sub-ccepAgeUMCU62,el082,,,UNK,unseen_or_ambiguous_to_UNK,False
sub-ccepAgeUMCU62,el083,,,UNK,unseen_or_ambiguous_to_UNK,False
sub-ccepAgeUMCU62,el084,,,UNK,unseen_or_ambiguous_to_UNK,False
sub-ccepAgeUMCU62,el085,,,UNK,unseen_or_ambiguous_to_UNK,False
sub-ccepAgeUMCU62,el086,,,UNK,unseen_or_ambiguous_to_UNK,False
sub-ccepAgeUMCU62,el087,,,UNK,unseen_or_ambiguous_to_UNK,False
sub-ccepAgeUMCU62,el088,,,UNK,unseen_or_ambiguous_to_UNK,False
sub-ccepAgeUMCU62,AH+,,,UNK,unseen_or_ambiguous_to_UNK,False
sub-ccepAgeUMCU62,ECG+,,,UNK,unseen_or_ambiguous_to_UNK,False
sub-ccepAgeUMCU62,ORB+,,,UNK,unseen_or_ambiguous_to_UNK,False
sub-ccepAgeUMCU62,emg1+,,,UNK,unseen_or_ambiguous_to_UNK,False
sub-ccepAgeUMCU62,emg2+,,,UNK,unseen_or_ambiguous_to_UNK,False
sub-ccepAgeUMCU62,el094,,,UNK,unseen_or_ambiguous_to_UNK,False
sub-ccepAgeUMCU62,el095,,,UNK,unseen_or_ambiguous_to_UNK,False
sub-ccepAgeUMCU62,el096,,,UNK,unseen_or_ambiguous_to_UNK,False
sub-ccepAgeUMCU62,el097,,,UNK,unseen_or_ambiguous_to_UNK,False
sub-ccepAgeUMCU62,el098,,,UNK,unseen_or_ambiguous_to_UNK,False
sub-ccepAgeUMCU62,el099,,,UNK,unseen_or_ambiguous_to_UNK,False
sub-ccepAgeUMCU62,el100,,,UNK,unseen_or_ambiguous_to_UNK,False
sub-ccepAgeUMCU62,el101,,,UNK,unseen_or_ambiguous_to_UNK,False
sub-ccepAgeUMCU62,el102,,,UNK,unseen_or_ambiguous_to_UNK,False
sub-ccepAgeUMCU62,el103,,,UNK,unseen_or_ambiguous_to_UNK,False
sub-ccepAgeUMCU62,el104,,,UNK,unseen_or_ambiguous_to_UNK,False
sub-ccepAgeUMCU62,el105,,,UNK,unseen_or_ambiguous_to_UNK,False
sub-ccepAgeUMCU62,el106,,,UNK,unseen_or_ambiguous_to_UNK,False
sub-ccepAgeUMCU62,el107,,,UNK,unseen_or_ambiguous_to_UNK,False
sub-ccepAgeUMCU62,el108,,,UNK,unseen_or_ambiguous_to_UNK,False
sub-ccepAgeUMCU62,el109,,,UNK,unseen_or_ambiguous_to_UNK,False
sub-ccepAgeUMCU62,el110,,,UNK,unseen_or_ambiguous_to_UNK,False
sub-ccepAgeUMCU62,el111,,,UNK,unseen_or_ambiguous_to_UNK,False
sub-ccepAgeUMCU62,el112,,,UNK,unseen_or_ambiguous_to_UNK,False
sub-ccepAgeUMCU62,el113,,,UNK,unseen_or_ambiguous_to_UNK,False
sub-ccepAgeUMCU62,el114,,,UNK,unseen_or_ambiguous_to_UNK,False
sub-ccepAgeUMCU62,el115,,,UNK,unseen_or_ambiguous_to_UNK,False
sub-ccepAgeUMCU62,el116,,,UNK,unseen_or_ambiguous_to_UNK,False
sub-ccepAgeUMCU62,el117,,,UNK,unseen_or_ambiguous_to_UNK,False
sub-ccepAgeUMCU62,el118,,,UNK,unseen_or_ambiguous_to_UNK,False
sub-ccepAgeUMCU62,el119,,,UNK,unseen_or_ambiguous_to_UNK,False
sub-ccepAgeUMCU62,el120,,,UNK,unseen_or_ambiguous_to_UNK,False
sub-ccepAgeUMCU62,el121,,,UNK,unseen_or_ambiguous_to_UNK,False
sub-ccepAgeUMCU62,el122,,,UNK,unseen_or_ambiguous_to_UNK,False
sub-ccepAgeUMCU62,el123,,,UNK,unseen_or_ambiguous_to_UNK,False
sub-ccepAgeUMCU62,el124,,,UNK,unseen_or_ambiguous_to_UNK,False
sub-ccepAgeUMCU62,el125,,,UNK,unseen_or_ambiguous_to_UNK,False
sub-ccepAgeUMCU62,el126,,,UNK,unseen_or_ambiguous_to_UNK,False
sub-ccepAgeUMCU62,el127,,,UNK,unseen_or_ambiguous_to_UNK,False
sub-ccepAgeUMCU62,el128,,,UNK,unseen_or_ambiguous_to_UNK,False
sub-ccepAgeUMCU62,thor+,,,UNK,unseen_or_ambiguous_to_UNK,False
sub-ccepAgeUMCU62,abdo+,,,UNK,unseen_or_ambiguous_to_UNK,False
sub-ccepAgeUMCU62,xyz+,,,UNK,unseen_or_ambiguous_to_UNK,False
sub-ccepAgeUMCU62,MKR2+,,,UNK,unseen_or_ambiguous_to_UNK,False
sub-ccepAgeUMCU63,T01,L,G_temporal_inf,lh_G_temporal_inf,unique_hemi_stem_match,True
sub-ccepAgeUMCU63,T02,L,G_temporal_inf,lh_G_temporal_inf,unique_hemi_stem_match,True
sub-ccepAgeUMCU63,T03,L,G_temporal_inf,lh_G_temporal_inf,unique_hemi_stem_match,True
sub-ccepAgeUMCU63,T04,L,G_temporal_inf,lh_G_temporal_inf,unique_hemi_stem_match,True
sub-ccepAgeUMCU63,T05,L,S_temporal_inf,lh_S_temporal_inf,unique_hemi_stem_match,True
sub-ccepAgeUMCU63,T06,L,Pole_temporal,UNK,unseen_or_ambiguous_to_UNK,False
sub-ccepAgeUMCU63,T07,L,Pole_temporal,UNK,unseen_or_ambiguous_to_UNK,False
sub-ccepAgeUMCU63,T08,L,Pole_temporal,UNK,unseen_or_ambiguous_to_UNK,False
sub-ccepAgeUMCU63,T09,L,G_temporal_inf,lh_G_temporal_inf,unique_hemi_stem_match,True
sub-ccepAgeUMCU63,T10,L,G_temporal_middle,lh_G_temporal_middle,unique_hemi_stem_match,True
sub-ccepAgeUMCU63,T11,L,G_temporal_middle,lh_G_temporal_middle,unique_hemi_stem_match,True
sub-ccepAgeUMCU63,T12,L,S_temporal_sup,lh_S_temporal_sup,unique_hemi_stem_match,True
sub-ccepAgeUMCU63,T13,L,G_temporal_middle,lh_G_temporal_middle,unique_hemi_stem_match,True
sub-ccepAgeUMCU63,T14,L,G_temp_sup-Lateral,lh_G_temp_sup-Lateral,unique_hemi_stem_match,True
sub-ccepAgeUMCU63,T15,L,G_temp_sup-Lateral,lh_G_temp_sup-Lateral,unique_hemi_stem_match,True
sub-ccepAgeUMCU63,T16,L,G_temp_sup-Plan_polar,UNK,unseen_or_ambiguous_to_UNK,False
sub-ccepAgeUMCU63,T17,L,G_temporal_middle,lh_G_temporal_middle,unique_hemi_stem_match,True
sub-ccepAgeUMCU63,T18,L,G_temporal_middle,lh_G_temporal_middle,unique_hemi_stem_match,True
sub-ccepAgeUMCU63,T19,L,S_temporal_sup,lh_S_temporal_sup,unique_hemi_stem_match,True
sub-ccepAgeUMCU63,T20,L,S_temporal_sup,lh_S_temporal_sup,unique_hemi_stem_match,True
sub-ccepAgeUMCU63,T21,L,S_temporal_sup,lh_S_temporal_sup,unique_hemi_stem_match,True
sub-ccepAgeUMCU63,T22,L,S_temporal_sup,lh_S_temporal_sup,unique_hemi_stem_match,True
sub-ccepAgeUMCU63,T23,L,G_temp_sup-Plan_polar,UNK,unseen_or_ambiguous_to_UNK,False
sub-ccepAgeUMCU63,T24,L,G_temp_sup-Lateral,lh_G_temp_sup-Lateral,unique_hemi_stem_match,True
sub-ccepAgeUMCU63,T25,L,G_pariet_inf-Angular,UNK,unseen_or_ambiguous_to_UNK,False
sub-ccepAgeUMCU63,T26,L,S_temporal_sup,lh_S_temporal_sup,unique_hemi_stem_match,True
sub-ccepAgeUMCU63,T27,L,S_temporal_sup,lh_S_temporal_sup,unique_hemi_stem_match,True
sub-ccepAgeUMCU63,T28,L,S_temporal_sup,lh_S_temporal_sup,unique_hemi_stem_match,True
sub-ccepAgeUMCU63,T29,L,G_temp_sup-G_T_transv,UNK,unseen_or_ambiguous_to_UNK,False
sub-ccepAgeUMCU63,T30,L,G_temp_sup-G_T_transv,UNK,unseen_or_ambiguous_to_UNK,False
sub-ccepAgeUMCU63,T31,L,G_front_inf-Opercular,UNK,unseen_or_ambiguous_to_UNK,False
sub-ccepAgeUMCU63,T32,L,G_front_inf-Opercular,UNK,unseen_or_ambiguous_to_UNK,False
sub-ccepAgeUMCU63,C33,L,G_front_middle,lh_G_front_middle,unique_hemi_stem_match,True
sub-ccepAgeUMCU63,C34,L,G_front_middle,lh_G_front_middle,unique_hemi_stem_match,True
sub-ccepAgeUMCU63,C35,L,G_front_middle,lh_G_front_middle,unique_hemi_stem_match,True
sub-ccepAgeUMCU63,C36,L,G_front_middle,lh_G_front_middle,unique_hemi_stem_match,True
sub-ccepAgeUMCU63,C37,L,G_front_middle,lh_G_front_middle,unique_hemi_stem_match,True
sub-ccepAgeUMCU63,C38,L,G_precentral,lh_G_precentral,unique_hemi_stem_match,True
sub-ccepAgeUMCU63,C39,L,G_postcentral,lh_G_postcentral,unique_hemi_stem_match,True
sub-ccepAgeUMCU63,C40,L,G_postcentral,lh_G_postcentral,unique_hemi_stem_match,True
sub-ccepAgeUMCU63,C41,L,G_front_middle,lh_G_front_middle,unique_hemi_stem_match,True
sub-ccepAgeUMCU63,C42,L,G_front_middle,lh_G_front_middle,unique_hemi_stem_match,True
sub-ccepAgeUMCU63,C43,L,G_front_inf-Opercular,UNK,unseen_or_ambiguous_to_UNK,False
sub-ccepAgeUMCU63,C44,L,G_front_inf-Opercular,UNK,unseen_or_ambiguous_to_UNK,False
sub-ccepAgeUMCU63,C45,L,G_precentral,lh_G_precentral,unique_hemi_stem_match,True
sub-ccepAgeUMCU63,C46,L,G_precentral,lh_G_precentral,unique_hemi_stem_match,True
sub-ccepAgeUMCU63,C47,L,G_postcentral,lh_G_postcentral,unique_hemi_stem_match,True
sub-ccepAgeUMCU63,C48,L,G_pariet_inf-Supramar,lh_G_pariet_inf-Supramar,unique_hemi_stem_match,True
sub-ccepAgeUMCU63,C49,L,S_front_inf,lh_S_front_inf,unique_hemi_stem_match,True
sub-ccepAgeUMCU63,C50,L,G_front_inf-Triangul,lh_G_front_inf-Triangul,unique_hemi_stem_match,True
sub-ccepAgeUMCU63,C51,L,G_front_inf-Triangul,lh_G_front_inf-Triangul,unique_hemi_stem_match,True
sub-ccepAgeUMCU63,C52,L,G_front_inf-Opercular,UNK,unseen_or_ambiguous_to_UNK,False
sub-ccepAgeUMCU63,C53,L,G&S_subcentral,UNK,unseen_or_ambiguous_to_UNK,False
sub-ccepAgeUMCU63,C54,L,G&S_subcentral,UNK,unseen_or_ambiguous_to_UNK,False
sub-ccepAgeUMCU63,C55,L,G&S_subcentral,UNK,unseen_or_ambiguous_to_UNK,False
sub-ccepAgeUMCU63,C56,L,G_pariet_inf-Supramar,lh_G_pariet_inf-Supramar,unique_hemi_stem_match,True
sub-ccepAgeUMCU63,C57,L,G_front_inf-Triangul,lh_G_front_inf-Triangul,unique_hemi_stem_match,True
sub-ccepAgeUMCU63,C58,L,G_front_inf-Triangul,lh_G_front_inf-Triangul,unique_hemi_stem_match,True
sub-ccepAgeUMCU63,C59,L,G_front_inf-Triangul,lh_G_front_inf-Triangul,unique_hemi_stem_match,True
sub-ccepAgeUMCU63,C60,L,G_front_inf-Opercular,UNK,unseen_or_ambiguous_to_UNK,False
sub-ccepAgeUMCU63,C61,L,G_front_inf-Opercular,UNK,unseen_or_ambiguous_to_UNK,False
sub-ccepAgeUMCU63,C62,L,G&S_subcentral,UNK,unseen_or_ambiguous_to_UNK,False
sub-ccepAgeUMCU63,C63,L,G&S_subcentral,UNK,unseen_or_ambiguous_to_UNK,False
sub-ccepAgeUMCU63,C64,L,G_temp_sup-Lateral,lh_G_temp_sup-Lateral,unique_hemi_stem_match,True
sub-ccepAgeUMCU63,MKR1+,,,UNK,unseen_or_ambiguous_to_UNK,False
sub-ccepAgeUMCU63,sT1,L,Pole_temporal,UNK,unseen_or_ambiguous_to_UNK,False
sub-ccepAgeUMCU63,sT2,L,Pole_temporal,UNK,unseen_or_ambiguous_to_UNK,False
sub-ccepAgeUMCU63,sT3,L,Pole_temporal,UNK,unseen_or_ambiguous_to_UNK,False
sub-ccepAgeUMCU63,sT4,L,Pole_temporal,UNK,unseen_or_ambiguous_to_UNK,False
sub-ccepAgeUMCU63,sT5,L,Pole_temporal,UNK,unseen_or_ambiguous_to_UNK,False
sub-ccepAgeUMCU63,sT6,L,G_temp_sup-Lateral,lh_G_temp_sup-Lateral,unique_hemi_stem_match,True
sub-ccepAgeUMCU63,sT7,L,G_temp_sup-Lateral,lh_G_temp_sup-Lateral,unique_hemi_stem_match,True
sub-ccepAgeUMCU63,sT8,L,S_temporal_sup,lh_S_temporal_sup,unique_hemi_stem_match,True
sub-ccepAgeUMCU63,vT1,L,G_oc-temp_med-Parahip,lh_G_oc-temp_med-Parahip,unique_hemi_stem_match,True
sub-ccepAgeUMCU63,vT2,L,Pole_temporal,UNK,unseen_or_ambiguous_to_UNK,False
sub-ccepAgeUMCU63,vT3,L,Pole_temporal,UNK,unseen_or_ambiguous_to_UNK,False
sub-ccepAgeUMCU63,vT4,L,Pole_temporal,UNK,unseen_or_ambiguous_to_UNK,False
sub-ccepAgeUMCU63,vT5,L,Pole_temporal,UNK,unseen_or_ambiguous_to_UNK,False
sub-ccepAgeUMCU63,vT6,L,Pole_temporal,UNK,unseen_or_ambiguous_to_UNK,False
sub-ccepAgeUMCU63,vT7,L,G_temp_sup-Lateral,lh_G_temp_sup-Lateral,unique_hemi_stem_match,True
sub-ccepAgeUMCU63,vT8,L,G_temp_sup-Lateral,lh_G_temp_sup-Lateral,unique_hemi_stem_match,True
sub-ccepAgeUMCU63,xxx1,,,UNK,unseen_or_ambiguous_to_UNK,False
sub-ccepAgeUMCU63,xxx2,,,UNK,unseen_or_ambiguous_to_UNK,False
sub-ccepAgeUMCU63,xxx3,,,UNK,unseen_or_ambiguous_to_UNK,False
sub-ccepAgeUMCU63,xxx4,,,UNK,unseen_or_ambiguous_to_UNK,False
sub-ccepAgeUMCU63,xxx5,,,UNK,unseen_or_ambiguous_to_UNK,False
sub-ccepAgeUMCU63,xxx6,,,UNK,unseen_or_ambiguous_to_UNK,False
sub-ccepAgeUMCU63,xxx7,,,UNK,unseen_or_ambiguous_to_UNK,False
sub-ccepAgeUMCU63,xxx8,,,UNK,unseen_or_ambiguous_to_UNK,False
sub-ccepAgeUMCU63,AH+,,,UNK,unseen_or_ambiguous_to_UNK,False
sub-ccepAgeUMCU63,ECG+,,,UNK,unseen_or_ambiguous_to_UNK,False
sub-ccepAgeUMCU63,orb+,,,UNK,unseen_or_ambiguous_to_UNK,False
sub-ccepAgeUMCU63,emg1+,,,UNK,unseen_or_ambiguous_to_UNK,False
sub-ccepAgeUMCU63,EMG2,,,UNK,unseen_or_ambiguous_to_UNK,False
sub-ccepAgeUMCU63,el094,,,UNK,unseen_or_ambiguous_to_UNK,False
sub-ccepAgeUMCU63,el095,,,UNK,unseen_or_ambiguous_to_UNK,False
sub-ccepAgeUMCU63,el096,,,UNK,unseen_or_ambiguous_to_UNK,False
sub-ccepAgeUMCU63,el097,,,UNK,unseen_or_ambiguous_to_UNK,False
sub-ccepAgeUMCU63,el098,,,UNK,unseen_or_ambiguous_to_UNK,False
sub-ccepAgeUMCU63,el099,,,UNK,unseen_or_ambiguous_to_UNK,False
sub-ccepAgeUMCU63,el100,,,UNK,unseen_or_ambiguous_to_UNK,False
sub-ccepAgeUMCU63,el101,,,UNK,unseen_or_ambiguous_to_UNK,False
sub-ccepAgeUMCU63,el102,,,UNK,unseen_or_ambiguous_to_UNK,False
sub-ccepAgeUMCU63,el103,,,UNK,unseen_or_ambiguous_to_UNK,False
sub-ccepAgeUMCU63,el104,,,UNK,unseen_or_ambiguous_to_UNK,False
sub-ccepAgeUMCU63,el105,,,UNK,unseen_or_ambiguous_to_UNK,False
sub-ccepAgeUMCU63,el106,,,UNK,unseen_or_ambiguous_to_UNK,False
sub-ccepAgeUMCU63,el107,,,UNK,unseen_or_ambiguous_to_UNK,False
sub-ccepAgeUMCU63,el108,,,UNK,unseen_or_ambiguous_to_UNK,False
sub-ccepAgeUMCU63,el109,,,UNK,unseen_or_ambiguous_to_UNK,False
sub-ccepAgeUMCU63,el110,,,UNK,unseen_or_ambiguous_to_UNK,False
sub-ccepAgeUMCU63,el111,,,UNK,unseen_or_ambiguous_to_UNK,False
sub-ccepAgeUMCU63,el112,,,UNK,unseen_or_ambiguous_to_UNK,False
sub-ccepAgeUMCU63,el113,,,UNK,unseen_or_ambiguous_to_UNK,False
sub-ccepAgeUMCU63,el114,,,UNK,unseen_or_ambiguous_to_UNK,False
sub-ccepAgeUMCU63,el115,,,UNK,unseen_or_ambiguous_to_UNK,False
sub-ccepAgeUMCU63,el116,,,UNK,unseen_or_ambiguous_to_UNK,False
sub-ccepAgeUMCU63,el117,,,UNK,unseen_or_ambiguous_to_UNK,False
sub-ccepAgeUMCU63,el118,,,UNK,unseen_or_ambiguous_to_UNK,False
sub-ccepAgeUMCU63,el119,,,UNK,unseen_or_ambiguous_to_UNK,False
sub-ccepAgeUMCU63,el120,,,UNK,unseen_or_ambiguous_to_UNK,False
sub-ccepAgeUMCU63,el121,,,UNK,unseen_or_ambiguous_to_UNK,False
sub-ccepAgeUMCU63,el122,,,UNK,unseen_or_ambiguous_to_UNK,False
sub-ccepAgeUMCU63,el123,,,UNK,unseen_or_ambiguous_to_UNK,False
sub-ccepAgeUMCU63,el124,,,UNK,unseen_or_ambiguous_to_UNK,False
sub-ccepAgeUMCU63,el125,,,UNK,unseen_or_ambiguous_to_UNK,False
sub-ccepAgeUMCU63,el126,,,UNK,unseen_or_ambiguous_to_UNK,False
sub-ccepAgeUMCU63,el127,,,UNK,unseen_or_ambiguous_to_UNK,False
sub-ccepAgeUMCU63,el128,,,UNK,unseen_or_ambiguous_to_UNK,False
sub-ccepAgeUMCU63,thor+,,,UNK,unseen_or_ambiguous_to_UNK,False
sub-ccepAgeUMCU63,abdo+,,,UNK,unseen_or_ambiguous_to_UNK,False
sub-ccepAgeUMCU63,xyz+,,,UNK,unseen_or_ambiguous_to_UNK,False
sub-ccepAgeUMCU63,MKR2+,,,UNK,unseen_or_ambiguous_to_UNK,False
sub-ccepAgeUMCU64,P01,L,G_pariet_inf-Angular,UNK,unseen_or_ambiguous_to_UNK,False
sub-ccepAgeUMCU64,P02,L,G_pariet_inf-Angular,UNK,unseen_or_ambiguous_to_UNK,False
sub-ccepAgeUMCU64,P03,L,G_pariet_inf-Angular,UNK,unseen_or_ambiguous_to_UNK,False
sub-ccepAgeUMCU64,P04,L,G_pariet_inf-Supramar,lh_G_pariet_inf-Supramar,unique_hemi_stem_match,True
sub-ccepAgeUMCU64,P05,L,G_pariet_inf-Supramar,lh_G_pariet_inf-Supramar,unique_hemi_stem_match,True
sub-ccepAgeUMCU64,P06,L,G_pariet_inf-Supramar,lh_G_pariet_inf-Supramar,unique_hemi_stem_match,True
sub-ccepAgeUMCU64,P07,L,G_postcentral,lh_G_postcentral,unique_hemi_stem_match,True
sub-ccepAgeUMCU64,P08,L,G_precentral,lh_G_precentral,unique_hemi_stem_match,True
sub-ccepAgeUMCU64,P09,L,G_pariet_inf-Angular,UNK,unseen_or_ambiguous_to_UNK,False
sub-ccepAgeUMCU64,P10,L,G_pariet_inf-Angular,UNK,unseen_or_ambiguous_to_UNK,False
sub-ccepAgeUMCU64,P11,L,G_pariet_inf-Angular,UNK,unseen_or_ambiguous_to_UNK,False
sub-ccepAgeUMCU64,P12,L,G_pariet_inf-Angular,UNK,unseen_or_ambiguous_to_UNK,False
sub-ccepAgeUMCU64,P13,L,S_postcentral,lh_S_postcentral,unique_hemi_stem_match,True
sub-ccepAgeUMCU64,P14,L,G_postcentral,lh_G_postcentral,unique_hemi_stem_match,True
sub-ccepAgeUMCU64,P15,L,G_postcentral,lh_G_postcentral,unique_hemi_stem_match,True
sub-ccepAgeUMCU64,P16,L,G_precentral,lh_G_precentral,unique_hemi_stem_match,True
sub-ccepAgeUMCU64,P17,L,G_pariet_inf-Angular,UNK,unseen_or_ambiguous_to_UNK,False
sub-ccepAgeUMCU64,P18,L,G_pariet_inf-Angular,UNK,unseen_or_ambiguous_to_UNK,False
sub-ccepAgeUMCU64,P19,L,S_intrapariet&P_trans,UNK,unseen_or_ambiguous_to_UNK,False
sub-ccepAgeUMCU64,P20,L,S_intrapariet&P_trans,UNK,unseen_or_ambiguous_to_UNK,False
sub-ccepAgeUMCU64,P21,L,S_postcentral,lh_S_postcentral,unique_hemi_stem_match,True
sub-ccepAgeUMCU64,P22,L,G_postcentral,lh_G_postcentral,unique_hemi_stem_match,True
sub-ccepAgeUMCU64,P23,L,G_precentral,lh_G_precentral,unique_hemi_stem_match,True
sub-ccepAgeUMCU64,P24,L,G_precentral,lh_G_precentral,unique_hemi_stem_match,True
sub-ccepAgeUMCU64,P25,L,S_intrapariet&P_trans,UNK,unseen_or_ambiguous_to_UNK,False
sub-ccepAgeUMCU64,P26,L,G_parietal_sup,UNK,unseen_or_ambiguous_to_UNK,False
sub-ccepAgeUMCU64,P27,L,G_parietal_sup,UNK,unseen_or_ambiguous_to_UNK,False
sub-ccepAgeUMCU64,P28,L,G_parietal_sup,UNK,unseen_or_ambiguous_to_UNK,False
sub-ccepAgeUMCU64,P29,L,G_postcentral,lh_G_postcentral,unique_hemi_stem_match,True
sub-ccepAgeUMCU64,P30,L,G_postcentral,lh_G_postcentral,unique_hemi_stem_match,True
sub-ccepAgeUMCU64,P31,L,G_precentral,lh_G_precentral,unique_hemi_stem_match,True
sub-ccepAgeUMCU64,P32,L,G_front_middle,lh_G_front_middle,unique_hemi_stem_match,True
sub-ccepAgeUMCU64,P33,L,G_parietal_sup,UNK,unseen_or_ambiguous_to_UNK,False
sub-ccepAgeUMCU64,P34,L,G_parietal_sup,UNK,unseen_or_ambiguous_to_UNK,False
sub-ccepAgeUMCU64,P35,L,S_postcentral,lh_S_postcentral,unique_hemi_stem_match,True
sub-ccepAgeUMCU64,P36,L,G_postcentral,lh_G_postcentral,unique_hemi_stem_match,True
sub-ccepAgeUMCU64,P37,L,G_precentral,lh_G_precentral,unique_hemi_stem_match,True
sub-ccepAgeUMCU64,P38,L,G_precentral,lh_G_precentral,unique_hemi_stem_match,True
sub-ccepAgeUMCU64,P39,L,G_front_sup,lh_G_front_sup,unique_hemi_stem_match,True
sub-ccepAgeUMCU64,P40,L,G_front_middle,lh_G_front_middle,unique_hemi_stem_match,True
sub-ccepAgeUMCU64,P41,L,G_parietal_sup,UNK,unseen_or_ambiguous_to_UNK,False
sub-ccepAgeUMCU64,P42,L,G_parietal_sup,UNK,unseen_or_ambiguous_to_UNK,False
sub-ccepAgeUMCU64,P43,L,G_postcentral,lh_G_postcentral,unique_hemi_stem_match,True
sub-ccepAgeUMCU64,P44,L,G_postcentral,lh_G_postcentral,unique_hemi_stem_match,True
sub-ccepAgeUMCU64,P45,L,G_precentral,lh_G_precentral,unique_hemi_stem_match,True
sub-ccepAgeUMCU64,P46,L,G_front_sup,lh_G_front_sup,unique_hemi_stem_match,True
sub-ccepAgeUMCU64,P47,L,G_front_sup,lh_G_front_sup,unique_hemi_stem_match,True
sub-ccepAgeUMCU64,P48,L,G_front_sup,lh_G_front_sup,unique_hemi_stem_match,True
sub-ccepAgeUMCU64,IHa1,L,G_cingul-Post-dorsal,lh_G_cingul-Post-dorsal,unique_hemi_stem_match,True
sub-ccepAgeUMCU64,IHa2,L,G&S_paracentral,UNK,unseen_or_ambiguous_to_UNK,False
sub-ccepAgeUMCU64,IHa3,L,G&S_paracentral,UNK,unseen_or_ambiguous_to_UNK,False
sub-ccepAgeUMCU64,IHa4,L,G&S_paracentral,UNK,unseen_or_ambiguous_to_UNK,False
sub-ccepAgeUMCU64,IHa5,L,G_front_sup,lh_G_front_sup,unique_hemi_stem_match,True
sub-ccepAgeUMCU64,IHa6,L,G_front_sup,lh_G_front_sup,unique_hemi_stem_match,True
sub-ccepAgeUMCU64,IHa7,L,G_front_sup,lh_G_front_sup,unique_hemi_stem_match,True
sub-ccepAgeUMCU64,IHa8,L,G&S_paracentral,UNK,unseen_or_ambiguous_to_UNK,False
sub-ccepAgeUMCU64,IHv1,L,G_front_sup,lh_G_front_sup,unique_hemi_stem_match,True
sub-ccepAgeUMCU64,IHv2,L,G_front_sup,lh_G_front_sup,unique_hemi_stem_match,True
sub-ccepAgeUMCU64,IHv3,L,G_front_sup,lh_G_front_sup,unique_hemi_stem_match,True
sub-ccepAgeUMCU64,IHv4,L,G_front_sup,lh_G_front_sup,unique_hemi_stem_match,True
sub-ccepAgeUMCU64,IHv5,L,G_front_sup,lh_G_front_sup,unique_hemi_stem_match,True
sub-ccepAgeUMCU64,IHv6,L,G_front_sup,lh_G_front_sup,unique_hemi_stem_match,True
sub-ccepAgeUMCU64,IHv7,L,G_front_sup,lh_G_front_sup,unique_hemi_stem_match,True
sub-ccepAgeUMCU64,IHv8,L,G_front_sup,lh_G_front_sup,unique_hemi_stem_match,True
sub-ccepAgeUMCU64,MKR1+,,,UNK,unseen_or_ambiguous_to_UNK,False
sub-ccepAgeUMCU64,xx01,,,UNK,unseen_or_ambiguous_to_UNK,False
sub-ccepAgeUMCU64,xx02,,,UNK,unseen_or_ambiguous_to_UNK,False
sub-ccepAgeUMCU64,xx03,,,UNK,unseen_or_ambiguous_to_UNK,False
sub-ccepAgeUMCU64,xx04,,,UNK,unseen_or_ambiguous_to_UNK,False
sub-ccepAgeUMCU64,xx05,,,UNK,unseen_or_ambiguous_to_UNK,False
sub-ccepAgeUMCU64,xx06,,,UNK,unseen_or_ambiguous_to_UNK,False
sub-ccepAgeUMCU64,xx07,,,UNK,unseen_or_ambiguous_to_UNK,False
sub-ccepAgeUMCU64,xx08,,,UNK,unseen_or_ambiguous_to_UNK,False
sub-ccepAgeUMCU64,xx09,,,UNK,unseen_or_ambiguous_to_UNK,False
sub-ccepAgeUMCU64,xx10,,,UNK,unseen_or_ambiguous_to_UNK,False
sub-ccepAgeUMCU64,xx11,,,UNK,unseen_or_ambiguous_to_UNK,False
sub-ccepAgeUMCU64,xx12,,,UNK,unseen_or_ambiguous_to_UNK,False
sub-ccepAgeUMCU64,xx13,,,UNK,unseen_or_ambiguous_to_UNK,False
sub-ccepAgeUMCU64,xx14,,,UNK,unseen_or_ambiguous_to_UNK,False
sub-ccepAgeUMCU64,xx15,,,UNK,unseen_or_ambiguous_to_UNK,False
sub-ccepAgeUMCU64,xx16,,,UNK,unseen_or_ambiguous_to_UNK,False
sub-ccepAgeUMCU64,xxx1,,,UNK,unseen_or_ambiguous_to_UNK,False
sub-ccepAgeUMCU64,xxx2,,,UNK,unseen_or_ambiguous_to_UNK,False
sub-ccepAgeUMCU64,xxx3,,,UNK,unseen_or_ambiguous_to_UNK,False
sub-ccepAgeUMCU64,xxx4,,,UNK,unseen_or_ambiguous_to_UNK,False
sub-ccepAgeUMCU64,xxx5,,,UNK,unseen_or_ambiguous_to_UNK,False
sub-ccepAgeUMCU64,xxx6,,,UNK,unseen_or_ambiguous_to_UNK,False
sub-ccepAgeUMCU64,xxx7,,,UNK,unseen_or_ambiguous_to_UNK,False
sub-ccepAgeUMCU64,xxx8,,,UNK,unseen_or_ambiguous_to_UNK,False
sub-ccepAgeUMCU64,AH+,,,UNK,unseen_or_ambiguous_to_UNK,False
sub-ccepAgeUMCU64,ECG+,,,UNK,unseen_or_ambiguous_to_UNK,False
sub-ccepAgeUMCU64,orb+,,,UNK,unseen_or_ambiguous_to_UNK,False
sub-ccepAgeUMCU64,emg1+,,,UNK,unseen_or_ambiguous_to_UNK,False
sub-ccepAgeUMCU64,EMG2,,,UNK,unseen_or_ambiguous_to_UNK,False
sub-ccepAgeUMCU64,el094,,,UNK,unseen_or_ambiguous_to_UNK,False
sub-ccepAgeUMCU64,el095,,,UNK,unseen_or_ambiguous_to_UNK,False
sub-ccepAgeUMCU64,el096,,,UNK,unseen_or_ambiguous_to_UNK,False
sub-ccepAgeUMCU64,el097,,,UNK,unseen_or_ambiguous_to_UNK,False
sub-ccepAgeUMCU64,el098,,,UNK,unseen_or_ambiguous_to_UNK,False
sub-ccepAgeUMCU64,el099,,,UNK,unseen_or_ambiguous_to_UNK,False
sub-ccepAgeUMCU64,el100,,,UNK,unseen_or_ambiguous_to_UNK,False
sub-ccepAgeUMCU64,el101,,,UNK,unseen_or_ambiguous_to_UNK,False
sub-ccepAgeUMCU64,el102,,,UNK,unseen_or_ambiguous_to_UNK,False
sub-ccepAgeUMCU64,el103,,,UNK,unseen_or_ambiguous_to_UNK,False
sub-ccepAgeUMCU64,el104,,,UNK,unseen_or_ambiguous_to_UNK,False
sub-ccepAgeUMCU64,el105,,,UNK,unseen_or_ambiguous_to_UNK,False
sub-ccepAgeUMCU64,el106,,,UNK,unseen_or_ambiguous_to_UNK,False
sub-ccepAgeUMCU64,el107,,,UNK,unseen_or_ambiguous_to_UNK,False
sub-ccepAgeUMCU64,el108,,,UNK,unseen_or_ambiguous_to_UNK,False
sub-ccepAgeUMCU64,el109,,,UNK,unseen_or_ambiguous_to_UNK,False
sub-ccepAgeUMCU64,el110,,,UNK,unseen_or_ambiguous_to_UNK,False
sub-ccepAgeUMCU64,el111,,,UNK,unseen_or_ambiguous_to_UNK,False
sub-ccepAgeUMCU64,el112,,,UNK,unseen_or_ambiguous_to_UNK,False
sub-ccepAgeUMCU64,el113,,,UNK,unseen_or_ambiguous_to_UNK,False
sub-ccepAgeUMCU64,el114,,,UNK,unseen_or_ambiguous_to_UNK,False
sub-ccepAgeUMCU64,el115,,,UNK,unseen_or_ambiguous_to_UNK,False
sub-ccepAgeUMCU64,el116,,,UNK,unseen_or_ambiguous_to_UNK,False
sub-ccepAgeUMCU64,el117,,,UNK,unseen_or_ambiguous_to_UNK,False
sub-ccepAgeUMCU64,el118,,,UNK,unseen_or_ambiguous_to_UNK,False
sub-ccepAgeUMCU64,el119,,,UNK,unseen_or_ambiguous_to_UNK,False
sub-ccepAgeUMCU64,el120,,,UNK,unseen_or_ambiguous_to_UNK,False
sub-ccepAgeUMCU64,el121,,,UNK,unseen_or_ambiguous_to_UNK,False
sub-ccepAgeUMCU64,el122,,,UNK,unseen_or_ambiguous_to_UNK,False
sub-ccepAgeUMCU64,el123,,,UNK,unseen_or_ambiguous_to_UNK,False
sub-ccepAgeUMCU64,el124,,,UNK,unseen_or_ambiguous_to_UNK,False
sub-ccepAgeUMCU64,el125,,,UNK,unseen_or_ambiguous_to_UNK,False
sub-ccepAgeUMCU64,el126,,,UNK,unseen_or_ambiguous_to_UNK,False
sub-ccepAgeUMCU64,el127,,,UNK,unseen_or_ambiguous_to_UNK,False
sub-ccepAgeUMCU64,el128,,,UNK,unseen_or_ambiguous_to_UNK,False
sub-ccepAgeUMCU64,thor+,,,UNK,unseen_or_ambiguous_to_UNK,False
sub-ccepAgeUMCU64,abdo+,,,UNK,unseen_or_ambiguous_to_UNK,False
sub-ccepAgeUMCU64,xyz+,,,UNK,unseen_or_ambiguous_to_UNK,False
sub-ccepAgeUMCU64,MKR2+,,,UNK,unseen_or_ambiguous_to_UNK,False
sub-ccepAgeUMCU65,T01,L,S_front_inf,lh_S_front_inf,unique_hemi_stem_match,True
sub-ccepAgeUMCU65,T02,L,S_front_inf,lh_S_front_inf,unique_hemi_stem_match,True
sub-ccepAgeUMCU65,T03,L,G_front_inf-Triangul,lh_G_front_inf-Triangul,unique_hemi_stem_match,True
sub-ccepAgeUMCU65,T04,L,G_precentral,lh_G_precentral,unique_hemi_stem_match,True
sub-ccepAgeUMCU65,T05,L,G_precentral,lh_G_precentral,unique_hemi_stem_match,True
sub-ccepAgeUMCU65,T06,L,G_postcentral,lh_G_postcentral,unique_hemi_stem_match,True
sub-ccepAgeUMCU65,T07,L,G_pariet_inf-Supramar,lh_G_pariet_inf-Supramar,unique_hemi_stem_match,True
sub-ccepAgeUMCU65,T08,L,G_pariet_inf-Supramar,lh_G_pariet_inf-Supramar,unique_hemi_stem_match,True
sub-ccepAgeUMCU65,T09,L,G_front_inf-Triangul,lh_G_front_inf-Triangul,unique_hemi_stem_match,True
sub-ccepAgeUMCU65,T10,L,G_front_inf-Triangul,lh_G_front_inf-Triangul,unique_hemi_stem_match,True
sub-ccepAgeUMCU65,T11,L,G_front_inf-Opercular,UNK,unseen_or_ambiguous_to_UNK,False
sub-ccepAgeUMCU65,T12,L,G&S_subcentral,UNK,unseen_or_ambiguous_to_UNK,False
sub-ccepAgeUMCU65,T13,L,G&S_subcentral,UNK,unseen_or_ambiguous_to_UNK,False
sub-ccepAgeUMCU65,T14,L,G&S_subcentral,UNK,unseen_or_ambiguous_to_UNK,False
sub-ccepAgeUMCU65,T15,L,G_pariet_inf-Supramar,lh_G_pariet_inf-Supramar,unique_hemi_stem_match,True
sub-ccepAgeUMCU65,T16,L,G_pariet_inf-Supramar,lh_G_pariet_inf-Supramar,unique_hemi_stem_match,True
sub-ccepAgeUMCU65,T17,L,G_front_inf-Triangul,lh_G_front_inf-Triangul,unique_hemi_stem_match,True
sub-ccepAgeUMCU65,T18,L,G_front_inf-Triangul,lh_G_front_inf-Triangul,unique_hemi_stem_match,True
sub-ccepAgeUMCU65,T19,L,G_front_inf-Opercular,UNK,unseen_or_ambiguous_to_UNK,False
sub-ccepAgeUMCU65,T20,L,G&S_subcentral,UNK,unseen_or_ambiguous_to_UNK,False
sub-ccepAgeUMCU65,T21,L,G&S_subcentral,UNK,unseen_or_ambiguous_to_UNK,False
sub-ccepAgeUMCU65,T22,L,G&S_subcentral,UNK,unseen_or_ambiguous_to_UNK,False
sub-ccepAgeUMCU65,T23,L,G_pariet_inf-Supramar,lh_G_pariet_inf-Supramar,unique_hemi_stem_match,True
sub-ccepAgeUMCU65,T24,L,G_pariet_inf-Supramar,lh_G_pariet_inf-Supramar,unique_hemi_stem_match,True
sub-ccepAgeUMCU65,T25,L,G_temp_sup-Lateral,lh_G_temp_sup-Lateral,unique_hemi_stem_match,True
sub-ccepAgeUMCU65,T26,L,G_temp_sup-Lateral,lh_G_temp_sup-Lateral,unique_hemi_stem_match,True
sub-ccepAgeUMCU65,T27,L,G_temp_sup-Lateral,lh_G_temp_sup-Lateral,unique_hemi_stem_match,True
sub-ccepAgeUMCU65,T28,L,G_temp_sup-Lateral,lh_G_temp_sup-Lateral,unique_hemi_stem_match,True
sub-ccepAgeUMCU65,T29,L,G_temp_sup-Lateral,lh_G_temp_sup-Lateral,unique_hemi_stem_match,True
sub-ccepAgeUMCU65,T30,L,G_temp_sup-Lateral,lh_G_temp_sup-Lateral,unique_hemi_stem_match,True
sub-ccepAgeUMCU65,T31,L,G_temp_sup-Lateral,lh_G_temp_sup-Lateral,unique_hemi_stem_match,True
sub-ccepAgeUMCU65,T32,L,G_temp_sup-Lateral,lh_G_temp_sup-Lateral,unique_hemi_stem_match,True
sub-ccepAgeUMCU65,T33,L,Pole_temporal,UNK,unseen_or_ambiguous_to_UNK,False
sub-ccepAgeUMCU65,T34,L,Pole_temporal,UNK,unseen_or_ambiguous_to_UNK,False
sub-ccepAgeUMCU65,T35,L,G_temporal_middle,lh_G_temporal_middle,unique_hemi_stem_match,True
sub-ccepAgeUMCU65,T36,L,S_temporal_sup,lh_S_temporal_sup,unique_hemi_stem_match,True
sub-ccepAgeUMCU65,T37,L,S_temporal_sup,lh_S_temporal_sup,unique_hemi_stem_match,True
sub-ccepAgeUMCU65,T38,L,G_temporal_middle,lh_G_temporal_middle,unique_hemi_stem_match,True
sub-ccepAgeUMCU65,T39,L,G_temporal_middle,lh_G_temporal_middle,unique_hemi_stem_match,True
sub-ccepAgeUMCU65,T40,L,G_temporal_middle,lh_G_temporal_middle,unique_hemi_stem_match,True
sub-ccepAgeUMCU65,T41,L,Pole_temporal,UNK,unseen_or_ambiguous_to_UNK,False
sub-ccepAgeUMCU65,T42,L,Pole_temporal,UNK,unseen_or_ambiguous_to_UNK,False
sub-ccepAgeUMCU65,T43,L,G_temporal_middle,lh_G_temporal_middle,unique_hemi_stem_match,True
sub-ccepAgeUMCU65,T44,L,G_temporal_middle,lh_G_temporal_middle,unique_hemi_stem_match,True
sub-ccepAgeUMCU65,T45,L,G_temporal_middle,lh_G_temporal_middle,unique_hemi_stem_match,True
sub-ccepAgeUMCU65,T46,L,G_temporal_middle,lh_G_temporal_middle,unique_hemi_stem_match,True
sub-ccepAgeUMCU65,T47,L,G_temporal_middle,lh_G_temporal_middle,unique_hemi_stem_match,True
sub-ccepAgeUMCU65,T48,L,G_temporal_middle,lh_G_temporal_middle,unique_hemi_stem_match,True
sub-ccepAgeUMCU65,sT1,L,G_oc-temp_med-Parahip,lh_G_oc-temp_med-Parahip,unique_hemi_stem_match,True
sub-ccepAgeUMCU65,sT2,L,Pole_temporal,UNK,unseen_or_ambiguous_to_UNK,False
sub-ccepAgeUMCU65,sT3,L,Pole_temporal,UNK,unseen_or_ambiguous_to_UNK,False
sub-ccepAgeUMCU65,sT4,L,Pole_temporal,UNK,unseen_or_ambiguous_to_UNK,False
sub-ccepAgeUMCU65,sT5,L,Pole_temporal,UNK,unseen_or_ambiguous_to_UNK,False
sub-ccepAgeUMCU65,sT6,L,S_temporal_sup,lh_S_temporal_sup,unique_hemi_stem_match,True
sub-ccepAgeUMCU65,sT7,L,S_temporal_sup,lh_S_temporal_sup,unique_hemi_stem_match,True
sub-ccepAgeUMCU65,sT8,L,G_temp_sup-Lateral,lh_G_temp_sup-Lateral,unique_hemi_stem_match,True
sub-ccepAgeUMCU65,vT1,L,G_oc-temp_med-Parahip,lh_G_oc-temp_med-Parahip,unique_hemi_stem_match,True
sub-ccepAgeUMCU65,vT2,L,Pole_temporal,UNK,unseen_or_ambiguous_to_UNK,False
sub-ccepAgeUMCU65,vT3,L,Pole_temporal,UNK,unseen_or_ambiguous_to_UNK,False
sub-ccepAgeUMCU65,vT4,L,Pole_temporal,UNK,unseen_or_ambiguous_to_UNK,False
sub-ccepAgeUMCU65,vT5,L,Pole_temporal,UNK,unseen_or_ambiguous_to_UNK,False
sub-ccepAgeUMCU65,vT6,L,Pole_temporal,UNK,unseen_or_ambiguous_to_UNK,False
sub-ccepAgeUMCU65,vT7,L,G_temp_sup-Lateral,lh_G_temp_sup-Lateral,unique_hemi_stem_match,True
sub-ccepAgeUMCU65,vT8,L,G_temp_sup-Lateral,lh_G_temp_sup-Lateral,unique_hemi_stem_match,True
sub-ccepAgeUMCU65,MKR1+,,,UNK,unseen_or_ambiguous_to_UNK,False
sub-ccepAgeUMCU65,xxx1,,,UNK,unseen_or_ambiguous_to_UNK,False
sub-ccepAgeUMCU65,xxx2,,,UNK,unseen_or_ambiguous_to_UNK,False
sub-ccepAgeUMCU65,xxx3,,,UNK,unseen_or_ambiguous_to_UNK,False
sub-ccepAgeUMCU65,xxx4,,,UNK,unseen_or_ambiguous_to_UNK,False
sub-ccepAgeUMCU65,xxx5,,,UNK,unseen_or_ambiguous_to_UNK,False
sub-ccepAgeUMCU65,xxx6,,,UNK,unseen_or_ambiguous_to_UNK,False
sub-ccepAgeUMCU65,xxx7,,,UNK,unseen_or_ambiguous_to_UNK,False
sub-ccepAgeUMCU65,xxx8,,,UNK,unseen_or_ambiguous_to_UNK,False
sub-ccepAgeUMCU65,xxx9,,,UNK,unseen_or_ambiguous_to_UNK,False
sub-ccepAgeUMCU65,xxx10,,,UNK,unseen_or_ambiguous_to_UNK,False
sub-ccepAgeUMCU65,xxx11,,,UNK,unseen_or_ambiguous_to_UNK,False
sub-ccepAgeUMCU65,xxx12,,,UNK,unseen_or_ambiguous_to_UNK,False
sub-ccepAgeUMCU65,xxx13,,,UNK,unseen_or_ambiguous_to_UNK,False
sub-ccepAgeUMCU65,xxx14,,,UNK,unseen_or_ambiguous_to_UNK,False
sub-ccepAgeUMCU65,xxx15,,,UNK,unseen_or_ambiguous_to_UNK,False
sub-ccepAgeUMCU65,xxx16,,,UNK,unseen_or_ambiguous_to_UNK,False
sub-ccepAgeUMCU65,el081,,,UNK,unseen_or_ambiguous_to_UNK,False
sub-ccepAgeUMCU65,el082,,,UNK,unseen_or_ambiguous_to_UNK,False
sub-ccepAgeUMCU65,el083,,,UNK,unseen_or_ambiguous_to_UNK,False
sub-ccepAgeUMCU65,el084,,,UNK,unseen_or_ambiguous_to_UNK,False
sub-ccepAgeUMCU65,el085,,,UNK,unseen_or_ambiguous_to_UNK,False
sub-ccepAgeUMCU65,el086,,,UNK,unseen_or_ambiguous_to_UNK,False
sub-ccepAgeUMCU65,el087,,,UNK,unseen_or_ambiguous_to_UNK,False
sub-ccepAgeUMCU65,el088,,,UNK,unseen_or_ambiguous_to_UNK,False
sub-ccepAgeUMCU65,AH+,,,UNK,unseen_or_ambiguous_to_UNK,False
sub-ccepAgeUMCU65,ECG+,,,UNK,unseen_or_ambiguous_to_UNK,False
sub-ccepAgeUMCU65,orb+,,,UNK,unseen_or_ambiguous_to_UNK,False
sub-ccepAgeUMCU65,EMG+,,,UNK,unseen_or_ambiguous_to_UNK,False
sub-ccepAgeUMCU65,el093,,,UNK,unseen_or_ambiguous_to_UNK,False
sub-ccepAgeUMCU65,el094,,,UNK,unseen_or_ambiguous_to_UNK,False
sub-ccepAgeUMCU65,el095,,,UNK,unseen_or_ambiguous_to_UNK,False
sub-ccepAgeUMCU65,el096,,,UNK,unseen_or_ambiguous_to_UNK,False
sub-ccepAgeUMCU65,xx1,,,UNK,unseen_or_ambiguous_to_UNK,False
sub-ccepAgeUMCU65,xx2,,,UNK,unseen_or_ambiguous_to_UNK,False
sub-ccepAgeUMCU65,xx3,,,UNK,unseen_or_ambiguous_to_UNK,False
sub-ccepAgeUMCU65,xx4,,,UNK,unseen_or_ambiguous_to_UNK,False
sub-ccepAgeUMCU65,xx5,,,UNK,unseen_or_ambiguous_to_UNK,False
sub-ccepAgeUMCU65,xx6,,,UNK,unseen_or_ambiguous_to_UNK,False
sub-ccepAgeUMCU65,xx7,,,UNK,unseen_or_ambiguous_to_UNK,False
sub-ccepAgeUMCU65,xx8,,,UNK,unseen_or_ambiguous_to_UNK,False
sub-ccepAgeUMCU65,xx9,,,UNK,unseen_or_ambiguous_to_UNK,False
sub-ccepAgeUMCU65,xx10,,,UNK,unseen_or_ambiguous_to_UNK,False
sub-ccepAgeUMCU65,xx11,,,UNK,unseen_or_ambiguous_to_UNK,False
sub-ccepAgeUMCU65,xx12,,,UNK,unseen_or_ambiguous_to_UNK,False
sub-ccepAgeUMCU65,xx13,,,UNK,unseen_or_ambiguous_to_UNK,False
sub-ccepAgeUMCU65,xx14,,,UNK,unseen_or_ambiguous_to_UNK,False
sub-ccepAgeUMCU65,xx15,,,UNK,unseen_or_ambiguous_to_UNK,False
sub-ccepAgeUMCU65,xx16,,,UNK,unseen_or_ambiguous_to_UNK,False
sub-ccepAgeUMCU65,el113,,,UNK,unseen_or_ambiguous_to_UNK,False
sub-ccepAgeUMCU65,el114,,,UNK,unseen_or_ambiguous_to_UNK,False
sub-ccepAgeUMCU65,el115,,,UNK,unseen_or_ambiguous_to_UNK,False
sub-ccepAgeUMCU65,el116,,,UNK,unseen_or_ambiguous_to_UNK,False
sub-ccepAgeUMCU65,el117,,,UNK,unseen_or_ambiguous_to_UNK,False
sub-ccepAgeUMCU65,el118,,,UNK,unseen_or_ambiguous_to_UNK,False
sub-ccepAgeUMCU65,el119,,,UNK,unseen_or_ambiguous_to_UNK,False
sub-ccepAgeUMCU65,el120,,,UNK,unseen_or_ambiguous_to_UNK,False
sub-ccepAgeUMCU65,el121,,,UNK,unseen_or_ambiguous_to_UNK,False
sub-ccepAgeUMCU65,el122,,,UNK,unseen_or_ambiguous_to_UNK,False
sub-ccepAgeUMCU65,el123,,,UNK,unseen_or_ambiguous_to_UNK,False
sub-ccepAgeUMCU65,el124,,,UNK,unseen_or_ambiguous_to_UNK,False
sub-ccepAgeUMCU65,el125,,,UNK,unseen_or_ambiguous_to_UNK,False
sub-ccepAgeUMCU65,el126,,,UNK,unseen_or_ambiguous_to_UNK,False
sub-ccepAgeUMCU65,el127,,,UNK,unseen_or_ambiguous_to_UNK,False
sub-ccepAgeUMCU65,el128,,,UNK,unseen_or_ambiguous_to_UNK,False
sub-ccepAgeUMCU65,thor+,,,UNK,unseen_or_ambiguous_to_UNK,False
sub-ccepAgeUMCU65,abdo+,,,UNK,unseen_or_ambiguous_to_UNK,False
sub-ccepAgeUMCU65,xyz+,,,UNK,unseen_or_ambiguous_to_UNK,False
sub-ccepAgeUMCU65,MKR2+,,,UNK,unseen_or_ambiguous_to_UNK,False
sub-ccepAgeUMCU66,C01,L,G_front_sup,lh_G_front_sup,unique_hemi_stem_match,True
sub-ccepAgeUMCU66,C02,L,G_precentral,lh_G_precentral,unique_hemi_stem_match,True
sub-ccepAgeUMCU66,C03,L,G&S_paracentral,UNK,unseen_or_ambiguous_to_UNK,False
sub-ccepAgeUMCU66,C04,L,G_postcentral,lh_G_postcentral,unique_hemi_stem_match,True
sub-ccepAgeUMCU66,C05,L,G_postcentral,lh_G_postcentral,unique_hemi_stem_match,True
sub-ccepAgeUMCU66,C06,L,G_parietal_sup,UNK,unseen_or_ambiguous_to_UNK,False
sub-ccepAgeUMCU66,C07,L,G_parietal_sup,UNK,unseen_or_ambiguous_to_UNK,False
sub-ccepAgeUMCU66,C08,L,G_parietal_sup,UNK,unseen_or_ambiguous_to_UNK,False
sub-ccepAgeUMCU66,C09,L,G_front_sup,lh_G_front_sup,unique_hemi_stem_match,True
sub-ccepAgeUMCU66,C10,L,G_precentral,lh_G_precentral,unique_hemi_stem_match,True
sub-ccepAgeUMCU66,C11,L,G_precentral,lh_G_precentral,unique_hemi_stem_match,True
sub-ccepAgeUMCU66,C12,L,G_postcentral,lh_G_postcentral,unique_hemi_stem_match,True
sub-ccepAgeUMCU66,C13,L,G_postcentral,lh_G_postcentral,unique_hemi_stem_match,True
sub-ccepAgeUMCU66,C14,L,G_parietal_sup,UNK,unseen_or_ambiguous_to_UNK,False
sub-ccepAgeUMCU66,C15,L,G_parietal_sup,UNK,unseen_or_ambiguous_to_UNK,False
sub-ccepAgeUMCU66,C16,L,G_parietal_sup,UNK,unseen_or_ambiguous_to_UNK,False
sub-ccepAgeUMCU66,C17,L,G_front_middle,lh_G_front_middle,unique_hemi_stem_match,True
sub-ccepAgeUMCU66,C18,L,G_precentral,lh_G_precentral,unique_hemi_stem_match,True
sub-ccepAgeUMCU66,C19,L,G_precentral,lh_G_precentral,unique_hemi_stem_match,True
sub-ccepAgeUMCU66,C20,L,G_postcentral,lh_G_postcentral,unique_hemi_stem_match,True
sub-ccepAgeUMCU66,C21,L,G_postcentral,lh_G_postcentral,unique_hemi_stem_match,True
sub-ccepAgeUMCU66,C22,L,G_pariet_inf-Supramar,lh_G_pariet_inf-Supramar,unique_hemi_stem_match,True
sub-ccepAgeUMCU66,C23,L,G_pariet_inf-Supramar,lh_G_pariet_inf-Supramar,unique_hemi_stem_match,True
sub-ccepAgeUMCU66,C24,L,G_parietal_sup,UNK,unseen_or_ambiguous_to_UNK,False
sub-ccepAgeUMCU66,C25,L,G_precentral,lh_G_precentral,unique_hemi_stem_match,True
sub-ccepAgeUMCU66,C26,L,G_precentral,lh_G_precentral,unique_hemi_stem_match,True
sub-ccepAgeUMCU66,C27,L,G_postcentral,lh_G_postcentral,unique_hemi_stem_match,True
sub-ccepAgeUMCU66,C28,L,G_postcentral,lh_G_postcentral,unique_hemi_stem_match,True
sub-ccepAgeUMCU66,C29,L,G_pariet_inf-Supramar,lh_G_pariet_inf-Supramar,unique_hemi_stem_match,True
sub-ccepAgeUMCU66,C30,L,G_pariet_inf-Supramar,lh_G_pariet_inf-Supramar,unique_hemi_stem_match,True
sub-ccepAgeUMCU66,C31,L,G_pariet_inf-Supramar,lh_G_pariet_inf-Supramar,unique_hemi_stem_match,True
sub-ccepAgeUMCU66,C32,L,G_pariet_inf-Angular,UNK,unseen_or_ambiguous_to_UNK,False
sub-ccepAgeUMCU66,C33,L,G_front_middle,lh_G_front_middle,unique_hemi_stem_match,True
sub-ccepAgeUMCU66,C34,L,G_precentral,lh_G_precentral,unique_hemi_stem_match,True
sub-ccepAgeUMCU66,C35,L,G_precentral,lh_G_precentral,unique_hemi_stem_match,True
sub-ccepAgeUMCU66,C36,L,G_postcentral,lh_G_postcentral,unique_hemi_stem_match,True
sub-ccepAgeUMCU66,C37,L,G_postcentral,lh_G_postcentral,unique_hemi_stem_match,True
sub-ccepAgeUMCU66,C38,L,G_pariet_inf-Supramar,lh_G_pariet_inf-Supramar,unique_hemi_stem_match,True
sub-ccepAgeUMCU66,C39,L,G_pariet_inf-Supramar,lh_G_pariet_inf-Supramar,unique_hemi_stem_match,True
sub-ccepAgeUMCU66,C40,L,G_pariet_inf-Supramar,lh_G_pariet_inf-Supramar,unique_hemi_stem_match,True
sub-ccepAgeUMCU66,C41,L,G_front_inf-Triangul,lh_G_front_inf-Triangul,unique_hemi_stem_match,True
sub-ccepAgeUMCU66,C42,L,G_precentral,lh_G_precentral,unique_hemi_stem_match,True
sub-ccepAgeUMCU66,C43,L,G&S_subcentral,UNK,unseen_or_ambiguous_to_UNK,False
sub-ccepAgeUMCU66,C44,L,G&S_subcentral,UNK,unseen_or_ambiguous_to_UNK,False
sub-ccepAgeUMCU66,C45,L,G_postcentral,lh_G_postcentral,unique_hemi_stem_match,True
sub-ccepAgeUMCU66,C46,L,G_pariet_inf-Supramar,lh_G_pariet_inf-Supramar,unique_hemi_stem_match,True
sub-ccepAgeUMCU66,C47,L,G_pariet_inf-Supramar,lh_G_pariet_inf-Supramar,unique_hemi_stem_match,True
sub-ccepAgeUMCU66,C48,L,G_pariet_inf-Supramar,lh_G_pariet_inf-Supramar,unique_hemi_stem_match,True
sub-ccepAgeUMCU66,C49,L,G_front_inf-Triangul,lh_G_front_inf-Triangul,unique_hemi_stem_match,True
sub-ccepAgeUMCU66,C50,L,G_front_inf-Opercular,UNK,unseen_or_ambiguous_to_UNK,False
sub-ccepAgeUMCU66,C51,L,G&S_subcentral,UNK,unseen_or_ambiguous_to_UNK,False
sub-ccepAgeUMCU66,C52,L,G&S_subcentral,UNK,unseen_or_ambiguous_to_UNK,False
sub-ccepAgeUMCU66,C53,L,G_pariet_inf-Supramar,lh_G_pariet_inf-Supramar,unique_hemi_stem_match,True
sub-ccepAgeUMCU66,C54,L,G_temp_sup-Lateral,lh_G_temp_sup-Lateral,unique_hemi_stem_match,True
sub-ccepAgeUMCU66,C55,L,G_temp_sup-Lateral,lh_G_temp_sup-Lateral,unique_hemi_stem_match,True
sub-ccepAgeUMCU66,C56,L,G_pariet_inf-Supramar,lh_G_pariet_inf-Supramar,unique_hemi_stem_match,True
sub-ccepAgeUMCU66,C57,L,G_front_inf-Triangul,lh_G_front_inf-Triangul,unique_hemi_stem_match,True
sub-ccepAgeUMCU66,C58,L,G_front_inf-Opercular,UNK,unseen_or_ambiguous_to_UNK,False
sub-ccepAgeUMCU66,C59,L,G_temp_sup-Lateral,lh_G_temp_sup-Lateral,unique_hemi_stem_match,True
sub-ccepAgeUMCU66,C60,L,G_temp_sup-Lateral,lh_G_temp_sup-Lateral,unique_hemi_stem_match,True
sub-ccepAgeUMCU66,C61,L,G_temp_sup-Lateral,lh_G_temp_sup-Lateral,unique_hemi_stem_match,True
sub-ccepAgeUMCU66,C62,L,G_temp_sup-Lateral,lh_G_temp_sup-Lateral,unique_hemi_stem_match,True
sub-ccepAgeUMCU66,C63,L,G_temporal_middle,lh_G_temporal_middle,unique_hemi_stem_match,True
sub-ccepAgeUMCU66,C64,L,G_temporal_middle,lh_G_temporal_middle,unique_hemi_stem_match,True
sub-ccepAgeUMCU66,MKR1+,,,UNK,unseen_or_ambiguous_to_UNK,False
sub-ccepAgeUMCU66,F01,L,G&S_frontomargin,UNK,unseen_or_ambiguous_to_UNK,False
sub-ccepAgeUMCU66,F02,L,G_orbital,UNK,unseen_or_ambiguous_to_UNK,False
sub-ccepAgeUMCU66,F03,L,G_front_middle,lh_G_front_middle,unique_hemi_stem_match,True
sub-ccepAgeUMCU66,F04,L,G_front_inf-Triangul,lh_G_front_inf-Triangul,unique_hemi_stem_match,True
sub-ccepAgeUMCU66,F05,L,G_front_middle,lh_G_front_middle,unique_hemi_stem_match,True
sub-ccepAgeUMCU66,F06,L,G_front_middle,lh_G_front_middle,unique_hemi_stem_match,True
sub-ccepAgeUMCU66,F07,L,S_front_sup,lh_S_front_sup,unique_hemi_stem_match,True
sub-ccepAgeUMCU66,F08,L,G_front_sup,lh_G_front_sup,unique_hemi_stem_match,True
sub-ccepAgeUMCU66,F09,L,G_orbital,UNK,unseen_or_ambiguous_to_UNK,False
sub-ccepAgeUMCU66,F10,L,G_orbital,UNK,unseen_or_ambiguous_to_UNK,False
sub-ccepAgeUMCU66,F11,L,G_front_inf-Triangul,lh_G_front_inf-Triangul,unique_hemi_stem_match,True
sub-ccepAgeUMCU66,F12,L,G_front_inf-Triangul,lh_G_front_inf-Triangul,unique_hemi_stem_match,True
sub-ccepAgeUMCU66,F13,L,S_front_inf,lh_S_front_inf,unique_hemi_stem_match,True
sub-ccepAgeUMCU66,F14,L,S_front_inf,lh_S_front_inf,unique_hemi_stem_match,True
sub-ccepAgeUMCU66,F15,L,G_precentral,lh_G_precentral,unique_hemi_stem_match,True
sub-ccepAgeUMCU66,F16,L,G_front_middle,lh_G_front_middle,unique_hemi_stem_match,True
sub-ccepAgeUMCU66,P01,L,G_occipital_sup,UNK,unseen_or_ambiguous_to_UNK,False
sub-ccepAgeUMCU66,P02,L,G_pariet_inf-Angular,UNK,unseen_or_ambiguous_to_UNK,False
sub-ccepAgeUMCU66,P03,L,G_pariet_inf-Angular,UNK,unseen_or_ambiguous_to_UNK,False
sub-ccepAgeUMCU66,P04,L,G_pariet_inf-Angular,UNK,unseen_or_ambiguous_to_UNK,False
sub-ccepAgeUMCU66,P05,L,G_parietal_sup,UNK,unseen_or_ambiguous_to_UNK,False
sub-ccepAgeUMCU66,P06,L,G_pariet_inf-Angular,UNK,unseen_or_ambiguous_to_UNK,False
sub-ccepAgeUMCU66,P07,L,G_pariet_inf-Angular,UNK,unseen_or_ambiguous_to_UNK,False
sub-ccepAgeUMCU66,P08,L,G_pariet_inf-Angular,UNK,unseen_or_ambiguous_to_UNK,False
sub-ccepAgeUMCU66,AH+,,,UNK,unseen_or_ambiguous_to_UNK,False
sub-ccepAgeUMCU66,ECG+,,,UNK,unseen_or_ambiguous_to_UNK,False
sub-ccepAgeUMCU66,orb+,,,UNK,unseen_or_ambiguous_to_UNK,False
sub-ccepAgeUMCU66,emg1+,,,UNK,unseen_or_ambiguous_to_UNK,False
sub-ccepAgeUMCU66,EMG2,,,UNK,unseen_or_ambiguous_to_UNK,False
sub-ccepAgeUMCU66,el094,,,UNK,unseen_or_ambiguous_to_UNK,False
sub-ccepAgeUMCU66,el095,,,UNK,unseen_or_ambiguous_to_UNK,False
sub-ccepAgeUMCU66,el096,,,UNK,unseen_or_ambiguous_to_UNK,False
sub-ccepAgeUMCU66,el097,,,UNK,unseen_or_ambiguous_to_UNK,False
sub-ccepAgeUMCU66,el098,,,UNK,unseen_or_ambiguous_to_UNK,False
sub-ccepAgeUMCU66,el099,,,UNK,unseen_or_ambiguous_to_UNK,False
sub-ccepAgeUMCU66,el100,,,UNK,unseen_or_ambiguous_to_UNK,False
sub-ccepAgeUMCU66,el101,,,UNK,unseen_or_ambiguous_to_UNK,False
sub-ccepAgeUMCU66,el102,,,UNK,unseen_or_ambiguous_to_UNK,False
sub-ccepAgeUMCU66,el103,,,UNK,unseen_or_ambiguous_to_UNK,False
sub-ccepAgeUMCU66,el104,,,UNK,unseen_or_ambiguous_to_UNK,False
sub-ccepAgeUMCU66,el105,,,UNK,unseen_or_ambiguous_to_UNK,False
sub-ccepAgeUMCU66,el106,,,UNK,unseen_or_ambiguous_to_UNK,False
sub-ccepAgeUMCU66,el107,,,UNK,unseen_or_ambiguous_to_UNK,False
sub-ccepAgeUMCU66,el108,,,UNK,unseen_or_ambiguous_to_UNK,False
sub-ccepAgeUMCU66,el109,,,UNK,unseen_or_ambiguous_to_UNK,False
sub-ccepAgeUMCU66,el110,,,UNK,unseen_or_ambiguous_to_UNK,False
sub-ccepAgeUMCU66,el111,,,UNK,unseen_or_ambiguous_to_UNK,False
sub-ccepAgeUMCU66,el112,,,UNK,unseen_or_ambiguous_to_UNK,False
sub-ccepAgeUMCU66,el113,,,UNK,unseen_or_ambiguous_to_UNK,False
sub-ccepAgeUMCU66,el114,,,UNK,unseen_or_ambiguous_to_UNK,False
sub-ccepAgeUMCU66,el115,,,UNK,unseen_or_ambiguous_to_UNK,False
sub-ccepAgeUMCU66,el116,,,UNK,unseen_or_ambiguous_to_UNK,False
sub-ccepAgeUMCU66,el117,,,UNK,unseen_or_ambiguous_to_UNK,False
sub-ccepAgeUMCU66,el118,,,UNK,unseen_or_ambiguous_to_UNK,False
sub-ccepAgeUMCU66,el119,,,UNK,unseen_or_ambiguous_to_UNK,False
sub-ccepAgeUMCU66,el120,,,UNK,unseen_or_ambiguous_to_UNK,False
sub-ccepAgeUMCU66,el121,,,UNK,unseen_or_ambiguous_to_UNK,False
sub-ccepAgeUMCU66,el122,,,UNK,unseen_or_ambiguous_to_UNK,False
sub-ccepAgeUMCU66,el123,,,UNK,unseen_or_ambiguous_to_UNK,False
sub-ccepAgeUMCU66,el124,,,UNK,unseen_or_ambiguous_to_UNK,False
sub-ccepAgeUMCU66,el125,,,UNK,unseen_or_ambiguous_to_UNK,False
sub-ccepAgeUMCU66,el126,,,UNK,unseen_or_ambiguous_to_UNK,False
sub-ccepAgeUMCU66,el127,,,UNK,unseen_or_ambiguous_to_UNK,False
sub-ccepAgeUMCU66,el128,,,UNK,unseen_or_ambiguous_to_UNK,False
sub-ccepAgeUMCU66,thor+,,,UNK,unseen_or_ambiguous_to_UNK,False
sub-ccepAgeUMCU66,abdo+,,,UNK,unseen_or_ambiguous_to_UNK,False
sub-ccepAgeUMCU66,xyz+,,,UNK,unseen_or_ambiguous_to_UNK,False
sub-ccepAgeUMCU66,MKR2+,,,UNK,unseen_or_ambiguous_to_UNK,False
sub-ccepAgeUMCU67,C01,R,G_front_inf-Opercular,UNK,unseen_or_ambiguous_to_UNK,False
sub-ccepAgeUMCU67,C02,R,G&S_subcentral,UNK,unseen_or_ambiguous_to_UNK,False
sub-ccepAgeUMCU67,C03,R,G&S_subcentral,UNK,unseen_or_ambiguous_to_UNK,False
sub-ccepAgeUMCU67,C04,R,G_pariet_inf-Supramar,rh_G_pariet_inf-Supramar,unique_hemi_stem_match,True
sub-ccepAgeUMCU67,C05,R,G_pariet_inf-Supramar,rh_G_pariet_inf-Supramar,unique_hemi_stem_match,True
sub-ccepAgeUMCU67,C06,R,G_pariet_inf-Supramar,rh_G_pariet_inf-Supramar,unique_hemi_stem_match,True
sub-ccepAgeUMCU67,C07,R,G_pariet_inf-Angular,rh_G_pariet_inf-Angular,unique_hemi_stem_match,True
sub-ccepAgeUMCU67,C08,R,G_pariet_inf-Angular,rh_G_pariet_inf-Angular,unique_hemi_stem_match,True
sub-ccepAgeUMCU67,C09,R,S_precentral-inf-part,rh_S_precentral-inf-part,unique_hemi_stem_match,True
sub-ccepAgeUMCU67,C10,R,G_precentral,rh_G_precentral,unique_hemi_stem_match,True
sub-ccepAgeUMCU67,C11,R,G_precentral,rh_G_precentral,unique_hemi_stem_match,True
sub-ccepAgeUMCU67,C12,R,G_postcentral,rh_G_postcentral,unique_hemi_stem_match,True
sub-ccepAgeUMCU67,C13,R,G_pariet_inf-Supramar,rh_G_pariet_inf-Supramar,unique_hemi_stem_match,True
sub-ccepAgeUMCU67,C14,R,G_pariet_inf-Supramar,rh_G_pariet_inf-Supramar,unique_hemi_stem_match,True
sub-ccepAgeUMCU67,C15,R,G_pariet_inf-Angular,rh_G_pariet_inf-Angular,unique_hemi_stem_match,True
sub-ccepAgeUMCU67,C16,R,G_pariet_inf-Angular,rh_G_pariet_inf-Angular,unique_hemi_stem_match,True
sub-ccepAgeUMCU67,C17,R,S_precentral-inf-part,rh_S_precentral-inf-part,unique_hemi_stem_match,True
sub-ccepAgeUMCU67,C18,R,G_precentral,rh_G_precentral,unique_hemi_stem_match,True
sub-ccepAgeUMCU67,C19,R,G_precentral,rh_G_precentral,unique_hemi_stem_match,True
sub-ccepAgeUMCU67,C20,R,G_postcentral,rh_G_postcentral,unique_hemi_stem_match,True
sub-ccepAgeUMCU67,C21,R,S_postcentral,UNK,unseen_or_ambiguous_to_UNK,False
sub-ccepAgeUMCU67,C22,R,S_postcentral,UNK,unseen_or_ambiguous_to_UNK,False
sub-ccepAgeUMCU67,C23,R,S_intrapariet&P_trans,rh_S_intrapariet&P_trans,unique_hemi_stem_match,True
sub-ccepAgeUMCU67,C24,R,G_parietal_sup,rh_G_parietal_sup,unique_hemi_stem_match,True
sub-ccepAgeUMCU67,C25,R,G_front_middle,rh_G_front_middle,unique_hemi_stem_match,True
sub-ccepAgeUMCU67,C26,R,G_precentral,rh_G_precentral,unique_hemi_stem_match,True
sub-ccepAgeUMCU67,C27,R,G_precentral,rh_G_precentral,unique_hemi_stem_match,True
sub-ccepAgeUMCU67,C28,R,G_postcentral,rh_G_postcentral,unique_hemi_stem_match,True
sub-ccepAgeUMCU67,C29,R,G_postcentral,rh_G_postcentral,unique_hemi_stem_match,True
sub-ccepAgeUMCU67,C30,R,G_postcentral,rh_G_postcentral,unique_hemi_stem_match,True
sub-ccepAgeUMCU67,C31,R,G_parietal_sup,rh_G_parietal_sup,unique_hemi_stem_match,True
sub-ccepAgeUMCU67,C32,R,G_parietal_sup,rh_G_parietal_sup,unique_hemi_stem_match,True
sub-ccepAgeUMCU67,CL01,R,G_front_inf-Triangul,rh_G_front_inf-Triangul,unique_hemi_stem_match,True
sub-ccepAgeUMCU67,CL02,R,Lat_Fis-ant-Vertical,UNK,unseen_or_ambiguous_to_UNK,False
sub-ccepAgeUMCU67,CL03,R,G_front_inf-Opercular,UNK,unseen_or_ambiguous_to_UNK,False
sub-ccepAgeUMCU67,CL04,R,G_temp_sup-Lateral,rh_G_temp_sup-Lateral,unique_hemi_stem_match,True
sub-ccepAgeUMCU67,CL05,R,G_temp_sup-Lateral,rh_G_temp_sup-Lateral,unique_hemi_stem_match,True
sub-ccepAgeUMCU67,CL06,R,G_pariet_inf-Supramar,rh_G_pariet_inf-Supramar,unique_hemi_stem_match,True
sub-ccepAgeUMCU67,CL07,R,G_pariet_inf-Supramar,rh_G_pariet_inf-Supramar,unique_hemi_stem_match,True
sub-ccepAgeUMCU67,CL08,R,G_pariet_inf-Supramar,rh_G_pariet_inf-Supramar,unique_hemi_stem_match,True
sub-ccepAgeUMCU67,CL09,R,G_front_inf-Triangul,rh_G_front_inf-Triangul,unique_hemi_stem_match,True
sub-ccepAgeUMCU67,CL10,R,G_front_inf-Opercular,UNK,unseen_or_ambiguous_to_UNK,False
sub-ccepAgeUMCU67,CL11,R,G_front_inf-Opercular,UNK,unseen_or_ambiguous_to_UNK,False
sub-ccepAgeUMCU67,CL12,R,G_front_inf-Opercular,UNK,unseen_or_ambiguous_to_UNK,False
sub-ccepAgeUMCU67,CL13,R,G&S_subcentral,UNK,unseen_or_ambiguous_to_UNK,False
sub-ccepAgeUMCU67,CL14,R,G_pariet_inf-Supramar,rh_G_pariet_inf-Supramar,unique_hemi_stem_match,True
sub-ccepAgeUMCU67,CL15,R,G_pariet_inf-Supramar,rh_G_pariet_inf-Supramar,unique_hemi_stem_match,True
sub-ccepAgeUMCU67,CL16,R,G_pariet_inf-Supramar,rh_G_pariet_inf-Supramar,unique_hemi_stem_match,True
sub-ccepAgeUMCU67,T01,R,G_temporal_middle,rh_G_temporal_middle,unique_hemi_stem_match,True
sub-ccepAgeUMCU67,T02,R,G_temporal_middle,rh_G_temporal_middle,unique_hemi_stem_match,True
sub-ccepAgeUMCU67,T03,R,G_temporal_middle,rh_G_temporal_middle,unique_hemi_stem_match,True
sub-ccepAgeUMCU67,T04,R,G_temporal_middle,rh_G_temporal_middle,unique_hemi_stem_match,True
sub-ccepAgeUMCU67,T05,R,G_temporal_middle,rh_G_temporal_middle,unique_hemi_stem_match,True
sub-ccepAgeUMCU67,T06,R,G_temporal_middle,rh_G_temporal_middle,unique_hemi_stem_match,True
sub-ccepAgeUMCU67,T07,R,G_pariet_inf-Angular,rh_G_pariet_inf-Angular,unique_hemi_stem_match,True
sub-ccepAgeUMCU67,T08,R,G_pariet_inf-Angular,rh_G_pariet_inf-Angular,unique_hemi_stem_match,True
sub-ccepAgeUMCU67,T09,R,G_temp_sup-Lateral,rh_G_temp_sup-Lateral,unique_hemi_stem_match,True
sub-ccepAgeUMCU67,T10,R,G_temporal_middle,rh_G_temporal_middle,unique_hemi_stem_match,True
sub-ccepAgeUMCU67,T11,R,G_temporal_middle,rh_G_temporal_middle,unique_hemi_stem_match,True
sub-ccepAgeUMCU67,T12,R,G_temp_sup-Lateral,rh_G_temp_sup-Lateral,unique_hemi_stem_match,True
sub-ccepAgeUMCU67,T13,R,G_temp_sup-Lateral,rh_G_temp_sup-Lateral,unique_hemi_stem_match,True
sub-ccepAgeUMCU67,T14,R,G_temp_sup-Lateral,rh_G_temp_sup-Lateral,unique_hemi_stem_match,True
sub-ccepAgeUMCU67,T15,R,G_pariet_inf-Angular,rh_G_pariet_inf-Angular,unique_hemi_stem_match,True
sub-ccepAgeUMCU67,T16,R,G_pariet_inf-Angular,rh_G_pariet_inf-Angular,unique_hemi_stem_match,True
sub-ccepAgeUMCU67,MKR1+,,,UNK,unseen_or_ambiguous_to_UNK,False
sub-ccepAgeUMCU67,TA1,R,G_oc-temp_med-Parahip,rh_G_oc-temp_med-Parahip,unique_hemi_stem_match,True
sub-ccepAgeUMCU67,TA2,R,G_oc-temp_med-Parahip,rh_G_oc-temp_med-Parahip,unique_hemi_stem_match,True
sub-ccepAgeUMCU67,TA3,R,G_oc-temp_med-Parahip,rh_G_oc-temp_med-Parahip,unique_hemi_stem_match,True
sub-ccepAgeUMCU67,TA4,R,Pole_temporal,rh_Pole_temporal,unique_hemi_stem_match,True
sub-ccepAgeUMCU67,TA5,R,Pole_temporal,rh_Pole_temporal,unique_hemi_stem_match,True
sub-ccepAgeUMCU67,TA6,R,Pole_temporal,rh_Pole_temporal,unique_hemi_stem_match,True
sub-ccepAgeUMCU67,TA7,R,Pole_temporal,rh_Pole_temporal,unique_hemi_stem_match,True
sub-ccepAgeUMCU67,TA8,R,G_temp_sup-Lateral,rh_G_temp_sup-Lateral,unique_hemi_stem_match,True
sub-ccepAgeUMCU67,TV1,R,G_oc-temp_med-Parahip,rh_G_oc-temp_med-Parahip,unique_hemi_stem_match,True
sub-ccepAgeUMCU67,TV2,R,G_oc-temp_med-Parahip,rh_G_oc-temp_med-Parahip,unique_hemi_stem_match,True
sub-ccepAgeUMCU67,TV3,R,Pole_temporal,rh_Pole_temporal,unique_hemi_stem_match,True
sub-ccepAgeUMCU67,TV4,R,Pole_temporal,rh_Pole_temporal,unique_hemi_stem_match,True
sub-ccepAgeUMCU67,TV5,R,Pole_temporal,rh_Pole_temporal,unique_hemi_stem_match,True
sub-ccepAgeUMCU67,TV6,R,Pole_temporal,rh_Pole_temporal,unique_hemi_stem_match,True
sub-ccepAgeUMCU67,TV7,R,G_temp_sup-Lateral,rh_G_temp_sup-Lateral,unique_hemi_stem_match,True
sub-ccepAgeUMCU67,TV8,R,G_temp_sup-Lateral,rh_G_temp_sup-Lateral,unique_hemi_stem_match,True
sub-ccepAgeUMCU67,el081,,,UNK,unseen_or_ambiguous_to_UNK,False
sub-ccepAgeUMCU67,el082,,,UNK,unseen_or_ambiguous_to_UNK,False
sub-ccepAgeUMCU67,el083,,,UNK,unseen_or_ambiguous_to_UNK,False
sub-ccepAgeUMCU67,el084,,,UNK,unseen_or_ambiguous_to_UNK,False
sub-ccepAgeUMCU67,el085,,,UNK,unseen_or_ambiguous_to_UNK,False
sub-ccepAgeUMCU67,el086,,,UNK,unseen_or_ambiguous_to_UNK,False
sub-ccepAgeUMCU67,el087,,,UNK,unseen_or_ambiguous_to_UNK,False
sub-ccepAgeUMCU67,el088,,,UNK,unseen_or_ambiguous_to_UNK,False
sub-ccepAgeUMCU67,AH+,,,UNK,unseen_or_ambiguous_to_UNK,False
sub-ccepAgeUMCU67,ECG+,,,UNK,unseen_or_ambiguous_to_UNK,False
sub-ccepAgeUMCU67,orb+,,,UNK,unseen_or_ambiguous_to_UNK,False
sub-ccepAgeUMCU67,emg1+,,,UNK,unseen_or_ambiguous_to_UNK,False
sub-ccepAgeUMCU67,emg2+,,,UNK,unseen_or_ambiguous_to_UNK,False
sub-ccepAgeUMCU67,el094,,,UNK,unseen_or_ambiguous_to_UNK,False
sub-ccepAgeUMCU67,el095,,,UNK,unseen_or_ambiguous_to_UNK,False
sub-ccepAgeUMCU67,el096,,,UNK,unseen_or_ambiguous_to_UNK,False
sub-ccepAgeUMCU67,el097,,,UNK,unseen_or_ambiguous_to_UNK,False
sub-ccepAgeUMCU67,el098,,,UNK,unseen_or_ambiguous_to_UNK,False
sub-ccepAgeUMCU67,el099,,,UNK,unseen_or_ambiguous_to_UNK,False
sub-ccepAgeUMCU67,el100,,,UNK,unseen_or_ambiguous_to_UNK,False
sub-ccepAgeUMCU67,el101,,,UNK,unseen_or_ambiguous_to_UNK,False
sub-ccepAgeUMCU67,el102,,,UNK,unseen_or_ambiguous_to_UNK,False
sub-ccepAgeUMCU67,el103,,,UNK,unseen_or_ambiguous_to_UNK,False
sub-ccepAgeUMCU67,el104,,,UNK,unseen_or_ambiguous_to_UNK,False
sub-ccepAgeUMCU67,el105,,,UNK,unseen_or_ambiguous_to_UNK,False
sub-ccepAgeUMCU67,el106,,,UNK,unseen_or_ambiguous_to_UNK,False
sub-ccepAgeUMCU67,el107,,,UNK,unseen_or_ambiguous_to_UNK,False
sub-ccepAgeUMCU67,el108,,,UNK,unseen_or_ambiguous_to_UNK,False
sub-ccepAgeUMCU67,el109,,,UNK,unseen_or_ambiguous_to_UNK,False
sub-ccepAgeUMCU67,el110,,,UNK,unseen_or_ambiguous_to_UNK,False
sub-ccepAgeUMCU67,el111,,,UNK,unseen_or_ambiguous_to_UNK,False
sub-ccepAgeUMCU67,el112,,,UNK,unseen_or_ambiguous_to_UNK,False
sub-ccepAgeUMCU67,el113,,,UNK,unseen_or_ambiguous_to_UNK,False
sub-ccepAgeUMCU67,el114,,,UNK,unseen_or_ambiguous_to_UNK,False
sub-ccepAgeUMCU67,el115,,,UNK,unseen_or_ambiguous_to_UNK,False
sub-ccepAgeUMCU67,el116,,,UNK,unseen_or_ambiguous_to_UNK,False
sub-ccepAgeUMCU67,el117,,,UNK,unseen_or_ambiguous_to_UNK,False
sub-ccepAgeUMCU67,el118,,,UNK,unseen_or_ambiguous_to_UNK,False
sub-ccepAgeUMCU67,el119,,,UNK,unseen_or_ambiguous_to_UNK,False
sub-ccepAgeUMCU67,el120,,,UNK,unseen_or_ambiguous_to_UNK,False
sub-ccepAgeUMCU67,el121,,,UNK,unseen_or_ambiguous_to_UNK,False
sub-ccepAgeUMCU67,el122,,,UNK,unseen_or_ambiguous_to_UNK,False
sub-ccepAgeUMCU67,el123,,,UNK,unseen_or_ambiguous_to_UNK,False
sub-ccepAgeUMCU67,el124,,,UNK,unseen_or_ambiguous_to_UNK,False
sub-ccepAgeUMCU67,el125,,,UNK,unseen_or_ambiguous_to_UNK,False
sub-ccepAgeUMCU67,el126,,,UNK,unseen_or_ambiguous_to_UNK,False
sub-ccepAgeUMCU67,el127,,,UNK,unseen_or_ambiguous_to_UNK,False
sub-ccepAgeUMCU67,el128,,,UNK,unseen_or_ambiguous_to_UNK,False
sub-ccepAgeUMCU67,thor+,,,UNK,unseen_or_ambiguous_to_UNK,False
sub-ccepAgeUMCU67,abdo+,,,UNK,unseen_or_ambiguous_to_UNK,False
sub-ccepAgeUMCU67,xyz+,,,UNK,unseen_or_ambiguous_to_UNK,False
sub-ccepAgeUMCU67,MKR2+,,,UNK,unseen_or_ambiguous_to_UNK,False
sub-ccepAgeUMCU68,F01,L,G_front_middle,lh_G_front_middle,unique_hemi_stem_match,True
sub-ccepAgeUMCU68,F02,L,G_front_middle,lh_G_front_middle,unique_hemi_stem_match,True
sub-ccepAgeUMCU68,F03,L,G_front_middle,lh_G_front_middle,unique_hemi_stem_match,True
sub-ccepAgeUMCU68,F04,L,G_front_middle,lh_G_front_middle,unique_hemi_stem_match,True
sub-ccepAgeUMCU68,F05,L,G_front_middle,lh_G_front_middle,unique_hemi_stem_match,True
sub-ccepAgeUMCU68,F06,L,G_front_middle,lh_G_front_middle,unique_hemi_stem_match,True
sub-ccepAgeUMCU68,F07,L,G_front_middle,lh_G_front_middle,unique_hemi_stem_match,True
sub-ccepAgeUMCU68,F08,L,G_front_middle,lh_G_front_middle,unique_hemi_stem_match,True
sub-ccepAgeUMCU68,F09,L,G&S_transv_frontopol,UNK,unseen_or_ambiguous_to_UNK,False
sub-ccepAgeUMCU68,F10,L,G_front_middle,lh_G_front_middle,unique_hemi_stem_match,True
sub-ccepAgeUMCU68,F11,L,G_front_middle,lh_G_front_middle,unique_hemi_stem_match,True
sub-ccepAgeUMCU68,F12,L,G_front_middle,lh_G_front_middle,unique_hemi_stem_match,True
sub-ccepAgeUMCU68,F13,L,G_front_middle,lh_G_front_middle,unique_hemi_stem_match,True
sub-ccepAgeUMCU68,F14,L,G_front_middle,lh_G_front_middle,unique_hemi_stem_match,True
sub-ccepAgeUMCU68,F15,L,G_front_inf-Opercular,UNK,unseen_or_ambiguous_to_UNK,False
sub-ccepAgeUMCU68,F16,L,G_precentral,lh_G_precentral,unique_hemi_stem_match,True
sub-ccepAgeUMCU68,xxx1,,,UNK,unseen_or_ambiguous_to_UNK,False
sub-ccepAgeUMCU68,xxx2,,,UNK,unseen_or_ambiguous_to_UNK,False
sub-ccepAgeUMCU68,xxx3,,,UNK,unseen_or_ambiguous_to_UNK,False
sub-ccepAgeUMCU68,xxx4,,,UNK,unseen_or_ambiguous_to_UNK,False
sub-ccepAgeUMCU68,xxx5,,,UNK,unseen_or_ambiguous_to_UNK,False
sub-ccepAgeUMCU68,xxx6,,,UNK,unseen_or_ambiguous_to_UNK,False
sub-ccepAgeUMCU68,xxx7,,,UNK,unseen_or_ambiguous_to_UNK,False
sub-ccepAgeUMCU68,xxx8,,,UNK,unseen_or_ambiguous_to_UNK,False
sub-ccepAgeUMCU68,AH+,,,UNK,unseen_or_ambiguous_to_UNK,False
sub-ccepAgeUMCU68,ECG+,,,UNK,unseen_or_ambiguous_to_UNK,False
sub-ccepAgeUMCU68,ORB+,,,UNK,unseen_or_ambiguous_to_UNK,False
sub-ccepAgeUMCU68,EMG+,,,UNK,unseen_or_ambiguous_to_UNK,False
sub-ccepAgeUMCU68,PNG2+,,,UNK,unseen_or_ambiguous_to_UNK,False
sub-ccepAgeUMCU68,PNG3+,,,UNK,unseen_or_ambiguous_to_UNK,False
sub-ccepAgeUMCU68,ECG1+,,,UNK,unseen_or_ambiguous_to_UNK,False
sub-ccepAgeUMCU68,ECG2+,,,UNK,unseen_or_ambiguous_to_UNK,False
sub-ccepAgeUMCU68,F17,L,G&S_frontomargin,UNK,unseen_or_ambiguous_to_UNK,False
sub-ccepAgeUMCU68,F18,L,G_front_middle,lh_G_front_middle,unique_hemi_stem_match,True
sub-ccepAgeUMCU68,F19,L,G_front_middle,lh_G_front_middle,unique_hemi_stem_match,True
sub-ccepAgeUMCU68,F20,L,G_front_middle,lh_G_front_middle,unique_hemi_stem_match,True
sub-ccepAgeUMCU68,F21,L,G_front_inf-Triangul,lh_G_front_inf-Triangul,unique_hemi_stem_match,True
sub-ccepAgeUMCU68,F22,L,G_front_inf-Triangul,lh_G_front_inf-Triangul,unique_hemi_stem_match,True
sub-ccepAgeUMCU68,F23,L,G_front_inf-Opercular,UNK,unseen_or_ambiguous_to_UNK,False
sub-ccepAgeUMCU68,F24,L,G_front_inf-Opercular,UNK,unseen_or_ambiguous_to_UNK,False
sub-ccepAgeUMCU68,F25,L,G&S_frontomargin,UNK,unseen_or_ambiguous_to_UNK,False
sub-ccepAgeUMCU68,F26,L,G&S_frontomargin,UNK,unseen_or_ambiguous_to_UNK,False
sub-ccepAgeUMCU68,F27,L,G_orbital,UNK,unseen_or_ambiguous_to_UNK,False
sub-ccepAgeUMCU68,F28,L,G_front_inf-Triangul,lh_G_front_inf-Triangul,unique_hemi_stem_match,True
sub-ccepAgeUMCU68,F29,L,G_front_inf-Triangul,lh_G_front_inf-Triangul,unique_hemi_stem_match,True
sub-ccepAgeUMCU68,F30,L,G_front_inf-Triangul,lh_G_front_inf-Triangul,unique_hemi_stem_match,True
sub-ccepAgeUMCU68,F31,L,G_front_inf-Opercular,UNK,unseen_or_ambiguous_to_UNK,False
sub-ccepAgeUMCU68,F32,L,G_precentral,lh_G_precentral,unique_hemi_stem_match,True
sub-ccepAgeUMCU68,F33,L,G_rectus,lh_G_rectus,unique_hemi_stem_match,True
sub-ccepAgeUMCU68,F34,L,G_orbital,UNK,unseen_or_ambiguous_to_UNK,False
sub-ccepAgeUMCU68,F35,L,S_orbital-H_Shaped,lh_S_orbital-H_Shaped,unique_hemi_stem_match,True
sub-ccepAgeUMCU68,F36,L,G_orbital,UNK,unseen_or_ambiguous_to_UNK,False
sub-ccepAgeUMCU68,F37,L,G_front_inf-Triangul,lh_G_front_inf-Triangul,unique_hemi_stem_match,True
sub-ccepAgeUMCU68,F38,L,G_front_inf-Triangul,lh_G_front_inf-Triangul,unique_hemi_stem_match,True
sub-ccepAgeUMCU68,F39,L,G_front_inf-Triangul,lh_G_front_inf-Triangul,unique_hemi_stem_match,True
sub-ccepAgeUMCU68,F40,L,G_front_inf-Triangul,lh_G_front_inf-Triangul,unique_hemi_stem_match,True
sub-ccepAgeUMCU68,F41,L,G_rectus,lh_G_rectus,unique_hemi_stem_match,True
sub-ccepAgeUMCU68,F42,L,G_orbital,UNK,unseen_or_ambiguous_to_UNK,False
sub-ccepAgeUMCU68,F43,L,G_orbital,UNK,unseen_or_ambiguous_to_UNK,False
sub-ccepAgeUMCU68,F44,L,G_orbital,UNK,unseen_or_ambiguous_to_UNK,False
sub-ccepAgeUMCU68,F45,L,G_orbital,UNK,unseen_or_ambiguous_to_UNK,False
sub-ccepAgeUMCU68,F46,L,G_front_inf-Triangul,lh_G_front_inf-Triangul,unique_hemi_stem_match,True
sub-ccepAgeUMCU68,F47,L,G_front_inf-Triangul,lh_G_front_inf-Triangul,unique_hemi_stem_match,True
sub-ccepAgeUMCU68,F48,L,G_front_inf-Opercular,UNK,unseen_or_ambiguous_to_UNK,False
sub-ccepAgeUMCU68,thor+,,,UNK,unseen_or_ambiguous_to_UNK,False
sub-ccepAgeUMCU68,abdo+,,,UNK,unseen_or_ambiguous_to_UNK,False
sub-ccepAgeUMCU68,xyz+,,,UNK,unseen_or_ambiguous_to_UNK,False
sub-ccepAgeUMCU68,MKR+,,,UNK,unseen_or_ambiguous_to_UNK,False
sub-ccepAgeUMCU69,T01,L,G_orbital,UNK,unseen_or_ambiguous_to_UNK,False
sub-ccepAgeUMCU69,T02,L,G_front_inf-Triangul,lh_G_front_inf-Triangul,unique_hemi_stem_match,True
sub-ccepAgeUMCU69,T03,L,G_temp_sup-Plan_polar,UNK,unseen_or_ambiguous_to_UNK,False
sub-ccepAgeUMCU69,T04,L,G_temp_sup-G_T_transv,UNK,unseen_or_ambiguous_to_UNK,False
sub-ccepAgeUMCU69,T05,L,G_temp_sup-Lateral,lh_G_temp_sup-Lateral,unique_hemi_stem_match,True
sub-ccepAgeUMCU69,T06,L,G_temp_sup-Lateral,lh_G_temp_sup-Lateral,unique_hemi_stem_match,True
sub-ccepAgeUMCU69,T07,L,G_pariet_inf-Supramar,lh_G_pariet_inf-Supramar,unique_hemi_stem_match,True
sub-ccepAgeUMCU69,T08,L,G_temp_sup-Plan_tempo,lh_G_temp_sup-Plan_tempo,unique_hemi_stem_match,True
sub-ccepAgeUMCU69,T09,L,G_insular_short,lh_G_insular_short,unique_hemi_stem_match,True
sub-ccepAgeUMCU69,T10,L,G_Ins_lg&S_cent_ins,lh_G_Ins_lg&S_cent_ins,unique_hemi_stem_match,True
sub-ccepAgeUMCU69,T11,L,G_temp_sup-Lateral,lh_G_temp_sup-Lateral,unique_hemi_stem_match,True
sub-ccepAgeUMCU69,T12,L,G_temp_sup-Lateral,lh_G_temp_sup-Lateral,unique_hemi_stem_match,True
sub-ccepAgeUMCU69,T13,L,G_temp_sup-Lateral,lh_G_temp_sup-Lateral,unique_hemi_stem_match,True
sub-ccepAgeUMCU69,T14,L,G_temp_sup-Lateral,lh_G_temp_sup-Lateral,unique_hemi_stem_match,True
sub-ccepAgeUMCU69,T15,L,S_temporal_sup,lh_S_temporal_sup,unique_hemi_stem_match,True
sub-ccepAgeUMCU69,T16,L,G_temp_sup-Lateral,lh_G_temp_sup-Lateral,unique_hemi_stem_match,True
sub-ccepAgeUMCU69,T17,L,G_temp_sup-Plan_polar,UNK,unseen_or_ambiguous_to_UNK,False
sub-ccepAgeUMCU69,T18,L,Pole_temporal,UNK,unseen_or_ambiguous_to_UNK,False
sub-ccepAgeUMCU69,T19,L,Pole_temporal,UNK,unseen_or_ambiguous_to_UNK,False
sub-ccepAgeUMCU69,T20,L,G_temp_sup-Lateral,lh_G_temp_sup-Lateral,unique_hemi_stem_match,True
sub-ccepAgeUMCU69,T21,L,G_temp_sup-Lateral,lh_G_temp_sup-Lateral,unique_hemi_stem_match,True
sub-ccepAgeUMCU69,T22,L,G_temporal_middle,lh_G_temporal_middle,unique_hemi_stem_match,True
sub-ccepAgeUMCU69,T23,L,S_temporal_sup,lh_S_temporal_sup,unique_hemi_stem_match,True
sub-ccepAgeUMCU69,T24,L,G_temporal_middle,lh_G_temporal_middle,unique_hemi_stem_match,True
sub-ccepAgeUMCU69,T25,L,Pole_temporal,UNK,unseen_or_ambiguous_to_UNK,False
sub-ccepAgeUMCU69,T26,L,Pole_temporal,UNK,unseen_or_ambiguous_to_UNK,False
sub-ccepAgeUMCU69,T27,L,Pole_temporal,UNK,unseen_or_ambiguous_to_UNK,False
sub-ccepAgeUMCU69,T28,L,G_temporal_middle,lh_G_temporal_middle,unique_hemi_stem_match,True
sub-ccepAgeUMCU69,T29,L,G_temporal_middle,lh_G_temporal_middle,unique_hemi_stem_match,True
sub-ccepAgeUMCU69,T30,L,G_temporal_middle,lh_G_temporal_middle,unique_hemi_stem_match,True
sub-ccepAgeUMCU69,T31,L,G_temporal_middle,lh_G_temporal_middle,unique_hemi_stem_match,True
sub-ccepAgeUMCU69,T32,L,G_temporal_middle,lh_G_temporal_middle,unique_hemi_stem_match,True
sub-ccepAgeUMCU69,T33,L,G&S_occipital_inf,UNK,unseen_or_ambiguous_to_UNK,False
sub-ccepAgeUMCU69,T34,L,G&S_occipital_inf,UNK,unseen_or_ambiguous_to_UNK,False
sub-ccepAgeUMCU69,T35,L,G_oc-temp_lat-fusifor,UNK,unseen_or_ambiguous_to_UNK,False
sub-ccepAgeUMCU69,T36,L,G_temporal_inf,lh_G_temporal_inf,unique_hemi_stem_match,True
sub-ccepAgeUMCU69,T37,L,G_temporal_inf,lh_G_temporal_inf,unique_hemi_stem_match,True
sub-ccepAgeUMCU69,T38,L,G_temporal_middle,lh_G_temporal_middle,unique_hemi_stem_match,True
sub-ccepAgeUMCU69,T39,L,S_temporal_sup,lh_S_temporal_sup,unique_hemi_stem_match,True
sub-ccepAgeUMCU69,T40,L,S_temporal_sup,lh_S_temporal_sup,unique_hemi_stem_match,True
sub-ccepAgeUMCU69,T41,L,G&S_occipital_inf,UNK,unseen_or_ambiguous_to_UNK,False
sub-ccepAgeUMCU69,T42,L,G&S_occipital_inf,UNK,unseen_or_ambiguous_to_UNK,False
sub-ccepAgeUMCU69,T43,L,S_occipital_ant,UNK,unseen_or_ambiguous_to_UNK,False
sub-ccepAgeUMCU69,T44,L,G_temporal_inf,lh_G_temporal_inf,unique_hemi_stem_match,True
sub-ccepAgeUMCU69,T45,L,G_temporal_middle,lh_G_temporal_middle,unique_hemi_stem_match,True
sub-ccepAgeUMCU69,T46,L,G_temporal_middle,lh_G_temporal_middle,unique_hemi_stem_match,True
sub-ccepAgeUMCU69,T47,L,G_temporal_middle,lh_G_temporal_middle,unique_hemi_stem_match,True
sub-ccepAgeUMCU69,T48,L,G_temp_sup-Lateral,lh_G_temp_sup-Lateral,unique_hemi_stem_match,True
sub-ccepAgeUMCU69,T49,L,Pole_occipital,UNK,unseen_or_ambiguous_to_UNK,False
sub-ccepAgeUMCU69,T50,L,G_occipital_middle,UNK,unseen_or_ambiguous_to_UNK,False
sub-ccepAgeUMCU69,T51,L,G_occipital_middle,UNK,unseen_or_ambiguous_to_UNK,False
sub-ccepAgeUMCU69,T52,L,G_temporal_inf,lh_G_temporal_inf,unique_hemi_stem_match,True
sub-ccepAgeUMCU69,T53,L,G_temporal_middle,lh_G_temporal_middle,unique_hemi_stem_match,True
sub-ccepAgeUMCU69,T54,L,G_pariet_inf-Angular,UNK,unseen_or_ambiguous_to_UNK,False
sub-ccepAgeUMCU69,T55,L,G_pariet_inf-Supramar,lh_G_pariet_inf-Supramar,unique_hemi_stem_match,True
sub-ccepAgeUMCU69,T56,L,G_pariet_inf-Supramar,lh_G_pariet_inf-Supramar,unique_hemi_stem_match,True
sub-ccepAgeUMCU69,T57,L,G_occipital_middle,UNK,unseen_or_ambiguous_to_UNK,False
sub-ccepAgeUMCU69,T58,L,G_occipital_middle,UNK,unseen_or_ambiguous_to_UNK,False
sub-ccepAgeUMCU69,T59,L,G_occipital_middle,UNK,unseen_or_ambiguous_to_UNK,False
sub-ccepAgeUMCU69,T60,L,G_occipital_middle,UNK,unseen_or_ambiguous_to_UNK,False
sub-ccepAgeUMCU69,T61,L,G_temporal_middle,lh_G_temporal_middle,unique_hemi_stem_match,True
sub-ccepAgeUMCU69,T62,L,S_temporal_sup,lh_S_temporal_sup,unique_hemi_stem_match,True
sub-ccepAgeUMCU69,T63,L,G_pariet_inf-Angular,UNK,unseen_or_ambiguous_to_UNK,False
sub-ccepAgeUMCU69,T64,L,G_pariet_inf-Supramar,lh_G_pariet_inf-Supramar,unique_hemi_stem_match,True
sub-ccepAgeUMCU69,MKR1+,,,UNK,unseen_or_ambiguous_to_UNK,False
sub-ccepAgeUMCU69,xx01,,,UNK,unseen_or_ambiguous_to_UNK,False
sub-ccepAgeUMCU69,xx02,,,UNK,unseen_or_ambiguous_to_UNK,False
sub-ccepAgeUMCU69,xx03,,,UNK,unseen_or_ambiguous_to_UNK,False
sub-ccepAgeUMCU69,xx04,,,UNK,unseen_or_ambiguous_to_UNK,False
sub-ccepAgeUMCU69,xx05,,,UNK,unseen_or_ambiguous_to_UNK,False
sub-ccepAgeUMCU69,xx06,,,UNK,unseen_or_ambiguous_to_UNK,False
sub-ccepAgeUMCU69,xx07,,,UNK,unseen_or_ambiguous_to_UNK,False
sub-ccepAgeUMCU69,xx08,,,UNK,unseen_or_ambiguous_to_UNK,False
sub-ccepAgeUMCU69,xx09,,,UNK,unseen_or_ambiguous_to_UNK,False
sub-ccepAgeUMCU69,xx10,,,UNK,unseen_or_ambiguous_to_UNK,False
sub-ccepAgeUMCU69,xx11,,,UNK,unseen_or_ambiguous_to_UNK,False
sub-ccepAgeUMCU69,xx12,,,UNK,unseen_or_ambiguous_to_UNK,False
sub-ccepAgeUMCU69,xx13,,,UNK,unseen_or_ambiguous_to_UNK,False
sub-ccepAgeUMCU69,xx14,,,UNK,unseen_or_ambiguous_to_UNK,False
sub-ccepAgeUMCU69,xx15,,,UNK,unseen_or_ambiguous_to_UNK,False
sub-ccepAgeUMCU69,xx16,,,UNK,unseen_or_ambiguous_to_UNK,False
sub-ccepAgeUMCU69,Oc1,L,G_oc-temp_med-Lingual,UNK,unseen_or_ambiguous_to_UNK,False
sub-ccepAgeUMCU69,Oc2,L,G_oc-temp_med-Lingual,UNK,unseen_or_ambiguous_to_UNK,False
sub-ccepAgeUMCU69,Oc3,L,G_oc-temp_med-Lingual,UNK,unseen_or_ambiguous_to_UNK,False
sub-ccepAgeUMCU69,Oc4,L,G_oc-temp_med-Lingual,UNK,unseen_or_ambiguous_to_UNK,False
sub-ccepAgeUMCU69,Oc5,L,G&S_occipital_inf,UNK,unseen_or_ambiguous_to_UNK,False
sub-ccepAgeUMCU69,Oc6,L,G_oc-temp_lat-fusifor,UNK,unseen_or_ambiguous_to_UNK,False
sub-ccepAgeUMCU69,Oc7,L,G_oc-temp_lat-fusifor,UNK,unseen_or_ambiguous_to_UNK,False
sub-ccepAgeUMCU69,Oc8,L,G_temporal_inf,lh_G_temporal_inf,unique_hemi_stem_match,True
sub-ccepAgeUMCU69,AH+,,,UNK,unseen_or_ambiguous_to_UNK,False
sub-ccepAgeUMCU69,ECG+,,,UNK,unseen_or_ambiguous_to_UNK,False
sub-ccepAgeUMCU69,orb+,,,UNK,unseen_or_ambiguous_to_UNK,False
sub-ccepAgeUMCU69,emg1+,,,UNK,unseen_or_ambiguous_to_UNK,False
sub-ccepAgeUMCU69,EMG2,,,UNK,unseen_or_ambiguous_to_UNK,False
sub-ccepAgeUMCU69,el094,,,UNK,unseen_or_ambiguous_to_UNK,False
sub-ccepAgeUMCU69,el095,,,UNK,unseen_or_ambiguous_to_UNK,False
sub-ccepAgeUMCU69,el096,,,UNK,unseen_or_ambiguous_to_UNK,False
sub-ccepAgeUMCU69,vT1,L,G_oc-temp_med-Parahip,lh_G_oc-temp_med-Parahip,unique_hemi_stem_match,True
sub-ccepAgeUMCU69,vT2,L,G_oc-temp_med-Parahip,lh_G_oc-temp_med-Parahip,unique_hemi_stem_match,True
sub-ccepAgeUMCU69,vT3,L,G_oc-temp_med-Parahip,lh_G_oc-temp_med-Parahip,unique_hemi_stem_match,True
sub-ccepAgeUMCU69,vT4,L,G_temp_sup-Plan_polar,UNK,unseen_or_ambiguous_to_UNK,False
sub-ccepAgeUMCU69,vT5,L,Pole_temporal,UNK,unseen_or_ambiguous_to_UNK,False
sub-ccepAgeUMCU69,vT6,L,G_orbital,UNK,unseen_or_ambiguous_to_UNK,False
sub-ccepAgeUMCU69,vT7,L,G_orbital,UNK,unseen_or_ambiguous_to_UNK,False
sub-ccepAgeUMCU69,vT8,L,G_orbital,UNK,unseen_or_ambiguous_to_UNK,False
sub-ccepAgeUMCU69,sTv1,L,G_temp_sup-Plan_polar,UNK,unseen_or_ambiguous_to_UNK,False
sub-ccepAgeUMCU69,sTv2,L,Pole_temporal,UNK,unseen_or_ambiguous_to_UNK,False
sub-ccepAgeUMCU69,sTv3,L,Pole_temporal,UNK,unseen_or_ambiguous_to_UNK,False
sub-ccepAgeUMCU69,sTv4,L,Pole_temporal,UNK,unseen_or_ambiguous_to_UNK,False
sub-ccepAgeUMCU69,sTv5,L,Pole_temporal,UNK,unseen_or_ambiguous_to_UNK,False
sub-ccepAgeUMCU69,sTv6,L,G_temporal_inf,lh_G_temporal_inf,unique_hemi_stem_match,True
sub-ccepAgeUMCU69,sTv7,L,G_temporal_middle,lh_G_temporal_middle,unique_hemi_stem_match,True
sub-ccepAgeUMCU69,sTv8,L,G_temporal_middle,lh_G_temporal_middle,unique_hemi_stem_match,True
sub-ccepAgeUMCU69,sTm1,L,S_collat_transv_ant,UNK,unseen_or_ambiguous_to_UNK,False
sub-ccepAgeUMCU69,sTm2,L,G_temporal_inf,lh_G_temporal_inf,unique_hemi_stem_match,True
sub-ccepAgeUMCU69,sTm3,L,G_temporal_inf,lh_G_temporal_inf,unique_hemi_stem_match,True
sub-ccepAgeUMCU69,sTm4,L,G_temporal_inf,lh_G_temporal_inf,unique_hemi_stem_match,True
sub-ccepAgeUMCU69,sTm5,L,G_temporal_inf,lh_G_temporal_inf,unique_hemi_stem_match,True
sub-ccepAgeUMCU69,sTm6,L,G_temporal_middle,lh_G_temporal_middle,unique_hemi_stem_match,True
sub-ccepAgeUMCU69,sTm7,L,G_temporal_middle,lh_G_temporal_middle,unique_hemi_stem_match,True
sub-ccepAgeUMCU69,sTm8,L,S_temporal_sup,lh_S_temporal_sup,unique_hemi_stem_match,True
sub-ccepAgeUMCU69,sTa1,L,G_oc-temp_med-Lingual,UNK,unseen_or_ambiguous_to_UNK,False
sub-ccepAgeUMCU69,sTa2,L,G_oc-temp_med-Lingual,UNK,unseen_or_ambiguous_to_UNK,False
sub-ccepAgeUMCU69,sTa3,L,G_oc-temp_med-Lingual,UNK,unseen_or_ambiguous_to_UNK,False
sub-ccepAgeUMCU69,sTa4,L,G_oc-temp_lat-fusifor,UNK,unseen_or_ambiguous_to_UNK,False
sub-ccepAgeUMCU69,sTa5,L,G_temporal_inf,lh_G_temporal_inf,unique_hemi_stem_match,True
sub-ccepAgeUMCU69,sTa6,L,G_temporal_inf,lh_G_temporal_inf,unique_hemi_stem_match,True
sub-ccepAgeUMCU69,sTa7,L,G_temporal_inf,lh_G_temporal_inf,unique_hemi_stem_match,True
sub-ccepAgeUMCU69,sTa8,L,G_temporal_inf,lh_G_temporal_inf,unique_hemi_stem_match,True
sub-ccepAgeUMCU69,thor+,,,UNK,unseen_or_ambiguous_to_UNK,False
sub-ccepAgeUMCU69,abdo+,,,UNK,unseen_or_ambiguous_to_UNK,False
sub-ccepAgeUMCU69,xyz+,,,UNK,unseen_or_ambiguous_to_UNK,False
sub-ccepAgeUMCU69,MKR2+,,,UNK,unseen_or_ambiguous_to_UNK,False
sub-ccepAgeUMCU70,C01,R,G_front_inf-Opercular,UNK,unseen_or_ambiguous_to_UNK,False
sub-ccepAgeUMCU70,C02,R,G_precentral,rh_G_precentral,unique_hemi_stem_match,True
sub-ccepAgeUMCU70,C03,R,G_postcentral,rh_G_postcentral,unique_hemi_stem_match,True
sub-ccepAgeUMCU70,C04,R,G_pariet_inf-Supramar,rh_G_pariet_inf-Supramar,unique_hemi_stem_match,True
sub-ccepAgeUMCU70,C05,R,G_pariet_inf-Supramar,rh_G_pariet_inf-Supramar,unique_hemi_stem_match,True
sub-ccepAgeUMCU70,C06,R,G_pariet_inf-Supramar,rh_G_pariet_inf-Supramar,unique_hemi_stem_match,True
sub-ccepAgeUMCU70,C07,R,G_pariet_inf-Angular,rh_G_pariet_inf-Angular,unique_hemi_stem_match,True
sub-ccepAgeUMCU70,C08,R,G_pariet_inf-Angular,rh_G_pariet_inf-Angular,unique_hemi_stem_match,True
sub-ccepAgeUMCU70,C09,R,G_front_middle,rh_G_front_middle,unique_hemi_stem_match,True
sub-ccepAgeUMCU70,C10,R,G_precentral,rh_G_precentral,unique_hemi_stem_match,True
sub-ccepAgeUMCU70,C11,R,G_postcentral,rh_G_postcentral,unique_hemi_stem_match,True
sub-ccepAgeUMCU70,C12,R,G_pariet_inf-Supramar,rh_G_pariet_inf-Supramar,unique_hemi_stem_match,True
sub-ccepAgeUMCU70,C13,R,G_pariet_inf-Supramar,rh_G_pariet_inf-Supramar,unique_hemi_stem_match,True
sub-ccepAgeUMCU70,C14,R,G_pariet_inf-Supramar,rh_G_pariet_inf-Supramar,unique_hemi_stem_match,True
sub-ccepAgeUMCU70,C15,R,G_pariet_inf-Angular,rh_G_pariet_inf-Angular,unique_hemi_stem_match,True
sub-ccepAgeUMCU70,C16,R,G_pariet_inf-Angular,rh_G_pariet_inf-Angular,unique_hemi_stem_match,True
sub-ccepAgeUMCU70,C17,R,G_front_middle,rh_G_front_middle,unique_hemi_stem_match,True
sub-ccepAgeUMCU70,C18,R,G_precentral,rh_G_precentral,unique_hemi_stem_match,True
sub-ccepAgeUMCU70,C19,R,G_precentral,rh_G_precentral,unique_hemi_stem_match,True
sub-ccepAgeUMCU70,C20,R,G_postcentral,rh_G_postcentral,unique_hemi_stem_match,True
sub-ccepAgeUMCU70,C21,R,G_postcentral,rh_G_postcentral,unique_hemi_stem_match,True
sub-ccepAgeUMCU70,C22,R,G_pariet_inf-Angular,rh_G_pariet_inf-Angular,unique_hemi_stem_match,True
sub-ccepAgeUMCU70,C23,R,G_pariet_inf-Angular,rh_G_pariet_inf-Angular,unique_hemi_stem_match,True
sub-ccepAgeUMCU70,C24,R,G_pariet_inf-Angular,rh_G_pariet_inf-Angular,unique_hemi_stem_match,True
sub-ccepAgeUMCU70,ECG+,,,UNK,unseen_or_ambiguous_to_UNK,False
sub-ccepAgeUMCU70,AH+,,,UNK,unseen_or_ambiguous_to_UNK,False
sub-ccepAgeUMCU70,orb+,,,UNK,unseen_or_ambiguous_to_UNK,False
sub-ccepAgeUMCU70,PNG1+,,,UNK,unseen_or_ambiguous_to_UNK,False
sub-ccepAgeUMCU70,PNG2+,,,UNK,unseen_or_ambiguous_to_UNK,False
sub-ccepAgeUMCU70,PNG3+,,,UNK,unseen_or_ambiguous_to_UNK,False
sub-ccepAgeUMCU70,ECG1+,,,UNK,unseen_or_ambiguous_to_UNK,False
sub-ccepAgeUMCU70,ECG2+,,,UNK,unseen_or_ambiguous_to_UNK,False
sub-ccepAgeUMCU70,C25,R,S_front_sup,rh_S_front_sup,unique_hemi_stem_match,True
sub-ccepAgeUMCU70,C26,R,G_precentral,rh_G_precentral,unique_hemi_stem_match,True
sub-ccepAgeUMCU70,C27,R,G_precentral,rh_G_precentral,unique_hemi_stem_match,True
sub-ccepAgeUMCU70,C28,R,G_precentral,rh_G_precentral,unique_hemi_stem_match,True
sub-ccepAgeUMCU70,C29,R,G_postcentral,rh_G_postcentral,unique_hemi_stem_match,True
sub-ccepAgeUMCU70,C30,R,G_postcentral,rh_G_postcentral,unique_hemi_stem_match,True
sub-ccepAgeUMCU70,C31,R,S_intrapariet&P_trans,rh_S_intrapariet&P_trans,unique_hemi_stem_match,True
sub-ccepAgeUMCU70,C32,R,G_parietal_sup,rh_G_parietal_sup,unique_hemi_stem_match,True
sub-ccepAgeUMCU70,C33,R,G_front_sup,rh_G_front_sup,unique_hemi_stem_match,True
sub-ccepAgeUMCU70,C34,R,S_front_sup,rh_S_front_sup,unique_hemi_stem_match,True
sub-ccepAgeUMCU70,C35,R,G_precentral,rh_G_precentral,unique_hemi_stem_match,True
sub-ccepAgeUMCU70,C36,R,G_precentral,rh_G_precentral,unique_hemi_stem_match,True
sub-ccepAgeUMCU70,C37,R,G_postcentral,rh_G_postcentral,unique_hemi_stem_match,True
sub-ccepAgeUMCU70,C38,R,G_postcentral,rh_G_postcentral,unique_hemi_stem_match,True
sub-ccepAgeUMCU70,C39,R,G_parietal_sup,rh_G_parietal_sup,unique_hemi_stem_match,True
sub-ccepAgeUMCU70,C40,R,G_parietal_sup,rh_G_parietal_sup,unique_hemi_stem_match,True
sub-ccepAgeUMCU70,C41,R,G_front_sup,rh_G_front_sup,unique_hemi_stem_match,True
sub-ccepAgeUMCU70,C42,R,G_front_sup,rh_G_front_sup,unique_hemi_stem_match,True
sub-ccepAgeUMCU70,C43,R,G_front_sup,rh_G_front_sup,unique_hemi_stem_match,True
sub-ccepAgeUMCU70,C44,R,G&S_paracentral,UNK,unseen_or_ambiguous_to_UNK,False
sub-ccepAgeUMCU70,C45,R,G_postcentral,rh_G_postcentral,unique_hemi_stem_match,True
sub-ccepAgeUMCU70,C46,R,G_postcentral,rh_G_postcentral,unique_hemi_stem_match,True
sub-ccepAgeUMCU70,C47,R,G_parietal_sup,rh_G_parietal_sup,unique_hemi_stem_match,True
sub-ccepAgeUMCU70,C48,R,G_parietal_sup,rh_G_parietal_sup,unique_hemi_stem_match,True
sub-ccepAgeUMCU70,IH1,R,S_subparietal,rh_S_subparietal,unique_hemi_stem_match,True
sub-ccepAgeUMCU70,IH2,R,G_precuneus,rh_G_precuneus,unique_hemi_stem_match,True
sub-ccepAgeUMCU70,IH3,R,G&S_paracentral,UNK,unseen_or_ambiguous_to_UNK,False
sub-ccepAgeUMCU70,IH4,R,G&S_paracentral,UNK,unseen_or_ambiguous_to_UNK,False
sub-ccepAgeUMCU70,IH5,R,G&S_paracentral,UNK,unseen_or_ambiguous_to_UNK,False
sub-ccepAgeUMCU70,IH6,R,G&S_paracentral,UNK,unseen_or_ambiguous_to_UNK,False
sub-ccepAgeUMCU70,IH7,R,G_precentral,rh_G_precentral,unique_hemi_stem_match,True
sub-ccepAgeUMCU70,IH8,R,G_precentral,rh_G_precentral,unique_hemi_stem_match,True
sub-ccepAgeUMCU70,thor+,,,UNK,unseen_or_ambiguous_to_UNK,False
sub-ccepAgeUMCU70,abdo+,,,UNK,unseen_or_ambiguous_to_UNK,False
sub-ccepAgeUMCU70,xyz+,,,UNK,unseen_or_ambiguous_to_UNK,False
sub-ccepAgeUMCU70,MKR+,,,UNK,unseen_or_ambiguous_to_UNK,False
sub-ccepAgeUMCU71,C01,R,G_front_inf-Opercular,UNK,unseen_or_ambiguous_to_UNK,False
sub-ccepAgeUMCU71,C02,R,G_front_inf-Opercular,UNK,unseen_or_ambiguous_to_UNK,False
sub-ccepAgeUMCU71,C03,R,G_front_inf-Opercular,UNK,unseen_or_ambiguous_to_UNK,False
sub-ccepAgeUMCU71,C04,R,G&S_subcentral,UNK,unseen_or_ambiguous_to_UNK,False
sub-ccepAgeUMCU71,C05,R,G&S_subcentral,UNK,unseen_or_ambiguous_to_UNK,False
sub-ccepAgeUMCU71,C06,R,G_pariet_inf-Supramar,rh_G_pariet_inf-Supramar,unique_hemi_stem_match,True
sub-ccepAgeUMCU71,C07,R,G_pariet_inf-Supramar,rh_G_pariet_inf-Supramar,unique_hemi_stem_match,True
sub-ccepAgeUMCU71,C08,R,G_pariet_inf-Supramar,rh_G_pariet_inf-Supramar,unique_hemi_stem_match,True
sub-ccepAgeUMCU71,C09,R,G_front_inf-Opercular,UNK,unseen_or_ambiguous_to_UNK,False
sub-ccepAgeUMCU71,C10,R,G_front_inf-Opercular,UNK,unseen_or_ambiguous_to_UNK,False
sub-ccepAgeUMCU71,C11,R,G_precentral,rh_G_precentral,unique_hemi_stem_match,True
sub-ccepAgeUMCU71,C12,R,G_precentral,rh_G_precentral,unique_hemi_stem_match,True
sub-ccepAgeUMCU71,C13,R,G_postcentral,rh_G_postcentral,unique_hemi_stem_match,True
sub-ccepAgeUMCU71,C14,R,G_postcentral,rh_G_postcentral,unique_hemi_stem_match,True
sub-ccepAgeUMCU71,C15,R,G_pariet_inf-Supramar,rh_G_pariet_inf-Supramar,unique_hemi_stem_match,True
sub-ccepAgeUMCU71,C16,R,G_pariet_inf-Supramar,rh_G_pariet_inf-Supramar,unique_hemi_stem_match,True
sub-ccepAgeUMCU71,C17,R,G_front_inf-Opercular,UNK,unseen_or_ambiguous_to_UNK,False
sub-ccepAgeUMCU71,C18,R,S_front_inf,rh_S_front_inf,unique_hemi_stem_match,True
sub-ccepAgeUMCU71,C19,R,G_precentral,rh_G_precentral,unique_hemi_stem_match,True
sub-ccepAgeUMCU71,C20,R,G_precentral,rh_G_precentral,unique_hemi_stem_match,True
sub-ccepAgeUMCU71,C21,R,G_precentral,rh_G_precentral,unique_hemi_stem_match,True
sub-ccepAgeUMCU71,C22,R,G_postcentral,rh_G_postcentral,unique_hemi_stem_match,True
sub-ccepAgeUMCU71,C23,R,G_pariet_inf-Supramar,rh_G_pariet_inf-Supramar,unique_hemi_stem_match,True
sub-ccepAgeUMCU71,C24,R,G_pariet_inf-Supramar,rh_G_pariet_inf-Supramar,unique_hemi_stem_match,True
sub-ccepAgeUMCU71,ECG+,,,UNK,unseen_or_ambiguous_to_UNK,False
sub-ccepAgeUMCU71,AH+,,,UNK,unseen_or_ambiguous_to_UNK,False
sub-ccepAgeUMCU71,orb+,,,UNK,unseen_or_ambiguous_to_UNK,False
sub-ccepAgeUMCU71,emg1+,,,UNK,unseen_or_ambiguous_to_UNK,False
sub-ccepAgeUMCU71,emg2+,,,UNK,unseen_or_ambiguous_to_UNK,False
sub-ccepAgeUMCU71,emg3+,,,UNK,unseen_or_ambiguous_to_UNK,False
sub-ccepAgeUMCU71,ECG1+,,,UNK,unseen_or_ambiguous_to_UNK,False
sub-ccepAgeUMCU71,ECG2+,,,UNK,unseen_or_ambiguous_to_UNK,False
sub-ccepAgeUMCU71,C25,R,G_front_middle,rh_G_front_middle,unique_hemi_stem_match,True
sub-ccepAgeUMCU71,C26,R,G_front_middle,rh_G_front_middle,unique_hemi_stem_match,True
sub-ccepAgeUMCU71,C27,R,S_precentral-inf-part,rh_S_precentral-inf-part,unique_hemi_stem_match,True
sub-ccepAgeUMCU71,C28,R,G_precentral,rh_G_precentral,unique_hemi_stem_match,True
sub-ccepAgeUMCU71,C29,R,G_precentral,rh_G_precentral,unique_hemi_stem_match,True
sub-ccepAgeUMCU71,C30,R,G_postcentral,rh_G_postcentral,unique_hemi_stem_match,True
sub-ccepAgeUMCU71,C31,R,G_postcentral,rh_G_postcentral,unique_hemi_stem_match,True
sub-ccepAgeUMCU71,C32,R,G_pariet_inf-Supramar,rh_G_pariet_inf-Supramar,unique_hemi_stem_match,True
sub-ccepAgeUMCU71,C33,R,G_front_middle,rh_G_front_middle,unique_hemi_stem_match,True
sub-ccepAgeUMCU71,C34,R,G_front_middle,rh_G_front_middle,unique_hemi_stem_match,True
sub-ccepAgeUMCU71,C35,R,S_precentral-inf-part,rh_S_precentral-inf-part,unique_hemi_stem_match,True
sub-ccepAgeUMCU71,C36,R,G_precentral,rh_G_precentral,unique_hemi_stem_match,True
sub-ccepAgeUMCU71,C37,R,G_precentral,rh_G_precentral,unique_hemi_stem_match,True
sub-ccepAgeUMCU71,C38,R,G_postcentral,rh_G_postcentral,unique_hemi_stem_match,True
sub-ccepAgeUMCU71,C39,R,G_postcentral,rh_G_postcentral,unique_hemi_stem_match,True
sub-ccepAgeUMCU71,C40,R,G_parietal_sup,rh_G_parietal_sup,unique_hemi_stem_match,True
sub-ccepAgeUMCU71,C41,R,G_front_middle,rh_G_front_middle,unique_hemi_stem_match,True
sub-ccepAgeUMCU71,C42,R,G_front_middle,rh_G_front_middle,unique_hemi_stem_match,True
sub-ccepAgeUMCU71,C43,R,G_front_middle,rh_G_front_middle,unique_hemi_stem_match,True
sub-ccepAgeUMCU71,C44,R,G_front_middle,rh_G_front_middle,unique_hemi_stem_match,True
sub-ccepAgeUMCU71,C45,R,G_precentral,rh_G_precentral,unique_hemi_stem_match,True
sub-ccepAgeUMCU71,C46,R,G_precentral,rh_G_precentral,unique_hemi_stem_match,True
sub-ccepAgeUMCU71,C47,R,G_parietal_sup,rh_G_parietal_sup,unique_hemi_stem_match,True
sub-ccepAgeUMCU71,C48,R,G_parietal_sup,rh_G_parietal_sup,unique_hemi_stem_match,True
sub-ccepAgeUMCU71,C49,R,G_front_middle,rh_G_front_middle,unique_hemi_stem_match,True
sub-ccepAgeUMCU71,C50,R,G_front_middle,rh_G_front_middle,unique_hemi_stem_match,True
sub-ccepAgeUMCU71,C51,R,G_front_middle,rh_G_front_middle,unique_hemi_stem_match,True
sub-ccepAgeUMCU71,C52,R,S_front_sup,rh_S_front_sup,unique_hemi_stem_match,True
sub-ccepAgeUMCU71,C53,R,G_precentral,rh_G_precentral,unique_hemi_stem_match,True
sub-ccepAgeUMCU71,C54,R,G_postcentral,rh_G_postcentral,unique_hemi_stem_match,True
sub-ccepAgeUMCU71,C55,R,G_postcentral,rh_G_postcentral,unique_hemi_stem_match,True
sub-ccepAgeUMCU71,C56,R,G_parietal_sup,rh_G_parietal_sup,unique_hemi_stem_match,True
sub-ccepAgeUMCU71,thor+,,,UNK,unseen_or_ambiguous_to_UNK,False
sub-ccepAgeUMCU71,abdo+,,,UNK,unseen_or_ambiguous_to_UNK,False
sub-ccepAgeUMCU71,xyz+,,,UNK,unseen_or_ambiguous_to_UNK,False
sub-ccepAgeUMCU71,MKR+,,,UNK,unseen_or_ambiguous_to_UNK,False
sub-ccepAgeUMCU72,T01,L,G_front_inf-Triangul,lh_G_front_inf-Triangul,unique_hemi_stem_match,True
sub-ccepAgeUMCU72,T02,L,G&S_subcentral,UNK,unseen_or_ambiguous_to_UNK,False
sub-ccepAgeUMCU72,T03,L,G&S_subcentral,UNK,unseen_or_ambiguous_to_UNK,False
sub-ccepAgeUMCU72,T04,L,G&S_subcentral,UNK,unseen_or_ambiguous_to_UNK,False
sub-ccepAgeUMCU72,T05,L,G_pariet_inf-Supramar,lh_G_pariet_inf-Supramar,unique_hemi_stem_match,True
sub-ccepAgeUMCU72,T06,L,G_pariet_inf-Supramar,lh_G_pariet_inf-Supramar,unique_hemi_stem_match,True
sub-ccepAgeUMCU72,T07,L,G_pariet_inf-Supramar,lh_G_pariet_inf-Supramar,unique_hemi_stem_match,True
sub-ccepAgeUMCU72,T08,L,G_pariet_inf-Angular,UNK,unseen_or_ambiguous_to_UNK,False
sub-ccepAgeUMCU72,T09,L,G_temp_sup-Lateral,lh_G_temp_sup-Lateral,unique_hemi_stem_match,True
sub-ccepAgeUMCU72,T10,L,G_temp_sup-Lateral,lh_G_temp_sup-Lateral,unique_hemi_stem_match,True
sub-ccepAgeUMCU72,T11,L,G_temp_sup-Lateral,lh_G_temp_sup-Lateral,unique_hemi_stem_match,True
sub-ccepAgeUMCU72,T12,L,G_temp_sup-Lateral,lh_G_temp_sup-Lateral,unique_hemi_stem_match,True
sub-ccepAgeUMCU72,T13,L,G_temp_sup-Lateral,lh_G_temp_sup-Lateral,unique_hemi_stem_match,True
sub-ccepAgeUMCU72,T14,L,G_temp_sup-Lateral,lh_G_temp_sup-Lateral,unique_hemi_stem_match,True
sub-ccepAgeUMCU72,T15,L,G_pariet_inf-Supramar,lh_G_pariet_inf-Supramar,unique_hemi_stem_match,True
sub-ccepAgeUMCU72,T16,L,G_pariet_inf-Angular,UNK,unseen_or_ambiguous_to_UNK,False
sub-ccepAgeUMCU72,T17,L,G_temp_sup-Lateral,lh_G_temp_sup-Lateral,unique_hemi_stem_match,True
sub-ccepAgeUMCU72,T18,L,G_temp_sup-Lateral,lh_G_temp_sup-Lateral,unique_hemi_stem_match,True
sub-ccepAgeUMCU72,T19,L,S_temporal_sup,lh_S_temporal_sup,unique_hemi_stem_match,True
sub-ccepAgeUMCU72,T20,L,G_temp_sup-Lateral,lh_G_temp_sup-Lateral,unique_hemi_stem_match,True
sub-ccepAgeUMCU72,T21,L,G_temporal_middle,lh_G_temporal_middle,unique_hemi_stem_match,True
sub-ccepAgeUMCU72,T22,L,G_temporal_middle,lh_G_temporal_middle,unique_hemi_stem_match,True
sub-ccepAgeUMCU72,T23,L,G_temporal_middle,lh_G_temporal_middle,unique_hemi_stem_match,True
sub-ccepAgeUMCU72,T24,L,G_temporal_middle,lh_G_temporal_middle,unique_hemi_stem_match,True
sub-ccepAgeUMCU72,T25,L,G_temporal_middle,lh_G_temporal_middle,unique_hemi_stem_match,True
sub-ccepAgeUMCU72,T26,L,G_temporal_middle,lh_G_temporal_middle,unique_hemi_stem_match,True
sub-ccepAgeUMCU72,T27,L,G_temporal_middle,lh_G_temporal_middle,unique_hemi_stem_match,True
sub-ccepAgeUMCU72,T28,L,G_temporal_middle,lh_G_temporal_middle,unique_hemi_stem_match,True
sub-ccepAgeUMCU72,T29,L,G_temporal_middle,lh_G_temporal_middle,unique_hemi_stem_match,True
sub-ccepAgeUMCU72,T30,L,G_temporal_middle,lh_G_temporal_middle,unique_hemi_stem_match,True
sub-ccepAgeUMCU72,T31,L,G_temporal_inf,lh_G_temporal_inf,unique_hemi_stem_match,True
sub-ccepAgeUMCU72,T32,L,G_temporal_middle,lh_G_temporal_middle,unique_hemi_stem_match,True
sub-ccepAgeUMCU72,vT1,L,G_orbital,UNK,unseen_or_ambiguous_to_UNK,False
sub-ccepAgeUMCU72,vT2,L,G_orbital,UNK,unseen_or_ambiguous_to_UNK,False
sub-ccepAgeUMCU72,vT3,L,G_orbital,UNK,unseen_or_ambiguous_to_UNK,False
sub-ccepAgeUMCU72,vT4,L,G_orbital,UNK,unseen_or_ambiguous_to_UNK,False
sub-ccepAgeUMCU72,vT5,L,G_front_inf-Orbital,UNK,unseen_or_ambiguous_to_UNK,False
sub-ccepAgeUMCU72,vT6,L,G_temp_sup-Lateral,lh_G_temp_sup-Lateral,unique_hemi_stem_match,True
sub-ccepAgeUMCU72,vT7,L,G_front_inf-Opercular,UNK,unseen_or_ambiguous_to_UNK,False
sub-ccepAgeUMCU72,vT8,L,G_front_inf-Opercular,UNK,unseen_or_ambiguous_to_UNK,False
sub-ccepAgeUMCU72,sTv1,L,S_orbital_med-olfact,lh_S_orbital_med-olfact,unique_hemi_stem_match,True
sub-ccepAgeUMCU72,sTv2,L,G_oc-temp_med-Parahip,lh_G_oc-temp_med-Parahip,unique_hemi_stem_match,True
sub-ccepAgeUMCU72,sTv3,L,Pole_temporal,UNK,unseen_or_ambiguous_to_UNK,False
sub-ccepAgeUMCU72,sTv4,L,Pole_temporal,UNK,unseen_or_ambiguous_to_UNK,False
sub-ccepAgeUMCU72,sTv5,L,G_temporal_inf,lh_G_temporal_inf,unique_hemi_stem_match,True
sub-ccepAgeUMCU72,sTv6,L,G_temporal_inf,lh_G_temporal_inf,unique_hemi_stem_match,True
sub-ccepAgeUMCU72,sTv7,L,G_temporal_middle,lh_G_temporal_middle,unique_hemi_stem_match,True
sub-ccepAgeUMCU72,sTv8,L,S_temporal_sup,lh_S_temporal_sup,unique_hemi_stem_match,True
sub-ccepAgeUMCU72,x1,,,UNK,unseen_or_ambiguous_to_UNK,False
sub-ccepAgeUMCU72,x2,,,UNK,unseen_or_ambiguous_to_UNK,False
sub-ccepAgeUMCU72,x3,,,UNK,unseen_or_ambiguous_to_UNK,False
sub-ccepAgeUMCU72,x4,,,UNK,unseen_or_ambiguous_to_UNK,False
sub-ccepAgeUMCU72,sTm1,L,G_oc-temp_med-Parahip,lh_G_oc-temp_med-Parahip,unique_hemi_stem_match,True
sub-ccepAgeUMCU72,sTm2,L,G_oc-temp_lat-fusifor,UNK,unseen_or_ambiguous_to_UNK,False
sub-ccepAgeUMCU72,sTm3,L,S_collat_transv_ant,UNK,unseen_or_ambiguous_to_UNK,False
sub-ccepAgeUMCU72,sTm4,L,G_temporal_inf,lh_G_temporal_inf,unique_hemi_stem_match,True
sub-ccepAgeUMCU72,xx1,,,UNK,unseen_or_ambiguous_to_UNK,False
sub-ccepAgeUMCU72,xx2,,,UNK,unseen_or_ambiguous_to_UNK,False
sub-ccepAgeUMCU72,xx3,,,UNK,unseen_or_ambiguous_to_UNK,False
sub-ccepAgeUMCU72,xx4,,,UNK,unseen_or_ambiguous_to_UNK,False
sub-ccepAgeUMCU72,sTa1,L,G_oc-temp_med-Parahip,lh_G_oc-temp_med-Parahip,unique_hemi_stem_match,True
sub-ccepAgeUMCU72,sTa2,L,G_oc-temp_lat-fusifor,UNK,unseen_or_ambiguous_to_UNK,False
sub-ccepAgeUMCU72,sTa3,L,G_oc-temp_lat-fusifor,UNK,unseen_or_ambiguous_to_UNK,False
sub-ccepAgeUMCU72,sTa4,L,G_oc-temp_lat-fusifor,UNK,unseen_or_ambiguous_to_UNK,False
sub-ccepAgeUMCU72,MKR1+,,,UNK,unseen_or_ambiguous_to_UNK,False
sub-ccepAgeUMCU72,sTov1,L,G_precuneus,UNK,unseen_or_ambiguous_to_UNK,False
sub-ccepAgeUMCU72,sTov2,L,G_cingul-Post-ventral,lh_G_cingul-Post-ventral,unique_hemi_stem_match,True
sub-ccepAgeUMCU72,sTov3,L,G_oc-temp_med-Lingual,UNK,unseen_or_ambiguous_to_UNK,False
sub-ccepAgeUMCU72,sTov4,L,G_oc-temp_med-Lingual,UNK,unseen_or_ambiguous_to_UNK,False
sub-ccepAgeUMCU72,sTov5,L,G_oc-temp_lat-fusifor,UNK,unseen_or_ambiguous_to_UNK,False
sub-ccepAgeUMCU72,sTov6,L,G_oc-temp_lat-fusifor,UNK,unseen_or_ambiguous_to_UNK,False
sub-ccepAgeUMCU72,sTov7,L,G_oc-temp_lat-fusifor,UNK,unseen_or_ambiguous_to_UNK,False
sub-ccepAgeUMCU72,sTov8,L,G_temporal_inf,lh_G_temporal_inf,unique_hemi_stem_match,True
sub-ccepAgeUMCU72,sToa1,L,G&S_occipital_inf,UNK,unseen_or_ambiguous_to_UNK,False
sub-ccepAgeUMCU72,sToa2,L,G&S_occipital_inf,UNK,unseen_or_ambiguous_to_UNK,False
sub-ccepAgeUMCU72,sToa3,L,G_occipital_middle,UNK,unseen_or_ambiguous_to_UNK,False
sub-ccepAgeUMCU72,sToa4,L,G_pariet_inf-Angular,UNK,unseen_or_ambiguous_to_UNK,False
sub-ccepAgeUMCU72,sToa5,L,G_occipital_middle,UNK,unseen_or_ambiguous_to_UNK,False
sub-ccepAgeUMCU72,sToa6,L,G_occipital_middle,UNK,unseen_or_ambiguous_to_UNK,False
sub-ccepAgeUMCU72,sToa7,L,G_occipital_middle,UNK,unseen_or_ambiguous_to_UNK,False
sub-ccepAgeUMCU72,sToa8,L,G_pariet_inf-Angular,UNK,unseen_or_ambiguous_to_UNK,False
sub-ccepAgeUMCU72,xxx1,,,UNK,unseen_or_ambiguous_to_UNK,False
sub-ccepAgeUMCU72,xxx2,,,UNK,unseen_or_ambiguous_to_UNK,False
sub-ccepAgeUMCU72,xxx3,,,UNK,unseen_or_ambiguous_to_UNK,False
sub-ccepAgeUMCU72,xxx4,,,UNK,unseen_or_ambiguous_to_UNK,False
sub-ccepAgeUMCU72,x5,,,UNK,unseen_or_ambiguous_to_UNK,False
sub-ccepAgeUMCU72,x6,,,UNK,unseen_or_ambiguous_to_UNK,False
sub-ccepAgeUMCU72,x7,,,UNK,unseen_or_ambiguous_to_UNK,False
sub-ccepAgeUMCU72,x8,,,UNK,unseen_or_ambiguous_to_UNK,False
sub-ccepAgeUMCU72,ah+,,,UNK,unseen_or_ambiguous_to_UNK,False
sub-ccepAgeUMCU72,ecg+,,,UNK,unseen_or_ambiguous_to_UNK,False
sub-ccepAgeUMCU72,orb+,,,UNK,unseen_or_ambiguous_to_UNK,False
sub-ccepAgeUMCU72,emg+,,,UNK,unseen_or_ambiguous_to_UNK,False
sub-ccepAgeUMCU72,el093,,,UNK,unseen_or_ambiguous_to_UNK,False
sub-ccepAgeUMCU72,el094,,,UNK,unseen_or_ambiguous_to_UNK,False
sub-ccepAgeUMCU72,el095,,,UNK,unseen_or_ambiguous_to_UNK,False
sub-ccepAgeUMCU72,el096,,,UNK,unseen_or_ambiguous_to_UNK,False
sub-ccepAgeUMCU72,xxx01,,,UNK,unseen_or_ambiguous_to_UNK,False
sub-ccepAgeUMCU72,xxx02,,,UNK,unseen_or_ambiguous_to_UNK,False
sub-ccepAgeUMCU72,xxx03,,,UNK,unseen_or_ambiguous_to_UNK,False
sub-ccepAgeUMCU72,xxx04,,,UNK,unseen_or_ambiguous_to_UNK,False
sub-ccepAgeUMCU72,xxx05,,,UNK,unseen_or_ambiguous_to_UNK,False
sub-ccepAgeUMCU72,xxx06,,,UNK,unseen_or_ambiguous_to_UNK,False
sub-ccepAgeUMCU72,xxx07,,,UNK,unseen_or_ambiguous_to_UNK,False
sub-ccepAgeUMCU72,xxx08,,,UNK,unseen_or_ambiguous_to_UNK,False
sub-ccepAgeUMCU72,xxx09,,,UNK,unseen_or_ambiguous_to_UNK,False
sub-ccepAgeUMCU72,xxx10,,,UNK,unseen_or_ambiguous_to_UNK,False
sub-ccepAgeUMCU72,xxx11,,,UNK,unseen_or_ambiguous_to_UNK,False
sub-ccepAgeUMCU72,xxx12,,,UNK,unseen_or_ambiguous_to_UNK,False
sub-ccepAgeUMCU72,xxx13,,,UNK,unseen_or_ambiguous_to_UNK,False
sub-ccepAgeUMCU72,xxx14,,,UNK,unseen_or_ambiguous_to_UNK,False
sub-ccepAgeUMCU72,xxx15,,,UNK,unseen_or_ambiguous_to_UNK,False
sub-ccepAgeUMCU72,xxx16,,,UNK,unseen_or_ambiguous_to_UNK,False
sub-ccepAgeUMCU72,xxx17,,,UNK,unseen_or_ambiguous_to_UNK,False
sub-ccepAgeUMCU72,xxx18,,,UNK,unseen_or_ambiguous_to_UNK,False
sub-ccepAgeUMCU72,xxx19,,,UNK,unseen_or_ambiguous_to_UNK,False
sub-ccepAgeUMCU72,xxx20,,,UNK,unseen_or_ambiguous_to_UNK,False
sub-ccepAgeUMCU72,xxx21,,,UNK,unseen_or_ambiguous_to_UNK,False
sub-ccepAgeUMCU72,xxx22,,,UNK,unseen_or_ambiguous_to_UNK,False
sub-ccepAgeUMCU72,xxx23,,,UNK,unseen_or_ambiguous_to_UNK,False
sub-ccepAgeUMCU72,xxx24,,,UNK,unseen_or_ambiguous_to_UNK,False
sub-ccepAgeUMCU72,xxx25,,,UNK,unseen_or_ambiguous_to_UNK,False
sub-ccepAgeUMCU72,xxx26,,,UNK,unseen_or_ambiguous_to_UNK,False
sub-ccepAgeUMCU72,xxx27,,,UNK,unseen_or_ambiguous_to_UNK,False
sub-ccepAgeUMCU72,xxx28,,,UNK,unseen_or_ambiguous_to_UNK,False
sub-ccepAgeUMCU72,el125,,,UNK,unseen_or_ambiguous_to_UNK,False
sub-ccepAgeUMCU72,el126,,,UNK,unseen_or_ambiguous_to_UNK,False
sub-ccepAgeUMCU72,el127,,,UNK,unseen_or_ambiguous_to_UNK,False
sub-ccepAgeUMCU72,el128,,,UNK,unseen_or_ambiguous_to_UNK,False
sub-ccepAgeUMCU72,thor+,,,UNK,unseen_or_ambiguous_to_UNK,False
sub-ccepAgeUMCU72,abdo+,,,UNK,unseen_or_ambiguous_to_UNK,False
sub-ccepAgeUMCU72,xyz+,,,UNK,unseen_or_ambiguous_to_UNK,False
sub-ccepAgeUMCU72,MKR2+,,,UNK,unseen_or_ambiguous_to_UNK,False
sub-ccepAgeUMCU73,IH01,R,G_front_sup,rh_G_front_sup,unique_hemi_stem_match,True
sub-ccepAgeUMCU73,IH02,R,G_front_sup,rh_G_front_sup,unique_hemi_stem_match,True
sub-ccepAgeUMCU73,IH03,R,G_front_sup,rh_G_front_sup,unique_hemi_stem_match,True
sub-ccepAgeUMCU73,IH04,R,G_front_sup,rh_G_front_sup,unique_hemi_stem_match,True
sub-ccepAgeUMCU73,IH05,R,G&S_paracentral,UNK,unseen_or_ambiguous_to_UNK,False
sub-ccepAgeUMCU73,IH06,R,G&S_paracentral,UNK,unseen_or_ambiguous_to_UNK,False
sub-ccepAgeUMCU73,IH07,R,G_precuneus,rh_G_precuneus,unique_hemi_stem_match,True
sub-ccepAgeUMCU73,IH08,R,G_precuneus,rh_G_precuneus,unique_hemi_stem_match,True
sub-ccepAgeUMCU73,IH09,R,G_front_sup,rh_G_front_sup,unique_hemi_stem_match,True
sub-ccepAgeUMCU73,IH10,R,G_front_sup,rh_G_front_sup,unique_hemi_stem_match,True
sub-ccepAgeUMCU73,IH11,R,G_front_sup,rh_G_front_sup,unique_hemi_stem_match,True
sub-ccepAgeUMCU73,IH12,R,G_front_sup,rh_G_front_sup,unique_hemi_stem_match,True
sub-ccepAgeUMCU73,IH13,R,G&S_paracentral,UNK,unseen_or_ambiguous_to_UNK,False
sub-ccepAgeUMCU73,IH14,R,G_precuneus,rh_G_precuneus,unique_hemi_stem_match,True
sub-ccepAgeUMCU73,IH15,R,G_precuneus,rh_G_precuneus,unique_hemi_stem_match,True
sub-ccepAgeUMCU73,IH16,R,G_precuneus,rh_G_precuneus,unique_hemi_stem_match,True
sub-ccepAgeUMCU73,P4,,,UNK,unseen_or_ambiguous_to_UNK,False
sub-ccepAgeUMCU73,T6,,,UNK,unseen_or_ambiguous_to_UNK,False
sub-ccepAgeUMCU73,O1,,,UNK,unseen_or_ambiguous_to_UNK,False
sub-ccepAgeUMCU73,Oz,,,UNK,unseen_or_ambiguous_to_UNK,False
sub-ccepAgeUMCU73,O2,,,UNK,unseen_or_ambiguous_to_UNK,False
sub-ccepAgeUMCU73,elA22,,,UNK,unseen_or_ambiguous_to_UNK,False
sub-ccepAgeUMCU73,elA23,,,UNK,unseen_or_ambiguous_to_UNK,False
sub-ccepAgeUMCU73,elA24,,,UNK,unseen_or_ambiguous_to_UNK,False
sub-ccepAgeUMCU73,AH+,,,UNK,unseen_or_ambiguous_to_UNK,False
sub-ccepAgeUMCU73,ECG+,,,UNK,unseen_or_ambiguous_to_UNK,False
sub-ccepAgeUMCU73,orb+,,,UNK,unseen_or_ambiguous_to_UNK,False
sub-ccepAgeUMCU73,emg1+,,,UNK,unseen_or_ambiguous_to_UNK,False
sub-ccepAgeUMCU73,ECG1+,,,UNK,unseen_or_ambiguous_to_UNK,False
sub-ccepAgeUMCU73,ECG2+,,,UNK,unseen_or_ambiguous_to_UNK,False
sub-ccepAgeUMCU73,z01,,,UNK,unseen_or_ambiguous_to_UNK,False
sub-ccepAgeUMCU73,z02,,,UNK,unseen_or_ambiguous_to_UNK,False
sub-ccepAgeUMCU73,C01,R,G_front_middle,rh_G_front_middle,unique_hemi_stem_match,True
sub-ccepAgeUMCU73,C02,R,G_precentral,rh_G_precentral,unique_hemi_stem_match,True
sub-ccepAgeUMCU73,C03,R,G_postcentral,rh_G_postcentral,unique_hemi_stem_match,True
sub-ccepAgeUMCU73,C04,R,G_postcentral,rh_G_postcentral,unique_hemi_stem_match,True
sub-ccepAgeUMCU73,C05,R,G_pariet_inf-Supramar,rh_G_pariet_inf-Supramar,unique_hemi_stem_match,True
sub-ccepAgeUMCU73,C06,R,G_parietal_sup,rh_G_parietal_sup,unique_hemi_stem_match,True
sub-ccepAgeUMCU73,C07,R,G_pariet_inf-Angular,rh_G_pariet_inf-Angular,unique_hemi_stem_match,True
sub-ccepAgeUMCU73,C08,R,G_pariet_inf-Angular,rh_G_pariet_inf-Angular,unique_hemi_stem_match,True
sub-ccepAgeUMCU73,C09,R,G_front_middle,rh_G_front_middle,unique_hemi_stem_match,True
sub-ccepAgeUMCU73,C10,R,G_precentral,rh_G_precentral,unique_hemi_stem_match,True
sub-ccepAgeUMCU73,C11,R,G_postcentral,rh_G_postcentral,unique_hemi_stem_match,True
sub-ccepAgeUMCU73,C12,R,G_postcentral,rh_G_postcentral,unique_hemi_stem_match,True
sub-ccepAgeUMCU73,C13,R,G_postcentral,rh_G_postcentral,unique_hemi_stem_match,True
sub-ccepAgeUMCU73,C14,R,G_parietal_sup,rh_G_parietal_sup,unique_hemi_stem_match,True
sub-ccepAgeUMCU73,C15,R,G_parietal_sup,rh_G_parietal_sup,unique_hemi_stem_match,True
sub-ccepAgeUMCU73,C16,R,G_parietal_sup,rh_G_parietal_sup,unique_hemi_stem_match,True
sub-ccepAgeUMCU73,C17,R,G_front_middle,rh_G_front_middle,unique_hemi_stem_match,True
sub-ccepAgeUMCU73,C18,R,G_front_middle,rh_G_front_middle,unique_hemi_stem_match,True
sub-ccepAgeUMCU73,C19,R,G_precentral,rh_G_precentral,unique_hemi_stem_match,True
sub-ccepAgeUMCU73,C20,R,G_precentral,rh_G_precentral,unique_hemi_stem_match,True
sub-ccepAgeUMCU73,C21,R,G_postcentral,rh_G_postcentral,unique_hemi_stem_match,True
sub-ccepAgeUMCU73,C22,R,G_parietal_sup,rh_G_parietal_sup,unique_hemi_stem_match,True
sub-ccepAgeUMCU73,C23,R,G_parietal_sup,rh_G_parietal_sup,unique_hemi_stem_match,True
sub-ccepAgeUMCU73,C24,R,G_parietal_sup,rh_G_parietal_sup,unique_hemi_stem_match,True
sub-ccepAgeUMCU73,C25,R,G_front_sup,rh_G_front_sup,unique_hemi_stem_match,True
sub-ccepAgeUMCU73,C26,R,G_front_sup,rh_G_front_sup,unique_hemi_stem_match,True
sub-ccepAgeUMCU73,C27,R,G_front_sup,rh_G_front_sup,unique_hemi_stem_match,True
sub-ccepAgeUMCU73,C28,R,G_precentral,rh_G_precentral,unique_hemi_stem_match,True
sub-ccepAgeUMCU73,C29,R,G_postcentral,rh_G_postcentral,unique_hemi_stem_match,True
sub-ccepAgeUMCU73,C30,R,G&S_paracentral,UNK,unseen_or_ambiguous_to_UNK,False
sub-ccepAgeUMCU73,C31,R,G_parietal_sup,rh_G_parietal_sup,unique_hemi_stem_match,True
sub-ccepAgeUMCU73,C32,R,G_parietal_sup,rh_G_parietal_sup,unique_hemi_stem_match,True
sub-ccepAgeUMCU73,thor+,,,UNK,unseen_or_ambiguous_to_UNK,False
sub-ccepAgeUMCU73,abdo+,,,UNK,unseen_or_ambiguous_to_UNK,False
sub-ccepAgeUMCU73,xyz+,,,UNK,unseen_or_ambiguous_to_UNK,False
sub-ccepAgeUMCU73,MKR+,,,UNK,unseen_or_ambiguous_to_UNK,False
sub-ccepAgeUMCU74,C01,L,G_front_inf-Triangul,lh_G_front_inf-Triangul,unique_hemi_stem_match,True
sub-ccepAgeUMCU74,C02,L,G_front_inf-Triangul,lh_G_front_inf-Triangul,unique_hemi_stem_match,True
sub-ccepAgeUMCU74,C03,L,G_precentral,lh_G_precentral,unique_hemi_stem_match,True
sub-ccepAgeUMCU74,C04,L,G_postcentral,lh_G_postcentral,unique_hemi_stem_match,True
sub-ccepAgeUMCU74,C05,L,G_postcentral,lh_G_postcentral,unique_hemi_stem_match,True
sub-ccepAgeUMCU74,C06,L,G_pariet_inf-Supramar,lh_G_pariet_inf-Supramar,unique_hemi_stem_match,True
sub-ccepAgeUMCU74,C07,L,G_pariet_inf-Supramar,lh_G_pariet_inf-Supramar,unique_hemi_stem_match,True
sub-ccepAgeUMCU74,C08,L,G_pariet_inf-Supramar,lh_G_pariet_inf-Supramar,unique_hemi_stem_match,True
sub-ccepAgeUMCU74,C09,L,G_front_middle,lh_G_front_middle,unique_hemi_stem_match,True
sub-ccepAgeUMCU74,C10,L,G_front_middle,lh_G_front_middle,unique_hemi_stem_match,True
sub-ccepAgeUMCU74,C11,L,G_front_middle,lh_G_front_middle,unique_hemi_stem_match,True
sub-ccepAgeUMCU74,C12,L,G_postcentral,lh_G_postcentral,unique_hemi_stem_match,True
sub-ccepAgeUMCU74,C13,L,G_postcentral,lh_G_postcentral,unique_hemi_stem_match,True
sub-ccepAgeUMCU74,C14,L,G_postcentral,lh_G_postcentral,unique_hemi_stem_match,True
sub-ccepAgeUMCU74,C15,L,G_pariet_inf-Supramar,lh_G_pariet_inf-Supramar,unique_hemi_stem_match,True
sub-ccepAgeUMCU74,C16,L,G_pariet_inf-Angular,UNK,unseen_or_ambiguous_to_UNK,False
sub-ccepAgeUMCU74,C17,L,S_front_sup,lh_S_front_sup,unique_hemi_stem_match,True
sub-ccepAgeUMCU74,C18,L,G_front_middle,lh_G_front_middle,unique_hemi_stem_match,True
sub-ccepAgeUMCU74,C19,L,G_front_middle,lh_G_front_middle,unique_hemi_stem_match,True
sub-ccepAgeUMCU74,C20,L,S_precentral-inf-part,lh_S_precentral-inf-part,unique_hemi_stem_match,True
sub-ccepAgeUMCU74,C21,L,G_precentral,lh_G_precentral,unique_hemi_stem_match,True
sub-ccepAgeUMCU74,C22,L,G_postcentral,lh_G_postcentral,unique_hemi_stem_match,True
sub-ccepAgeUMCU74,C23,L,G_postcentral,lh_G_postcentral,unique_hemi_stem_match,True
sub-ccepAgeUMCU74,C24,L,G_parietal_sup,UNK,unseen_or_ambiguous_to_UNK,False
sub-ccepAgeUMCU74,C25,L,S_front_sup,lh_S_front_sup,unique_hemi_stem_match,True
sub-ccepAgeUMCU74,C26,L,G_front_middle,lh_G_front_middle,unique_hemi_stem_match,True
sub-ccepAgeUMCU74,C27,L,G_front_middle,lh_G_front_middle,unique_hemi_stem_match,True
sub-ccepAgeUMCU74,C28,L,G_front_middle,lh_G_front_middle,unique_hemi_stem_match,True
sub-ccepAgeUMCU74,C29,L,G_precentral,lh_G_precentral,unique_hemi_stem_match,True
sub-ccepAgeUMCU74,C30,L,G_precentral,lh_G_precentral,unique_hemi_stem_match,True
sub-ccepAgeUMCU74,C31,L,G_postcentral,lh_G_postcentral,unique_hemi_stem_match,True
sub-ccepAgeUMCU74,C32,L,S_postcentral,lh_S_postcentral,unique_hemi_stem_match,True
sub-ccepAgeUMCU74,C33,L,G_front_sup,lh_G_front_sup,unique_hemi_stem_match,True
sub-ccepAgeUMCU74,C34,L,G_front_middle,lh_G_front_middle,unique_hemi_stem_match,True
sub-ccepAgeUMCU74,C35,L,G_front_middle,lh_G_front_middle,unique_hemi_stem_match,True
sub-ccepAgeUMCU74,C36,L,G_front_middle,lh_G_front_middle,unique_hemi_stem_match,True
sub-ccepAgeUMCU74,C37,L,G_precentral,lh_G_precentral,unique_hemi_stem_match,True
sub-ccepAgeUMCU74,C38,L,G_precentral,lh_G_precentral,unique_hemi_stem_match,True
sub-ccepAgeUMCU74,C39,L,G_postcentral,lh_G_postcentral,unique_hemi_stem_match,True
sub-ccepAgeUMCU74,C40,L,G_postcentral,lh_G_postcentral,unique_hemi_stem_match,True
sub-ccepAgeUMCU74,C41,L,G_front_sup,lh_G_front_sup,unique_hemi_stem_match,True
sub-ccepAgeUMCU74,C42,L,G_front_sup,lh_G_front_sup,unique_hemi_stem_match,True
sub-ccepAgeUMCU74,C43,L,G_front_sup,lh_G_front_sup,unique_hemi_stem_match,True
sub-ccepAgeUMCU74,C44,L,G_front_sup,lh_G_front_sup,unique_hemi_stem_match,True
sub-ccepAgeUMCU74,C45,L,G_front_sup,lh_G_front_sup,unique_hemi_stem_match,True
sub-ccepAgeUMCU74,C46,L,G&S_paracentral,UNK,unseen_or_ambiguous_to_UNK,False
sub-ccepAgeUMCU74,C47,L,G&S_paracentral,UNK,unseen_or_ambiguous_to_UNK,False
sub-ccepAgeUMCU74,C48,L,G&S_paracentral,UNK,unseen_or_ambiguous_to_UNK,False
sub-ccepAgeUMCU74,C49,L,G_pariet_inf-Angular,UNK,unseen_or_ambiguous_to_UNK,False
sub-ccepAgeUMCU74,C50,L,G_pariet_inf-Supramar,lh_G_pariet_inf-Supramar,unique_hemi_stem_match,True
sub-ccepAgeUMCU74,C51,L,G_pariet_inf-Supramar,lh_G_pariet_inf-Supramar,unique_hemi_stem_match,True
sub-ccepAgeUMCU74,C52,L,G_pariet_inf-Supramar,lh_G_pariet_inf-Supramar,unique_hemi_stem_match,True
sub-ccepAgeUMCU74,C53,L,G&S_subcentral,UNK,unseen_or_ambiguous_to_UNK,False
sub-ccepAgeUMCU74,C54,L,G&S_subcentral,UNK,unseen_or_ambiguous_to_UNK,False
sub-ccepAgeUMCU74,C55,L,G&S_subcentral,UNK,unseen_or_ambiguous_to_UNK,False
sub-ccepAgeUMCU74,C56,L,G&S_subcentral,UNK,unseen_or_ambiguous_to_UNK,False
sub-ccepAgeUMCU74,C57,L,G_pariet_inf-Supramar,lh_G_pariet_inf-Supramar,unique_hemi_stem_match,True
sub-ccepAgeUMCU74,C58,L,G_temporal_middle,lh_G_temporal_middle,unique_hemi_stem_match,True
sub-ccepAgeUMCU74,C59,L,G_temp_sup-Lateral,lh_G_temp_sup-Lateral,unique_hemi_stem_match,True
sub-ccepAgeUMCU74,C60,L,G_temp_sup-Lateral,lh_G_temp_sup-Lateral,unique_hemi_stem_match,True
sub-ccepAgeUMCU74,C61,L,G_temp_sup-Lateral,lh_G_temp_sup-Lateral,unique_hemi_stem_match,True
sub-ccepAgeUMCU74,C62,L,G_temp_sup-Lateral,lh_G_temp_sup-Lateral,unique_hemi_stem_match,True
sub-ccepAgeUMCU74,C63,L,G_temp_sup-Lateral,lh_G_temp_sup-Lateral,unique_hemi_stem_match,True
sub-ccepAgeUMCU74,C64,L,G_temp_sup-Lateral,lh_G_temp_sup-Lateral,unique_hemi_stem_match,True
sub-ccepAgeUMCU74,MKR1+,,,UNK,unseen_or_ambiguous_to_UNK,False
sub-ccepAgeUMCU74,D1,L,S_pericallosal,UNK,unseen_or_ambiguous_to_UNK,False
sub-ccepAgeUMCU74,D2,L,S_central,lh_S_central,unique_hemi_stem_match,True
sub-ccepAgeUMCU74,D3,L,S_circular_insula_sup,lh_S_circular_insula_sup,unique_hemi_stem_match,True
sub-ccepAgeUMCU74,D4,L,S_circular_insula_sup,lh_S_circular_insula_sup,unique_hemi_stem_match,True
sub-ccepAgeUMCU74,D5,L,S_circular_insula_sup,lh_S_circular_insula_sup,unique_hemi_stem_match,True
sub-ccepAgeUMCU74,D6,L,S_circular_insula_sup,lh_S_circular_insula_sup,unique_hemi_stem_match,True
sub-ccepAgeUMCU74,D7,L,S_central,lh_S_central,unique_hemi_stem_match,True
sub-ccepAgeUMCU74,D8,L,S_central,lh_S_central,unique_hemi_stem_match,True
sub-ccepAgeUMCU74,PHL9,,,UNK,unseen_or_ambiguous_to_UNK,False
sub-ccepAgeUMCU74,PHL10,,,UNK,unseen_or_ambiguous_to_UNK,False
sub-ccepAgeUMCU74,PHL11,,,UNK,unseen_or_ambiguous_to_UNK,False
sub-ccepAgeUMCU74,PHL12,,,UNK,unseen_or_ambiguous_to_UNK,False
sub-ccepAgeUMCU74,xx3,,,UNK,unseen_or_ambiguous_to_UNK,False
sub-ccepAgeUMCU74,xx4,,,UNK,unseen_or_ambiguous_to_UNK,False
sub-ccepAgeUMCU74,xx5,,,UNK,unseen_or_ambiguous_to_UNK,False
sub-ccepAgeUMCU74,xx6,,,UNK,unseen_or_ambiguous_to_UNK,False
sub-ccepAgeUMCU74,xx7,,,UNK,unseen_or_ambiguous_to_UNK,False
sub-ccepAgeUMCU74,xx8,,,UNK,unseen_or_ambiguous_to_UNK,False
sub-ccepAgeUMCU74,xx9,,,UNK,unseen_or_ambiguous_to_UNK,False
sub-ccepAgeUMCU74,xx10,,,UNK,unseen_or_ambiguous_to_UNK,False
sub-ccepAgeUMCU74,xx11,,,UNK,unseen_or_ambiguous_to_UNK,False
sub-ccepAgeUMCU74,xx12,,,UNK,unseen_or_ambiguous_to_UNK,False
sub-ccepAgeUMCU74,xx13,,,UNK,unseen_or_ambiguous_to_UNK,False
sub-ccepAgeUMCU74,xx14,,,UNK,unseen_or_ambiguous_to_UNK,False
sub-ccepAgeUMCU74,ecg+,,,UNK,unseen_or_ambiguous_to_UNK,False
sub-ccepAgeUMCU74,ah+,,,UNK,unseen_or_ambiguous_to_UNK,False
sub-ccepAgeUMCU74,orb+,,,UNK,unseen_or_ambiguous_to_UNK,False
sub-ccepAgeUMCU74,emg+,,,UNK,unseen_or_ambiguous_to_UNK,False
sub-ccepAgeUMCU74,el093,,,UNK,unseen_or_ambiguous_to_UNK,False
sub-ccepAgeUMCU74,el094,,,UNK,unseen_or_ambiguous_to_UNK,False
sub-ccepAgeUMCU74,el095,,,UNK,unseen_or_ambiguous_to_UNK,False
sub-ccepAgeUMCU74,el096,,,UNK,unseen_or_ambiguous_to_UNK,False
sub-ccepAgeUMCU74,x1,,,UNK,unseen_or_ambiguous_to_UNK,False
sub-ccepAgeUMCU74,x2,,,UNK,unseen_or_ambiguous_to_UNK,False
sub-ccepAgeUMCU74,x3,,,UNK,unseen_or_ambiguous_to_UNK,False
sub-ccepAgeUMCU74,x4,,,UNK,unseen_or_ambiguous_to_UNK,False
sub-ccepAgeUMCU74,x5,,,UNK,unseen_or_ambiguous_to_UNK,False
sub-ccepAgeUMCU74,x6,,,UNK,unseen_or_ambiguous_to_UNK,False
sub-ccepAgeUMCU74,x7,,,UNK,unseen_or_ambiguous_to_UNK,False
sub-ccepAgeUMCU74,x8,,,UNK,unseen_or_ambiguous_to_UNK,False
sub-ccepAgeUMCU74,x9,,,UNK,unseen_or_ambiguous_to_UNK,False
sub-ccepAgeUMCU74,x10,,,UNK,unseen_or_ambiguous_to_UNK,False
sub-ccepAgeUMCU74,x11,,,UNK,unseen_or_ambiguous_to_UNK,False
sub-ccepAgeUMCU74,x12,,,UNK,unseen_or_ambiguous_to_UNK,False
sub-ccepAgeUMCU74,x13,,,UNK,unseen_or_ambiguous_to_UNK,False
sub-ccepAgeUMCU74,x14,,,UNK,unseen_or_ambiguous_to_UNK,False
sub-ccepAgeUMCU74,x15,,,UNK,unseen_or_ambiguous_to_UNK,False
sub-ccepAgeUMCU74,x16,,,UNK,unseen_or_ambiguous_to_UNK,False
sub-ccepAgeUMCU74,x17,,,UNK,unseen_or_ambiguous_to_UNK,False
sub-ccepAgeUMCU74,x18,,,UNK,unseen_or_ambiguous_to_UNK,False
sub-ccepAgeUMCU74,x19,,,UNK,unseen_or_ambiguous_to_UNK,False
sub-ccepAgeUMCU74,x20,,,UNK,unseen_or_ambiguous_to_UNK,False
sub-ccepAgeUMCU74,x21,,,UNK,unseen_or_ambiguous_to_UNK,False
sub-ccepAgeUMCU74,x22,,,UNK,unseen_or_ambiguous_to_UNK,False
sub-ccepAgeUMCU74,x23,,,UNK,unseen_or_ambiguous_to_UNK,False
sub-ccepAgeUMCU74,x24,,,UNK,unseen_or_ambiguous_to_UNK,False
sub-ccepAgeUMCU74,x25,,,UNK,unseen_or_ambiguous_to_UNK,False
sub-ccepAgeUMCU74,x26,,,UNK,unseen_or_ambiguous_to_UNK,False
sub-ccepAgeUMCU74,x27,,,UNK,unseen_or_ambiguous_to_UNK,False
sub-ccepAgeUMCU74,x28,,,UNK,unseen_or_ambiguous_to_UNK,False
sub-ccepAgeUMCU74,x29,,,UNK,unseen_or_ambiguous_to_UNK,False
sub-ccepAgeUMCU74,x30,,,UNK,unseen_or_ambiguous_to_UNK,False
sub-ccepAgeUMCU74,x31,,,UNK,unseen_or_ambiguous_to_UNK,False
sub-ccepAgeUMCU74,x32,,,UNK,unseen_or_ambiguous_to_UNK,False
sub-ccepAgeUMCU74,thor+,,,UNK,unseen_or_ambiguous_to_UNK,False
sub-ccepAgeUMCU74,abdo+,,,UNK,unseen_or_ambiguous_to_UNK,False
sub-ccepAgeUMCU74,xyz+,,,UNK,unseen_or_ambiguous_to_UNK,False
sub-ccepAgeUMCU74,MKR2+,,,UNK,unseen_or_ambiguous_to_UNK,False
